case_name,source,source_id,formula,property,semantic,value_json,unit,context_json,provenance_json,limitations_json,record_item_id
mos2-band-gap,aflow,aflowlib.duke.edu:AFLOWDATA/ICSD_WEB/HEX/Mo1S2_ICSD_49801,Mo2S4,band_gap_eV,electronic_band_gap,1.2384,eV,"{""code"":null,""dimensionality"":null,""functional"":null,""gap_character"":null,""gap_observable_level"":null,""geometry_state"":null,""hubbard_u_eV"":{""j_eV"":[0,0],""orbital_l"":[2,0],""source_type"":2,""species"":[""Mo"",""S""],""u_eV"":[2.4,0]},""magnetic_configuration"":null,""method_family"":""DFT"",""modality"":null,""pressure_GPa"":null,""relativity_method"":null,""soc"":null,""spin"":null,""strain_state"":null,""temperature_K"":null,""workflow"":""AFLOW automated calculation""}","{""citation"":null,""endpoint"":""https://aflow.org/API/aflux"",""evidence_source"":""aflow"",""evidence_source_id"":""aflowlib.duke.edu:AFLOWDATA/ICSD_WEB/HEX/Mo1S2_ICSD_49801"",""link"":""https://aflowlib.duke.edu/AFLOWDATA/ICSD_WEB/HEX/Mo1S2_ICSD_49801"",""native_field"":""Egap"",""native_semantic"":""electronic_band_gap"",""origin"":""aflow_aflux"",""raw_unit"":""eV"",""raw_value"":1.2384,""retrieved_at"":""2026-08-09T20:08:21.825309+00:00"",""source_native_method_context"":{""dft_type"":[""PAW_PBE""],""ldau_j"":[0,0],""ldau_l"":[2,0],""ldau_type"":2,""ldau_u"":[2.4,0]}}","[""code_functional_and_soc_are_not_canonicalized_from_the_aflux_record""]",sha256:0095886775844406b5f041ab1caef2896ffcbcdc83b320d43272a19b33767bd3
mos2-band-gap,alexandria,agm005276747,MoS2,band_gap_eV,electronic_band_gap,0.0,eV,"{""code"":null,""dimensionality"":null,""functional"":null,""gap_character"":null,""gap_observable_level"":null,""geometry_state"":null,""hubbard_u_eV"":null,""magnetic_configuration"":null,""method_family"":null,""modality"":null,""pressure_GPa"":null,""relativity_method"":null,""soc"":null,""spin"":null,""strain_state"":null,""temperature_K"":null,""workflow"":null}","{""citation"":null,""endpoint"":""https://alexandria.icams.rub.de"",""evidence_source"":""alexandria"",""evidence_source_id"":""agm005276747"",""link"":""https://alexandria.icams.rub.de"",""native_field"":""band_gap_ind"",""origin"":""alexandria_public_website"",""raw_unit"":""eV"",""raw_value"":0.0,""retrieved_at"":""2026-08-09T20:08:16.987536+00:00""}","[""functional_not_provided_by_public_website""]",sha256:02fc1d652f07c7dc2aa97bd954d1ac4af0e372d6404c398fcc784300bce3dfac
mos2-band-gap,alexandria,agm005276747,MoS2,energy_above_hull_eV,energy_above_convex_hull_per_atom,0.27922624,eV/atom,"{""code"":null,""corrections"":null,""dimensionality"":null,""functional"":null,""geometry_state"":null,""hubbard_u_eV"":null,""hull_construction"":null,""magnetic_configuration"":null,""method_family"":null,""pressure_GPa"":null,""reference_state"":null,""spin"":null,""strain_state"":null,""temperature_K"":null,""thermodynamic_ensemble"":null,""workflow"":null}","{""citation"":null,""endpoint"":""https://alexandria.icams.rub.de"",""evidence_source"":""alexandria"",""evidence_source_id"":""agm005276747"",""link"":""https://alexandria.icams.rub.de"",""native_field"":""e_above_hull"",""origin"":""alexandria_public_website"",""raw_unit"":""eV/atom"",""raw_value"":0.27922624,""retrieved_at"":""2026-08-09T20:08:16.987536+00:00""}","[""functional_not_provided_by_public_website""]",sha256:02fc1d652f07c7dc2aa97bd954d1ac4af0e372d6404c398fcc784300bce3dfac
mos2-band-gap,oqmd,1440942,MoS2,band_gap_eV,electronic_band_gap,5.306,eV,"{""code"":null,""dimensionality"":null,""functional"":null,""gap_character"":null,""gap_observable_level"":null,""geometry_state"":null,""hubbard_u_eV"":null,""magnetic_configuration"":null,""method_family"":null,""modality"":null,""pressure_GPa"":null,""relativity_method"":null,""soc"":null,""spin"":null,""strain_state"":null,""temperature_K"":null,""workflow"":null}","{""citation"":null,""native_field"":""band_gap"",""origin"":""oqmd_formationenergy_search"",""raw_unit"":""eV"",""raw_value"":5.306,""retrieved_at"":""2026-08-09T20:08:26.156531+00:00""}","[""scientific_context_not_reported_by_oqmd_endpoint""]",sha256:12bb2fd82abdf3a7dfc83d50add5371922317f9671ff2ea700e8eb90ce816d16
mos2-band-gap,oqmd,1440942,MoS2,energy_above_hull_eV,energy_above_convex_hull_per_atom,0.5885321016666663,eV/atom,"{""code"":null,""corrections"":null,""dimensionality"":null,""functional"":null,""geometry_state"":null,""hubbard_u_eV"":null,""hull_construction"":null,""magnetic_configuration"":null,""method_family"":null,""pressure_GPa"":null,""reference_state"":null,""spin"":null,""strain_state"":null,""temperature_K"":null,""thermodynamic_ensemble"":null,""workflow"":null}","{""citation"":null,""native_field"":""stability"",""origin"":""oqmd_formationenergy_search"",""raw_unit"":""eV/atom"",""raw_value"":0.5885321016666663,""retrieved_at"":""2026-08-09T20:08:26.156531+00:00""}","[""scientific_context_not_reported_by_oqmd_endpoint""]",sha256:12bb2fd82abdf3a7dfc83d50add5371922317f9671ff2ea700e8eb90ce816d16
mos2-band-gap,oqmd,1440942,MoS2,formation_energy_per_atom_eV,formation_energy_per_atom,-0.4726478193422376,eV/atom,"{""code"":null,""corrections"":null,""dimensionality"":null,""functional"":null,""geometry_state"":null,""hubbard_u_eV"":null,""magnetic_configuration"":null,""method_family"":null,""pressure_GPa"":null,""reference_state"":null,""spin"":null,""strain_state"":null,""temperature_K"":null,""workflow"":null}","{""citation"":null,""native_field"":""delta_e"",""origin"":""oqmd_formationenergy_search"",""raw_unit"":""eV/atom"",""raw_value"":-0.4726478193422376,""retrieved_at"":""2026-08-09T20:08:26.156531+00:00""}","[""scientific_context_not_reported_by_oqmd_endpoint""]",sha256:12bb2fd82abdf3a7dfc83d50add5371922317f9671ff2ea700e8eb90ce816d16
mos2-band-gap,alexandria,agm005429498,MoS2,band_gap_eV,electronic_band_gap,0.0463,eV,"{""code"":null,""dimensionality"":null,""functional"":null,""gap_character"":null,""gap_observable_level"":null,""geometry_state"":null,""hubbard_u_eV"":null,""magnetic_configuration"":null,""method_family"":null,""modality"":null,""pressure_GPa"":null,""relativity_method"":null,""soc"":null,""spin"":null,""strain_state"":null,""temperature_K"":null,""workflow"":null}","{""citation"":null,""endpoint"":""https://alexandria.icams.rub.de"",""evidence_source"":""alexandria"",""evidence_source_id"":""agm005429498"",""link"":""https://alexandria.icams.rub.de"",""native_field"":""band_gap_ind"",""origin"":""alexandria_public_website"",""raw_unit"":""eV"",""raw_value"":0.0463,""retrieved_at"":""2026-08-09T20:08:16.987780+00:00""}","[""functional_not_provided_by_public_website""]",sha256:15288e799a5d2327e554a2194fc5d6960a05374d7ee4106c178ffa3e2f851f54
mos2-band-gap,alexandria,agm005429498,MoS2,energy_above_hull_eV,energy_above_convex_hull_per_atom,0.6447464,eV/atom,"{""code"":null,""corrections"":null,""dimensionality"":null,""functional"":null,""geometry_state"":null,""hubbard_u_eV"":null,""hull_construction"":null,""magnetic_configuration"":null,""method_family"":null,""pressure_GPa"":null,""reference_state"":null,""spin"":null,""strain_state"":null,""temperature_K"":null,""thermodynamic_ensemble"":null,""workflow"":null}","{""citation"":null,""endpoint"":""https://alexandria.icams.rub.de"",""evidence_source"":""alexandria"",""evidence_source_id"":""agm005429498"",""link"":""https://alexandria.icams.rub.de"",""native_field"":""e_above_hull"",""origin"":""alexandria_public_website"",""raw_unit"":""eV/atom"",""raw_value"":0.6447464,""retrieved_at"":""2026-08-09T20:08:16.987780+00:00""}","[""functional_not_provided_by_public_website""]",sha256:15288e799a5d2327e554a2194fc5d6960a05374d7ee4106c178ffa3e2f851f54
mos2-band-gap,jarvis_dft,JVASP-228#field=mbj_bandgap,MoS2,band_gap_eV,electronic_band_gap,0.0,eV,"{""code"":null,""dimensionality"":""2D-bulk"",""functional"":""MBJ"",""gap_character"":null,""gap_observable_level"":null,""geometry_state"":null,""hubbard_u_eV"":null,""magnetic_configuration"":null,""method_family"":""DFT"",""modality"":null,""pressure_GPa"":null,""relativity_method"":null,""soc"":null,""spin"":null,""strain_state"":null,""temperature_K"":null,""workflow"":null}","{""citation"":null,""dataset_snapshot"":{""data_url"":""https://ndownloader.figshare.com/files/38521619"",""figshare_file_id"":""38521619"",""filename"":""jdft_3d-12-12-2022.json"",""fixed_default"":true,""id"":""dft_3d_2022-12-12"",""snapshot_date"":""2022-12-12""},""evidence_source"":""jarvis_dft"",""evidence_source_id"":""JVASP-228#field=mbj_bandgap"",""link"":""<a href=https://www.ctcms.nist.gov/~knc6/static/JARVIS-DFT/JVASP-228.xml target='_blank' >JVASP-228</a>"",""native_field"":""mbj_bandgap"",""origin"":""jarvis_dft_summary"",""raw_unit"":""eV"",""raw_value"":0.0,""retrieved_at"":""2026-08-09T20:08:43.699920+00:00"",""selection"":{""reason"":""multiple_source_observations"",""status"":""unselected""}}","[""multiple_functional_band_gaps_preserved_without_primary""]",sha256:18220e22aea0e06655a650253c87eee14260b38d899e7b0e34f2f700af784c2b
mos2-band-gap,jarvis_dft,JVASP-228#field=optb88vdw_bandgap,MoS2,band_gap_eV,electronic_band_gap,0.0,eV,"{""code"":null,""dimensionality"":""2D-bulk"",""functional"":""OptB88vdW"",""gap_character"":null,""gap_observable_level"":null,""geometry_state"":null,""hubbard_u_eV"":null,""magnetic_configuration"":null,""method_family"":""DFT"",""modality"":null,""pressure_GPa"":null,""relativity_method"":null,""soc"":null,""spin"":null,""strain_state"":null,""temperature_K"":null,""workflow"":null}","{""citation"":null,""dataset_snapshot"":{""data_url"":""https://ndownloader.figshare.com/files/38521619"",""figshare_file_id"":""38521619"",""filename"":""jdft_3d-12-12-2022.json"",""fixed_default"":true,""id"":""dft_3d_2022-12-12"",""snapshot_date"":""2022-12-12""},""evidence_source"":""jarvis_dft"",""evidence_source_id"":""JVASP-228#field=optb88vdw_bandgap"",""link"":""<a href=https://www.ctcms.nist.gov/~knc6/static/JARVIS-DFT/JVASP-228.xml target='_blank' >JVASP-228</a>"",""native_field"":""optb88vdw_bandgap"",""origin"":""jarvis_dft_summary"",""raw_unit"":""eV"",""raw_value"":0.0,""retrieved_at"":""2026-08-09T20:08:43.699920+00:00"",""selection"":{""reason"":""multiple_source_observations"",""status"":""unselected""}}","[""multiple_functional_band_gaps_preserved_without_primary""]",sha256:18220e22aea0e06655a650253c87eee14260b38d899e7b0e34f2f700af784c2b
mos2-band-gap,jarvis_dft,JVASP-228,MoS2,energy_above_hull_eV,energy_above_convex_hull_per_atom,0.2625,eV/atom,"{""code"":null,""corrections"":null,""dimensionality"":""2D-bulk"",""functional"":""OptB88vdW"",""geometry_state"":null,""hubbard_u_eV"":null,""hull_construction"":null,""magnetic_configuration"":null,""method_family"":""DFT"",""pressure_GPa"":null,""reference_state"":null,""spin"":null,""strain_state"":null,""temperature_K"":null,""thermodynamic_ensemble"":null,""workflow"":null}","{""citation"":null,""dataset_snapshot"":{""data_url"":""https://ndownloader.figshare.com/files/38521619"",""figshare_file_id"":""38521619"",""filename"":""jdft_3d-12-12-2022.json"",""fixed_default"":true,""id"":""dft_3d_2022-12-12"",""snapshot_date"":""2022-12-12""},""link"":""<a href=https://www.ctcms.nist.gov/~knc6/static/JARVIS-DFT/JVASP-228.xml target='_blank' >JVASP-228</a>"",""native_field"":""ehull"",""origin"":""jarvis_dft_summary"",""raw_unit"":""eV/atom"",""raw_value"":0.2625,""retrieved_at"":""2026-08-09T20:08:43.699920+00:00""}","[""thermodynamic_reference_and_hull_context_not_reported""]",sha256:18220e22aea0e06655a650253c87eee14260b38d899e7b0e34f2f700af784c2b
mos2-band-gap,jarvis_dft,JVASP-228,MoS2,formation_energy_per_atom_eV,formation_energy_per_atom,-0.69909,eV/atom,"{""code"":null,""corrections"":null,""dimensionality"":""2D-bulk"",""functional"":""OptB88vdW"",""geometry_state"":null,""hubbard_u_eV"":null,""magnetic_configuration"":null,""method_family"":""DFT"",""pressure_GPa"":null,""reference_state"":null,""spin"":null,""strain_state"":null,""temperature_K"":null,""workflow"":null}","{""citation"":null,""dataset_snapshot"":{""data_url"":""https://ndownloader.figshare.com/files/38521619"",""figshare_file_id"":""38521619"",""filename"":""jdft_3d-12-12-2022.json"",""fixed_default"":true,""id"":""dft_3d_2022-12-12"",""snapshot_date"":""2022-12-12""},""link"":""<a href=https://www.ctcms.nist.gov/~knc6/static/JARVIS-DFT/JVASP-228.xml target='_blank' >JVASP-228</a>"",""native_field"":""formation_energy_peratom"",""origin"":""jarvis_dft_summary"",""raw_unit"":""eV/atom"",""raw_value"":-0.69909,""retrieved_at"":""2026-08-09T20:08:43.699920+00:00""}","[""thermodynamic_reference_and_hull_context_not_reported""]",sha256:18220e22aea0e06655a650253c87eee14260b38d899e7b0e34f2f700af784c2b
mos2-band-gap,oqmd,1443504,MoS2,band_gap_eV,electronic_band_gap,1.947,eV,"{""code"":null,""dimensionality"":null,""functional"":null,""gap_character"":null,""gap_observable_level"":null,""geometry_state"":null,""hubbard_u_eV"":null,""magnetic_configuration"":null,""method_family"":null,""modality"":null,""pressure_GPa"":null,""relativity_method"":null,""soc"":null,""spin"":null,""strain_state"":null,""temperature_K"":null,""workflow"":null}","{""citation"":null,""native_field"":""band_gap"",""origin"":""oqmd_formationenergy_search"",""raw_unit"":""eV"",""raw_value"":1.947,""retrieved_at"":""2026-08-09T20:08:26.156372+00:00""}","[""scientific_context_not_reported_by_oqmd_endpoint""]",sha256:1a7ca080801a27f60cbb09bed6ea0fc2de00ecd2a64e52be2e1d760500998607
mos2-band-gap,oqmd,1443504,MoS2,energy_above_hull_eV,energy_above_convex_hull_per_atom,0.0023943450000039057,eV/atom,"{""code"":null,""corrections"":null,""dimensionality"":null,""functional"":null,""geometry_state"":null,""hubbard_u_eV"":null,""hull_construction"":null,""magnetic_configuration"":null,""method_family"":null,""pressure_GPa"":null,""reference_state"":null,""spin"":null,""strain_state"":null,""temperature_K"":null,""thermodynamic_ensemble"":null,""workflow"":null}","{""citation"":null,""native_field"":""stability"",""origin"":""oqmd_formationenergy_search"",""raw_unit"":""eV/atom"",""raw_value"":0.0023943450000039057,""retrieved_at"":""2026-08-09T20:08:26.156372+00:00""}","[""scientific_context_not_reported_by_oqmd_endpoint""]",sha256:1a7ca080801a27f60cbb09bed6ea0fc2de00ecd2a64e52be2e1d760500998607
mos2-band-gap,oqmd,1443504,MoS2,formation_energy_per_atom_eV,formation_energy_per_atom,-1.0587855760089,eV/atom,"{""code"":null,""corrections"":null,""dimensionality"":null,""functional"":null,""geometry_state"":null,""hubbard_u_eV"":null,""magnetic_configuration"":null,""method_family"":null,""pressure_GPa"":null,""reference_state"":null,""spin"":null,""strain_state"":null,""temperature_K"":null,""workflow"":null}","{""citation"":null,""native_field"":""delta_e"",""origin"":""oqmd_formationenergy_search"",""raw_unit"":""eV/atom"",""raw_value"":-1.0587855760089,""retrieved_at"":""2026-08-09T20:08:26.156372+00:00""}","[""scientific_context_not_reported_by_oqmd_endpoint""]",sha256:1a7ca080801a27f60cbb09bed6ea0fc2de00ecd2a64e52be2e1d760500998607
mos2-band-gap,aflow,aflowlib.duke.edu:AFLOWDATA/ICSD_WEB/HEX/Mo1S2_ICSD_24000,Mo2S4,band_gap_eV,electronic_band_gap,1.253,eV,"{""code"":null,""dimensionality"":null,""functional"":null,""gap_character"":null,""gap_observable_level"":null,""geometry_state"":null,""hubbard_u_eV"":{""j_eV"":[0,0],""orbital_l"":[2,0],""source_type"":2,""species"":[""Mo"",""S""],""u_eV"":[2.4,0]},""magnetic_configuration"":null,""method_family"":""DFT"",""modality"":null,""pressure_GPa"":null,""relativity_method"":null,""soc"":null,""spin"":null,""strain_state"":null,""temperature_K"":null,""workflow"":""AFLOW automated calculation""}","{""citation"":null,""endpoint"":""https://aflow.org/API/aflux"",""evidence_source"":""aflow"",""evidence_source_id"":""aflowlib.duke.edu:AFLOWDATA/ICSD_WEB/HEX/Mo1S2_ICSD_24000"",""link"":""https://aflowlib.duke.edu/AFLOWDATA/ICSD_WEB/HEX/Mo1S2_ICSD_24000"",""native_field"":""Egap"",""native_semantic"":""electronic_band_gap"",""origin"":""aflow_aflux"",""raw_unit"":""eV"",""raw_value"":1.253,""retrieved_at"":""2026-08-09T20:08:21.825266+00:00"",""source_native_method_context"":{""dft_type"":[""PAW_PBE""],""ldau_j"":[0,0],""ldau_l"":[2,0],""ldau_type"":2,""ldau_u"":[2.4,0]}}","[""code_functional_and_soc_are_not_canonicalized_from_the_aflux_record""]",sha256:1cb6af0abfd966216ad8c6dde1a610ef0b65f16fa08fcaca4107f2b59420ae65
mos2-band-gap,aflow,aflowlib.duke.edu:AFLOWDATA/ICSD_WEB/HEX/Mo1S2_ICSD_105091,Mo2S4,band_gap_eV,electronic_band_gap,1.195,eV,"{""code"":null,""dimensionality"":null,""functional"":null,""gap_character"":null,""gap_observable_level"":null,""geometry_state"":null,""hubbard_u_eV"":{""j_eV"":[0,0],""orbital_l"":[2,0],""source_type"":2,""species"":[""Mo"",""S""],""u_eV"":[2.4,0]},""magnetic_configuration"":null,""method_family"":""DFT"",""modality"":null,""pressure_GPa"":null,""relativity_method"":null,""soc"":null,""spin"":null,""strain_state"":null,""temperature_K"":null,""workflow"":""AFLOW automated calculation""}","{""citation"":null,""endpoint"":""https://aflow.org/API/aflux"",""evidence_source"":""aflow"",""evidence_source_id"":""aflowlib.duke.edu:AFLOWDATA/ICSD_WEB/HEX/Mo1S2_ICSD_105091"",""link"":""https://aflowlib.duke.edu/AFLOWDATA/ICSD_WEB/HEX/Mo1S2_ICSD_105091"",""native_field"":""Egap"",""native_semantic"":""electronic_band_gap"",""origin"":""aflow_aflux"",""raw_unit"":""eV"",""raw_value"":1.195,""retrieved_at"":""2026-08-09T20:08:21.825222+00:00"",""source_native_method_context"":{""dft_type"":[""PAW_PBE""],""ldau_j"":[0,0],""ldau_l"":[2,0],""ldau_type"":2,""ldau_u"":[2.4,0]}}","[""code_functional_and_soc_are_not_canonicalized_from_the_aflux_record""]",sha256:1e17d7c46ed6e57cae8f634b58fd423c57901eedbdeaffb3aa3ea954e9f3f602
mos2-band-gap,aflow,aflowlib.duke.edu:AFLOWDATA/ICSD_WEB/HEX/Mo1S2_ICSD_84180,Mo2S4,band_gap_eV,electronic_band_gap,1.2417,eV,"{""code"":null,""dimensionality"":null,""functional"":null,""gap_character"":null,""gap_observable_level"":null,""geometry_state"":null,""hubbard_u_eV"":{""j_eV"":[0,0],""orbital_l"":[2,0],""source_type"":2,""species"":[""Mo"",""S""],""u_eV"":[2.4,0]},""magnetic_configuration"":null,""method_family"":""DFT"",""modality"":null,""pressure_GPa"":null,""relativity_method"":null,""soc"":null,""spin"":null,""strain_state"":null,""temperature_K"":null,""workflow"":""AFLOW automated calculation""}","{""citation"":null,""endpoint"":""https://aflow.org/API/aflux"",""evidence_source"":""aflow"",""evidence_source_id"":""aflowlib.duke.edu:AFLOWDATA/ICSD_WEB/HEX/Mo1S2_ICSD_84180"",""link"":""https://aflowlib.duke.edu/AFLOWDATA/ICSD_WEB/HEX/Mo1S2_ICSD_84180"",""native_field"":""Egap"",""native_semantic"":""electronic_band_gap"",""origin"":""aflow_aflux"",""raw_unit"":""eV"",""raw_value"":1.2417,""retrieved_at"":""2026-08-09T20:08:21.825542+00:00"",""source_native_method_context"":{""dft_type"":[""PAW_PBE""],""ldau_j"":[0,0],""ldau_l"":[2,0],""ldau_type"":2,""ldau_u"":[2.4,0]}}","[""code_functional_and_soc_are_not_canonicalized_from_the_aflux_record""]",sha256:213efbd405c763fd7dd4affad2b1741bc3fe97fd9f03cd16d80f14cedb79e8ff
mos2-band-gap,aflow,aflowlib.duke.edu:AFLOWDATA/ICSD_WEB/HEX/Mo1S2_ICSD_644246,Mo2S4,band_gap_eV,electronic_band_gap,1.2412,eV,"{""code"":null,""dimensionality"":null,""functional"":null,""gap_character"":null,""gap_observable_level"":null,""geometry_state"":null,""hubbard_u_eV"":{""j_eV"":[0,0],""orbital_l"":[2,0],""source_type"":2,""species"":[""Mo"",""S""],""u_eV"":[2.4,0]},""magnetic_configuration"":null,""method_family"":""DFT"",""modality"":null,""pressure_GPa"":null,""relativity_method"":null,""soc"":null,""spin"":null,""strain_state"":null,""temperature_K"":null,""workflow"":""AFLOW automated calculation""}","{""citation"":null,""endpoint"":""https://aflow.org/API/aflux"",""evidence_source"":""aflow"",""evidence_source_id"":""aflowlib.duke.edu:AFLOWDATA/ICSD_WEB/HEX/Mo1S2_ICSD_644246"",""link"":""https://aflowlib.duke.edu/AFLOWDATA/ICSD_WEB/HEX/Mo1S2_ICSD_644246"",""native_field"":""Egap"",""native_semantic"":""electronic_band_gap"",""origin"":""aflow_aflux"",""raw_unit"":""eV"",""raw_value"":1.2412,""retrieved_at"":""2026-08-09T20:08:21.825109+00:00"",""source_native_method_context"":{""dft_type"":[""PAW_PBE""],""ldau_j"":[0,0],""ldau_l"":[2,0],""ldau_type"":2,""ldau_u"":[2.4,0]}}","[""code_functional_and_soc_are_not_canonicalized_from_the_aflux_record""]",sha256:2419e9992e82fce23ed760da7814616b79a1e8736323f4472332920f16f2a724
mos2-band-gap,aflow,aflowlib.duke.edu:AFLOWDATA/ICSD_WEB/RHL/Mo1S2_ICSD_40081,Mo1S2,band_gap_eV,electronic_band_gap,1.332,eV,"{""code"":null,""dimensionality"":null,""functional"":null,""gap_character"":null,""gap_observable_level"":null,""geometry_state"":null,""hubbard_u_eV"":{""j_eV"":[0,0],""orbital_l"":[2,0],""source_type"":2,""species"":[""Mo"",""S""],""u_eV"":[2.4,0]},""magnetic_configuration"":null,""method_family"":""DFT"",""modality"":null,""pressure_GPa"":null,""relativity_method"":null,""soc"":null,""spin"":null,""strain_state"":null,""temperature_K"":null,""workflow"":""AFLOW automated calculation""}","{""citation"":null,""endpoint"":""https://aflow.org/API/aflux"",""evidence_source"":""aflow"",""evidence_source_id"":""aflowlib.duke.edu:AFLOWDATA/ICSD_WEB/RHL/Mo1S2_ICSD_40081"",""link"":""https://aflowlib.duke.edu/AFLOWDATA/ICSD_WEB/RHL/Mo1S2_ICSD_40081"",""native_field"":""Egap"",""native_semantic"":""electronic_band_gap"",""origin"":""aflow_aflux"",""raw_unit"":""eV"",""raw_value"":1.332,""retrieved_at"":""2026-08-09T20:08:21.825504+00:00"",""source_native_method_context"":{""dft_type"":[""PAW_PBE""],""ldau_j"":[0,0],""ldau_l"":[2,0],""ldau_type"":2,""ldau_u"":[2.4,0]}}","[""code_functional_and_soc_are_not_canonicalized_from_the_aflux_record""]",sha256:268d17fa4ad9d489592e40f22fed029337705772014ab210c89b9657cbccb828
mos2-band-gap,oqmd,1241285,MoS2,band_gap_eV,electronic_band_gap,0.0,eV,"{""code"":null,""dimensionality"":null,""functional"":null,""gap_character"":null,""gap_observable_level"":null,""geometry_state"":null,""hubbard_u_eV"":null,""magnetic_configuration"":null,""method_family"":null,""modality"":null,""pressure_GPa"":null,""relativity_method"":null,""soc"":null,""spin"":null,""strain_state"":null,""temperature_K"":null,""workflow"":null}","{""citation"":null,""native_field"":""band_gap"",""origin"":""oqmd_formationenergy_search"",""raw_unit"":""eV"",""raw_value"":0.0,""retrieved_at"":""2026-08-09T20:08:26.156289+00:00""}","[""scientific_context_not_reported_by_oqmd_endpoint""]",sha256:285384c06fcb3b91e41fcff663401e185aad5dcd50c09c026e6768d65d287118
mos2-band-gap,oqmd,1241285,MoS2,energy_above_hull_eV,energy_above_convex_hull_per_atom,0.6761886566666659,eV/atom,"{""code"":null,""corrections"":null,""dimensionality"":null,""functional"":null,""geometry_state"":null,""hubbard_u_eV"":null,""hull_construction"":null,""magnetic_configuration"":null,""method_family"":null,""pressure_GPa"":null,""reference_state"":null,""spin"":null,""strain_state"":null,""temperature_K"":null,""thermodynamic_ensemble"":null,""workflow"":null}","{""citation"":null,""native_field"":""stability"",""origin"":""oqmd_formationenergy_search"",""raw_unit"":""eV/atom"",""raw_value"":0.6761886566666659,""retrieved_at"":""2026-08-09T20:08:26.156289+00:00""}","[""scientific_context_not_reported_by_oqmd_endpoint""]",sha256:285384c06fcb3b91e41fcff663401e185aad5dcd50c09c026e6768d65d287118
mos2-band-gap,oqmd,1241285,MoS2,formation_energy_per_atom_eV,formation_energy_per_atom,-0.384991264342238,eV/atom,"{""code"":null,""corrections"":null,""dimensionality"":null,""functional"":null,""geometry_state"":null,""hubbard_u_eV"":null,""magnetic_configuration"":null,""method_family"":null,""pressure_GPa"":null,""reference_state"":null,""spin"":null,""strain_state"":null,""temperature_K"":null,""workflow"":null}","{""citation"":null,""native_field"":""delta_e"",""origin"":""oqmd_formationenergy_search"",""raw_unit"":""eV/atom"",""raw_value"":-0.384991264342238,""retrieved_at"":""2026-08-09T20:08:26.156289+00:00""}","[""scientific_context_not_reported_by_oqmd_endpoint""]",sha256:285384c06fcb3b91e41fcff663401e185aad5dcd50c09c026e6768d65d287118
mos2-band-gap,alexandria,agm011707349,MoS2,band_gap_eV,electronic_band_gap,1.4901,eV,"{""code"":null,""dimensionality"":null,""functional"":null,""gap_character"":null,""gap_observable_level"":null,""geometry_state"":null,""hubbard_u_eV"":null,""magnetic_configuration"":null,""method_family"":null,""modality"":null,""pressure_GPa"":null,""relativity_method"":null,""soc"":null,""spin"":null,""strain_state"":null,""temperature_K"":null,""workflow"":null}","{""citation"":null,""endpoint"":""https://alexandria.icams.rub.de"",""evidence_source"":""alexandria"",""evidence_source_id"":""agm011707349"",""link"":""https://alexandria.icams.rub.de"",""native_field"":""band_gap_ind"",""origin"":""alexandria_public_website"",""raw_unit"":""eV"",""raw_value"":1.4901,""retrieved_at"":""2026-08-09T20:08:16.986527+00:00""}","[""functional_not_provided_by_public_website""]",sha256:29731184b3fb0d2aef821a9d4c20d8aed554e2420d94b16ff8b3a9073dba0a47
mos2-band-gap,alexandria,agm011707349,MoS2,energy_above_hull_eV,energy_above_convex_hull_per_atom,0.0006497725,eV/atom,"{""code"":null,""corrections"":null,""dimensionality"":null,""functional"":null,""geometry_state"":null,""hubbard_u_eV"":null,""hull_construction"":null,""magnetic_configuration"":null,""method_family"":null,""pressure_GPa"":null,""reference_state"":null,""spin"":null,""strain_state"":null,""temperature_K"":null,""thermodynamic_ensemble"":null,""workflow"":null}","{""citation"":null,""endpoint"":""https://alexandria.icams.rub.de"",""evidence_source"":""alexandria"",""evidence_source_id"":""agm011707349"",""link"":""https://alexandria.icams.rub.de"",""native_field"":""e_above_hull"",""origin"":""alexandria_public_website"",""raw_unit"":""eV/atom"",""raw_value"":0.0006497725,""retrieved_at"":""2026-08-09T20:08:16.986527+00:00""}","[""functional_not_provided_by_public_website""]",sha256:29731184b3fb0d2aef821a9d4c20d8aed554e2420d94b16ff8b3a9073dba0a47
mos2-band-gap,optimade:optimade.materialscloud.org/main/mc2d,ec7170ae-72c2-490a-871a-d7d46ce20c0f,MoS2,band_gap_eV,electronic_band_gap,0.0291458614637197,eV,"{""code"":null,""dimensionality"":null,""functional"":null,""gap_character"":null,""gap_observable_level"":null,""geometry_state"":null,""hubbard_u_eV"":null,""magnetic_configuration"":null,""method_family"":null,""modality"":null,""pressure_GPa"":null,""relativity_method"":null,""soc"":null,""spin"":null,""strain_state"":null,""temperature_K"":null,""workflow"":null}","{""citation"":null,""contract"":""materials_cloud_mc2d_optimade_extension_v1"",""endpoint"":""https://optimade.materialscloud.org/main/mc2d"",""evidence_source"":""optimade:optimade.materialscloud.org/main/mc2d"",""evidence_source_id"":""ec7170ae-72c2-490a-871a-d7d46ce20c0f"",""link"":""https://optimade.materialscloud.org/main/mc2d"",""native_description"":""Band gap of the material."",""native_field"":""_mcloud_band_gap"",""origin"":""optimade_provider_extension"",""raw_unit"":""eV"",""raw_value"":0.0291458614637197,""retrieved_at"":""2026-08-09T20:08:28.296754+00:00""}","[""provider_extension_not_optimade_core_property"",""calculation_model_not_declared_by_provider_info"",""contract_limited_to_materials_cloud_mc2d""]",sha256:33da77d7ac49328e9fca3c5cdaf712f3c854dc2b3e0e501b474d01e94635e1ea
mos2-band-gap,materials_project,aaacgmbn,MoS2,band_gap_eV,electronic_band_gap,1.4639999999999997,eV,"{""code"":null,""dimensionality"":null,""functional"":null,""gap_character"":null,""gap_observable_level"":null,""geometry_state"":null,""hubbard_u_eV"":null,""magnetic_configuration"":null,""method_family"":null,""modality"":null,""pressure_GPa"":null,""relativity_method"":null,""soc"":null,""spin"":null,""strain_state"":null,""temperature_K"":null,""workflow"":null}","{""citation"":null,""endpoint"":""/materials/summary/"",""evidence_source"":""materials_project"",""evidence_source_id"":""aaacgmbn"",""native_field"":""band_gap"",""origin"":""materials_project_summary"",""raw_unit"":""eV"",""raw_value"":1.4639999999999997,""retrieved_at"":""2026-08-09T20:08:39.718325+00:00"",""summary_property_origin"":{""last_updated"":""2017-05-17T09:15:02Z"",""name"":""electronic_structure"",""task_id"":""aaacgmbn""},""summary_property_origin_candidates"":[{""last_updated"":""2017-05-17T09:15:02Z"",""name"":""electronic_structure"",""task_id"":""aaacgmbn""}],""summary_property_origin_family"":""electronic_structure""}","[""scientific_context_not_reported_by_summary_endpoint""]",sha256:3791d96742fd5aaadde85824a6eb50f0be52015647c8c1a1d8d091e0b23c2de5
mos2-band-gap,materials_project,mp-1027525,MoS2,energy_above_hull_eV,energy_above_convex_hull_per_atom,0.003681534999998348,eV/atom,"{""code"":null,""corrections"":null,""dimensionality"":null,""functional"":null,""geometry_state"":null,""hubbard_u_eV"":null,""hull_construction"":null,""magnetic_configuration"":null,""method_family"":null,""pressure_GPa"":null,""reference_state"":null,""spin"":null,""strain_state"":null,""temperature_K"":null,""thermodynamic_ensemble"":null,""workflow"":null}","{""citation"":null,""endpoint"":""/materials/summary/"",""evidence_source"":null,""evidence_source_id"":null,""native_field"":""energy_above_hull"",""origin"":""materials_project_summary"",""raw_unit"":""eV/atom"",""raw_value"":0.003681534999998348,""retrieved_at"":""2026-08-09T20:08:39.718325+00:00"",""summary_property_origin"":null,""summary_property_origin_candidates"":[],""summary_property_origin_family"":""thermo""}","[""scientific_context_not_reported_by_summary_endpoint"",""summary_property_not_bound_to_calculation_task""]",sha256:3791d96742fd5aaadde85824a6eb50f0be52015647c8c1a1d8d091e0b23c2de5
mos2-band-gap,materials_project,mp-1027525,MoS2,formation_energy_per_atom_eV,formation_energy_per_atom,-0.9624610102083343,eV/atom,"{""code"":null,""corrections"":null,""dimensionality"":null,""functional"":null,""geometry_state"":null,""hubbard_u_eV"":null,""magnetic_configuration"":null,""method_family"":null,""pressure_GPa"":null,""reference_state"":null,""spin"":null,""strain_state"":null,""temperature_K"":null,""workflow"":null}","{""citation"":null,""endpoint"":""/materials/summary/"",""evidence_source"":null,""evidence_source_id"":null,""native_field"":""formation_energy_per_atom"",""origin"":""materials_project_summary"",""raw_unit"":""eV/atom"",""raw_value"":-0.9624610102083343,""retrieved_at"":""2026-08-09T20:08:39.718325+00:00"",""summary_property_origin"":null,""summary_property_origin_candidates"":[],""summary_property_origin_family"":""thermo""}","[""scientific_context_not_reported_by_summary_endpoint"",""summary_property_not_bound_to_calculation_task""]",sha256:3791d96742fd5aaadde85824a6eb50f0be52015647c8c1a1d8d091e0b23c2de5
mos2-band-gap,materials_project,mp-1027525,MoS2,is_stable,thermodynamic_stability_label,false,,"{""code"":null,""dimensionality"":null,""functional"":null,""geometry_state"":null,""hull_construction"":null,""magnetic_configuration"":null,""method_family"":null,""pressure_GPa"":null,""reference_state"":null,""spin"":null,""stability_definition"":""Materials Project SummaryDoc: true means the source-selected thermodynamic entry is a stable entry on the source phase-diagram convex hull"",""strain_state"":null,""temperature_K"":null,""thermodynamic_ensemble"":null,""workflow"":null}","{""citation"":null,""endpoint"":""/materials/summary/"",""evidence_source"":null,""evidence_source_id"":null,""native_field"":""is_stable"",""native_semantic"":""materials_project_summary_source_native_stability_label"",""origin"":""materials_project_summary"",""raw_unit"":null,""raw_value"":false,""retrieved_at"":""2026-08-09T20:08:39.718325+00:00"",""summary_property_origin"":null,""summary_property_origin_candidates"":[],""summary_property_origin_family"":""thermo""}","[""scientific_context_not_reported_by_summary_endpoint"",""summary_property_not_bound_to_calculation_task"",""source_definition_not_recomputed_by_matrouter"",""summary_stability_not_bound_to_exact_thermo_type_entry_set_or_energy_frame""]",sha256:3791d96742fd5aaadde85824a6eb50f0be52015647c8c1a1d8d091e0b23c2de5
mos2-band-gap,materials_project,aaafjilg,MoS2,band_gap_eV,electronic_band_gap,1.3361,eV,"{""code"":null,""dimensionality"":null,""functional"":null,""gap_character"":null,""gap_observable_level"":null,""geometry_state"":null,""hubbard_u_eV"":null,""magnetic_configuration"":null,""method_family"":null,""modality"":null,""pressure_GPa"":null,""relativity_method"":null,""soc"":null,""spin"":null,""strain_state"":null,""temperature_K"":null,""workflow"":null}","{""citation"":null,""endpoint"":""/materials/summary/"",""evidence_source"":""materials_project"",""evidence_source_id"":""aaafjilg"",""native_field"":""band_gap"",""origin"":""materials_project_summary"",""raw_unit"":""eV"",""raw_value"":1.3361,""retrieved_at"":""2026-08-09T20:08:39.716416+00:00"",""summary_property_origin"":{""last_updated"":""2022-06-14T22:16:37.826000Z"",""name"":""electronic_structure"",""task_id"":""aaafjilg""},""summary_property_origin_candidates"":[{""last_updated"":""2022-06-14T22:16:37.826000Z"",""name"":""electronic_structure"",""task_id"":""aaafjilg""}],""summary_property_origin_family"":""electronic_structure""}","[""scientific_context_not_reported_by_summary_endpoint""]",sha256:39b9cf83a043659da878087ae552a69fc39964a637066a0ab3f6734e8a4cf042
mos2-band-gap,materials_project,mp-1018809,MoS2,energy_above_hull_eV,energy_above_convex_hull_per_atom,0.002389239999999404,eV/atom,"{""code"":null,""corrections"":null,""dimensionality"":null,""functional"":null,""geometry_state"":null,""hubbard_u_eV"":null,""hull_construction"":null,""magnetic_configuration"":null,""method_family"":null,""pressure_GPa"":null,""reference_state"":null,""spin"":null,""strain_state"":null,""temperature_K"":null,""thermodynamic_ensemble"":null,""workflow"":null}","{""citation"":null,""endpoint"":""/materials/summary/"",""evidence_source"":null,""evidence_source_id"":null,""native_field"":""energy_above_hull"",""origin"":""materials_project_summary"",""raw_unit"":""eV/atom"",""raw_value"":0.002389239999999404,""retrieved_at"":""2026-08-09T20:08:39.716416+00:00"",""summary_property_origin"":null,""summary_property_origin_candidates"":[],""summary_property_origin_family"":""thermo""}","[""scientific_context_not_reported_by_summary_endpoint"",""summary_property_not_bound_to_calculation_task""]",sha256:39b9cf83a043659da878087ae552a69fc39964a637066a0ab3f6734e8a4cf042
mos2-band-gap,materials_project,mp-1018809,MoS2,formation_energy_per_atom_eV,formation_energy_per_atom,-0.9637533052083332,eV/atom,"{""code"":null,""corrections"":null,""dimensionality"":null,""functional"":null,""geometry_state"":null,""hubbard_u_eV"":null,""magnetic_configuration"":null,""method_family"":null,""pressure_GPa"":null,""reference_state"":null,""spin"":null,""strain_state"":null,""temperature_K"":null,""workflow"":null}","{""citation"":null,""endpoint"":""/materials/summary/"",""evidence_source"":null,""evidence_source_id"":null,""native_field"":""formation_energy_per_atom"",""origin"":""materials_project_summary"",""raw_unit"":""eV/atom"",""raw_value"":-0.9637533052083332,""retrieved_at"":""2026-08-09T20:08:39.716416+00:00"",""summary_property_origin"":null,""summary_property_origin_candidates"":[],""summary_property_origin_family"":""thermo""}","[""scientific_context_not_reported_by_summary_endpoint"",""summary_property_not_bound_to_calculation_task""]",sha256:39b9cf83a043659da878087ae552a69fc39964a637066a0ab3f6734e8a4cf042
mos2-band-gap,materials_project,mp-1018809,MoS2,is_stable,thermodynamic_stability_label,false,,"{""code"":null,""dimensionality"":null,""functional"":null,""geometry_state"":null,""hull_construction"":null,""magnetic_configuration"":null,""method_family"":null,""pressure_GPa"":null,""reference_state"":null,""spin"":null,""stability_definition"":""Materials Project SummaryDoc: true means the source-selected thermodynamic entry is a stable entry on the source phase-diagram convex hull"",""strain_state"":null,""temperature_K"":null,""thermodynamic_ensemble"":null,""workflow"":null}","{""citation"":null,""endpoint"":""/materials/summary/"",""evidence_source"":null,""evidence_source_id"":null,""native_field"":""is_stable"",""native_semantic"":""materials_project_summary_source_native_stability_label"",""origin"":""materials_project_summary"",""raw_unit"":null,""raw_value"":false,""retrieved_at"":""2026-08-09T20:08:39.716416+00:00"",""summary_property_origin"":null,""summary_property_origin_candidates"":[],""summary_property_origin_family"":""thermo""}","[""scientific_context_not_reported_by_summary_endpoint"",""summary_property_not_bound_to_calculation_task"",""source_definition_not_recomputed_by_matrouter"",""summary_stability_not_bound_to_exact_thermo_type_entry_set_or_energy_frame""]",sha256:39b9cf83a043659da878087ae552a69fc39964a637066a0ab3f6734e8a4cf042
mos2-band-gap,oqmd,1473447,MoS2,band_gap_eV,electronic_band_gap,0.0,eV,"{""code"":null,""dimensionality"":null,""functional"":null,""gap_character"":null,""gap_observable_level"":null,""geometry_state"":null,""hubbard_u_eV"":null,""magnetic_configuration"":null,""method_family"":null,""modality"":null,""pressure_GPa"":null,""relativity_method"":null,""soc"":null,""spin"":null,""strain_state"":null,""temperature_K"":null,""workflow"":null}","{""citation"":null,""native_field"":""band_gap"",""origin"":""oqmd_formationenergy_search"",""raw_unit"":""eV"",""raw_value"":0.0,""retrieved_at"":""2026-08-09T20:08:26.156649+00:00""}","[""scientific_context_not_reported_by_oqmd_endpoint""]",sha256:3f07fca4c6fe0d32055cd18f49b423a46e80de4451b0438005843ed2e4a44023
mos2-band-gap,oqmd,1473447,MoS2,energy_above_hull_eV,energy_above_convex_hull_per_atom,0.3109377974999994,eV/atom,"{""code"":null,""corrections"":null,""dimensionality"":null,""functional"":null,""geometry_state"":null,""hubbard_u_eV"":null,""hull_construction"":null,""magnetic_configuration"":null,""method_family"":null,""pressure_GPa"":null,""reference_state"":null,""spin"":null,""strain_state"":null,""temperature_K"":null,""thermodynamic_ensemble"":null,""workflow"":null}","{""citation"":null,""native_field"":""stability"",""origin"":""oqmd_formationenergy_search"",""raw_unit"":""eV/atom"",""raw_value"":0.3109377974999994,""retrieved_at"":""2026-08-09T20:08:26.156649+00:00""}","[""scientific_context_not_reported_by_oqmd_endpoint""]",sha256:3f07fca4c6fe0d32055cd18f49b423a46e80de4451b0438005843ed2e4a44023
mos2-band-gap,oqmd,1473447,MoS2,formation_energy_per_atom_eV,formation_energy_per_atom,-0.7502421235089045,eV/atom,"{""code"":null,""corrections"":null,""dimensionality"":null,""functional"":null,""geometry_state"":null,""hubbard_u_eV"":null,""magnetic_configuration"":null,""method_family"":null,""pressure_GPa"":null,""reference_state"":null,""spin"":null,""strain_state"":null,""temperature_K"":null,""workflow"":null}","{""citation"":null,""native_field"":""delta_e"",""origin"":""oqmd_formationenergy_search"",""raw_unit"":""eV/atom"",""raw_value"":-0.7502421235089045,""retrieved_at"":""2026-08-09T20:08:26.156649+00:00""}","[""scientific_context_not_reported_by_oqmd_endpoint""]",sha256:3f07fca4c6fe0d32055cd18f49b423a46e80de4451b0438005843ed2e4a44023
mos2-band-gap,oqmd,1439760,MoS2,band_gap_eV,electronic_band_gap,5.154,eV,"{""code"":null,""dimensionality"":null,""functional"":null,""gap_character"":null,""gap_observable_level"":null,""geometry_state"":null,""hubbard_u_eV"":null,""magnetic_configuration"":null,""method_family"":null,""modality"":null,""pressure_GPa"":null,""relativity_method"":null,""soc"":null,""spin"":null,""strain_state"":null,""temperature_K"":null,""workflow"":null}","{""citation"":null,""native_field"":""band_gap"",""origin"":""oqmd_formationenergy_search"",""raw_unit"":""eV"",""raw_value"":5.154,""retrieved_at"":""2026-08-09T20:08:26.156493+00:00""}","[""scientific_context_not_reported_by_oqmd_endpoint""]",sha256:3f2525267144c75e695f1c203d36823583b730819687a255b14179de6f3dc3ba
mos2-band-gap,oqmd,1439760,MoS2,energy_above_hull_eV,energy_above_convex_hull_per_atom,0.5969983674999995,eV/atom,"{""code"":null,""corrections"":null,""dimensionality"":null,""functional"":null,""geometry_state"":null,""hubbard_u_eV"":null,""hull_construction"":null,""magnetic_configuration"":null,""method_family"":null,""pressure_GPa"":null,""reference_state"":null,""spin"":null,""strain_state"":null,""temperature_K"":null,""thermodynamic_ensemble"":null,""workflow"":null}","{""citation"":null,""native_field"":""stability"",""origin"":""oqmd_formationenergy_search"",""raw_unit"":""eV/atom"",""raw_value"":0.5969983674999995,""retrieved_at"":""2026-08-09T20:08:26.156493+00:00""}","[""scientific_context_not_reported_by_oqmd_endpoint""]",sha256:3f2525267144c75e695f1c203d36823583b730819687a255b14179de6f3dc3ba
mos2-band-gap,oqmd,1439760,MoS2,formation_energy_per_atom_eV,formation_energy_per_atom,-0.46418155350890444,eV/atom,"{""code"":null,""corrections"":null,""dimensionality"":null,""functional"":null,""geometry_state"":null,""hubbard_u_eV"":null,""magnetic_configuration"":null,""method_family"":null,""pressure_GPa"":null,""reference_state"":null,""spin"":null,""strain_state"":null,""temperature_K"":null,""workflow"":null}","{""citation"":null,""native_field"":""delta_e"",""origin"":""oqmd_formationenergy_search"",""raw_unit"":""eV/atom"",""raw_value"":-0.46418155350890444,""retrieved_at"":""2026-08-09T20:08:26.156493+00:00""}","[""scientific_context_not_reported_by_oqmd_endpoint""]",sha256:3f2525267144c75e695f1c203d36823583b730819687a255b14179de6f3dc3ba
mos2-band-gap,alexandria,agm002380588,MoS2,band_gap_eV,electronic_band_gap,0.0,eV,"{""code"":null,""dimensionality"":null,""functional"":null,""gap_character"":null,""gap_observable_level"":null,""geometry_state"":null,""hubbard_u_eV"":null,""magnetic_configuration"":null,""method_family"":null,""modality"":null,""pressure_GPa"":null,""relativity_method"":null,""soc"":null,""spin"":null,""strain_state"":null,""temperature_K"":null,""workflow"":null}","{""citation"":null,""endpoint"":""https://alexandria.icams.rub.de"",""evidence_source"":""alexandria"",""evidence_source_id"":""agm002380588"",""link"":""https://alexandria.icams.rub.de"",""native_field"":""band_gap_ind"",""origin"":""alexandria_public_website"",""raw_unit"":""eV"",""raw_value"":0.0,""retrieved_at"":""2026-08-09T20:08:16.987414+00:00""}","[""functional_not_provided_by_public_website""]",sha256:42c60e163c8dc8221b587799acccfc77e3530a318e9aa5019f1a1fb87beea381
mos2-band-gap,alexandria,agm002380588,MoS2,energy_above_hull_eV,energy_above_convex_hull_per_atom,0.2763999,eV/atom,"{""code"":null,""corrections"":null,""dimensionality"":null,""functional"":null,""geometry_state"":null,""hubbard_u_eV"":null,""hull_construction"":null,""magnetic_configuration"":null,""method_family"":null,""pressure_GPa"":null,""reference_state"":null,""spin"":null,""strain_state"":null,""temperature_K"":null,""thermodynamic_ensemble"":null,""workflow"":null}","{""citation"":null,""endpoint"":""https://alexandria.icams.rub.de"",""evidence_source"":""alexandria"",""evidence_source_id"":""agm002380588"",""link"":""https://alexandria.icams.rub.de"",""native_field"":""e_above_hull"",""origin"":""alexandria_public_website"",""raw_unit"":""eV/atom"",""raw_value"":0.2763999,""retrieved_at"":""2026-08-09T20:08:16.987414+00:00""}","[""functional_not_provided_by_public_website""]",sha256:42c60e163c8dc8221b587799acccfc77e3530a318e9aa5019f1a1fb87beea381
mos2-band-gap,alexandria,agm002181839,MoS2,band_gap_eV,electronic_band_gap,1.3314,eV,"{""code"":null,""dimensionality"":null,""functional"":null,""gap_character"":null,""gap_observable_level"":null,""geometry_state"":null,""hubbard_u_eV"":null,""magnetic_configuration"":null,""method_family"":null,""modality"":null,""pressure_GPa"":null,""relativity_method"":null,""soc"":null,""spin"":null,""strain_state"":null,""temperature_K"":null,""workflow"":null}","{""citation"":null,""endpoint"":""https://alexandria.icams.rub.de"",""evidence_source"":""alexandria"",""evidence_source_id"":""agm002181839"",""link"":""https://alexandria.icams.rub.de"",""native_field"":""band_gap_ind"",""origin"":""alexandria_public_website"",""raw_unit"":""eV"",""raw_value"":1.3314,""retrieved_at"":""2026-08-09T20:08:16.986239+00:00""}","[""functional_not_provided_by_public_website""]",sha256:48a28ec7a6f36eb4b12a67876557d6bc2a7c05b0b441200c04605844eb6dcedb
mos2-band-gap,alexandria,agm002181839,MoS2,energy_above_hull_eV,energy_above_convex_hull_per_atom,0.000511975,eV/atom,"{""code"":null,""corrections"":null,""dimensionality"":null,""functional"":null,""geometry_state"":null,""hubbard_u_eV"":null,""hull_construction"":null,""magnetic_configuration"":null,""method_family"":null,""pressure_GPa"":null,""reference_state"":null,""spin"":null,""strain_state"":null,""temperature_K"":null,""thermodynamic_ensemble"":null,""workflow"":null}","{""citation"":null,""endpoint"":""https://alexandria.icams.rub.de"",""evidence_source"":""alexandria"",""evidence_source_id"":""agm002181839"",""link"":""https://alexandria.icams.rub.de"",""native_field"":""e_above_hull"",""origin"":""alexandria_public_website"",""raw_unit"":""eV/atom"",""raw_value"":0.000511975,""retrieved_at"":""2026-08-09T20:08:16.986239+00:00""}","[""functional_not_provided_by_public_website""]",sha256:48a28ec7a6f36eb4b12a67876557d6bc2a7c05b0b441200c04605844eb6dcedb
mos2-band-gap,alexandria,agm002352990,MoS2,band_gap_eV,electronic_band_gap,0.0,eV,"{""code"":null,""dimensionality"":null,""functional"":null,""gap_character"":null,""gap_observable_level"":null,""geometry_state"":null,""hubbard_u_eV"":null,""magnetic_configuration"":null,""method_family"":null,""modality"":null,""pressure_GPa"":null,""relativity_method"":null,""soc"":null,""spin"":null,""strain_state"":null,""temperature_K"":null,""workflow"":null}","{""citation"":null,""endpoint"":""https://alexandria.icams.rub.de"",""evidence_source"":""alexandria"",""evidence_source_id"":""agm002352990"",""link"":""https://alexandria.icams.rub.de"",""native_field"":""band_gap_ind"",""origin"":""alexandria_public_website"",""raw_unit"":""eV"",""raw_value"":0.0,""retrieved_at"":""2026-08-09T20:08:16.987907+00:00""}","[""functional_not_provided_by_public_website""]",sha256:48cfe7f4c0bc08c8830473021b3abd8f28bb8dd8b0550a70aed86c570d168d2c
mos2-band-gap,alexandria,agm002352990,MoS2,energy_above_hull_eV,energy_above_convex_hull_per_atom,0.8783013,eV/atom,"{""code"":null,""corrections"":null,""dimensionality"":null,""functional"":null,""geometry_state"":null,""hubbard_u_eV"":null,""hull_construction"":null,""magnetic_configuration"":null,""method_family"":null,""pressure_GPa"":null,""reference_state"":null,""spin"":null,""strain_state"":null,""temperature_K"":null,""thermodynamic_ensemble"":null,""workflow"":null}","{""citation"":null,""endpoint"":""https://alexandria.icams.rub.de"",""evidence_source"":""alexandria"",""evidence_source_id"":""agm002352990"",""link"":""https://alexandria.icams.rub.de"",""native_field"":""e_above_hull"",""origin"":""alexandria_public_website"",""raw_unit"":""eV/atom"",""raw_value"":0.8783013,""retrieved_at"":""2026-08-09T20:08:16.987907+00:00""}","[""functional_not_provided_by_public_website""]",sha256:48cfe7f4c0bc08c8830473021b3abd8f28bb8dd8b0550a70aed86c570d168d2c
mos2-band-gap,alexandria,agm002181837,MoS2,band_gap_eV,electronic_band_gap,0.0562,eV,"{""code"":null,""dimensionality"":null,""functional"":null,""gap_character"":null,""gap_observable_level"":null,""geometry_state"":null,""hubbard_u_eV"":null,""magnetic_configuration"":null,""method_family"":null,""modality"":null,""pressure_GPa"":null,""relativity_method"":null,""soc"":null,""spin"":null,""strain_state"":null,""temperature_K"":null,""workflow"":null}","{""citation"":null,""endpoint"":""https://alexandria.icams.rub.de"",""evidence_source"":""alexandria"",""evidence_source_id"":""agm002181837"",""link"":""https://alexandria.icams.rub.de"",""native_field"":""band_gap_ind"",""origin"":""alexandria_public_website"",""raw_unit"":""eV"",""raw_value"":0.0562,""retrieved_at"":""2026-08-09T20:08:16.987166+00:00""}","[""functional_not_provided_by_public_website""]",sha256:4bb472c53a7e2e60a3fe1bb15fc7d7fb4a821042694070bc2b545e14e10392a4
mos2-band-gap,alexandria,agm002181837,MoS2,energy_above_hull_eV,energy_above_convex_hull_per_atom,0.1831284,eV/atom,"{""code"":null,""corrections"":null,""dimensionality"":null,""functional"":null,""geometry_state"":null,""hubbard_u_eV"":null,""hull_construction"":null,""magnetic_configuration"":null,""method_family"":null,""pressure_GPa"":null,""reference_state"":null,""spin"":null,""strain_state"":null,""temperature_K"":null,""thermodynamic_ensemble"":null,""workflow"":null}","{""citation"":null,""endpoint"":""https://alexandria.icams.rub.de"",""evidence_source"":""alexandria"",""evidence_source_id"":""agm002181837"",""link"":""https://alexandria.icams.rub.de"",""native_field"":""e_above_hull"",""origin"":""alexandria_public_website"",""raw_unit"":""eV/atom"",""raw_value"":0.1831284,""retrieved_at"":""2026-08-09T20:08:16.987166+00:00""}","[""functional_not_provided_by_public_website""]",sha256:4bb472c53a7e2e60a3fe1bb15fc7d7fb4a821042694070bc2b545e14e10392a4
mos2-band-gap,nomad,-ErsCZ0WbY8-CR-8bqFNIoqBrSfw#band_gap=0,MoS2,band_gap_eV,electronic_band_gap,1.2282,eV,"{""code"":""VASP"",""dimensionality"":null,""functional"":[""GGA_C_PBE"",""GGA_X_PBE""],""gap_character"":null,""gap_observable_level"":""nomad_results_summary_normalizer_output"",""geometry_state"":null,""hubbard_u_eV"":null,""magnetic_configuration"":null,""method_family"":""DFT"",""modality"":null,""pressure_GPa"":null,""relativity_method"":null,""soc"":null,""spin"":{""source_channel_index"":0},""strain_state"":null,""temperature_K"":null,""workflow"":null}","{""calculation_binding"":""unresolved"",""citation"":null,""conversion"":{""divisor"":1.602176634e-19,""from_unit"":""J"",""to_unit"":""eV""},""endpoint"":""/entries/query"",""evidence_source"":""nomad"",""evidence_source_id"":""-ErsCZ0WbY8-CR-8bqFNIoqBrSfw#band_gap=0"",""native_field"":""results.properties.electronic.band_gap[0].value"",""origin"":""nomad_summary_aggregate"",""raw_unit"":""J"",""raw_value"":1.9677933418788003e-19,""retrieved_at"":""2026-08-09T20:08:17.487369+00:00"",""selection"":{""reason"":""multiple_source_observations"",""status"":""unselected""},""source_native_context"":{""index"":0}}","[""summary_band_gap_not_bound_to_specific_calculation"",""nomad_results_band_gap_is_normalizer_derived_with_source_detection_tolerance"",""summary_method_context_not_bound_to_specific_calculation"",""multiple_summary_band_gaps_preserved_without_primary""]",sha256:4c0c0de0b94e25276e02882caea42175b6f3302200188cbaa9d9b38076429aed
mos2-band-gap,nomad,-ErsCZ0WbY8-CR-8bqFNIoqBrSfw#band_gap=1,MoS2,band_gap_eV,electronic_band_gap,1.2282,eV,"{""code"":""VASP"",""dimensionality"":null,""functional"":[""GGA_C_PBE"",""GGA_X_PBE""],""gap_character"":null,""gap_observable_level"":""nomad_results_summary_normalizer_output"",""geometry_state"":null,""hubbard_u_eV"":null,""magnetic_configuration"":null,""method_family"":""DFT"",""modality"":null,""pressure_GPa"":null,""relativity_method"":null,""soc"":null,""spin"":{""source_channel_index"":1},""strain_state"":null,""temperature_K"":null,""workflow"":null}","{""calculation_binding"":""unresolved"",""citation"":null,""conversion"":{""divisor"":1.602176634e-19,""from_unit"":""J"",""to_unit"":""eV""},""endpoint"":""/entries/query"",""evidence_source"":""nomad"",""evidence_source_id"":""-ErsCZ0WbY8-CR-8bqFNIoqBrSfw#band_gap=1"",""native_field"":""results.properties.electronic.band_gap[1].value"",""origin"":""nomad_summary_aggregate"",""raw_unit"":""J"",""raw_value"":1.9677933418788003e-19,""retrieved_at"":""2026-08-09T20:08:17.487369+00:00"",""selection"":{""reason"":""multiple_source_observations"",""status"":""unselected""},""source_native_context"":{""index"":1}}","[""summary_band_gap_not_bound_to_specific_calculation"",""nomad_results_band_gap_is_normalizer_derived_with_source_detection_tolerance"",""summary_method_context_not_bound_to_specific_calculation"",""multiple_summary_band_gaps_preserved_without_primary""]",sha256:4c0c0de0b94e25276e02882caea42175b6f3302200188cbaa9d9b38076429aed
mos2-band-gap,materials_project,aaafxgpx,MoS2,band_gap_eV,electronic_band_gap,1.4648999999999996,eV,"{""code"":null,""dimensionality"":null,""functional"":null,""gap_character"":null,""gap_observable_level"":null,""geometry_state"":null,""hubbard_u_eV"":null,""magnetic_configuration"":null,""method_family"":null,""modality"":null,""pressure_GPa"":null,""relativity_method"":null,""soc"":null,""spin"":null,""strain_state"":null,""temperature_K"":null,""workflow"":null}","{""citation"":null,""endpoint"":""/materials/summary/"",""evidence_source"":""materials_project"",""evidence_source_id"":""aaafxgpx"",""native_field"":""band_gap"",""origin"":""materials_project_summary"",""raw_unit"":""eV"",""raw_value"":1.4648999999999996,""retrieved_at"":""2026-08-09T20:08:39.720396+00:00"",""summary_property_origin"":{""last_updated"":""2022-06-25T14:30:48.656000Z"",""name"":""electronic_structure"",""task_id"":""aaafxgpx""},""summary_property_origin_candidates"":[{""last_updated"":""2022-06-25T14:30:48.656000Z"",""name"":""electronic_structure"",""task_id"":""aaafxgpx""}],""summary_property_origin_family"":""electronic_structure""}","[""scientific_context_not_reported_by_summary_endpoint""]",sha256:4c668af17258ff6fb25b4699e1258f4b4f42f954fee0cb9a0682a95d1b9cccc9
mos2-band-gap,materials_project,mp-2815,MoS2,energy_above_hull_eV,energy_above_convex_hull_per_atom,0.0016927283333316723,eV/atom,"{""code"":null,""corrections"":null,""dimensionality"":null,""functional"":null,""geometry_state"":null,""hubbard_u_eV"":null,""hull_construction"":null,""magnetic_configuration"":null,""method_family"":null,""pressure_GPa"":null,""reference_state"":null,""spin"":null,""strain_state"":null,""temperature_K"":null,""thermodynamic_ensemble"":null,""workflow"":null}","{""citation"":null,""endpoint"":""/materials/summary/"",""evidence_source"":null,""evidence_source_id"":null,""native_field"":""energy_above_hull"",""origin"":""materials_project_summary"",""raw_unit"":""eV/atom"",""raw_value"":0.0016927283333316723,""retrieved_at"":""2026-08-09T20:08:39.720396+00:00"",""summary_property_origin"":null,""summary_property_origin_candidates"":[],""summary_property_origin_family"":""thermo""}","[""scientific_context_not_reported_by_summary_endpoint"",""summary_property_not_bound_to_calculation_task""]",sha256:4c668af17258ff6fb25b4699e1258f4b4f42f954fee0cb9a0682a95d1b9cccc9
mos2-band-gap,materials_project,mp-2815,MoS2,formation_energy_per_atom_eV,formation_energy_per_atom,-0.964449816875001,eV/atom,"{""code"":null,""corrections"":null,""dimensionality"":null,""functional"":null,""geometry_state"":null,""hubbard_u_eV"":null,""magnetic_configuration"":null,""method_family"":null,""pressure_GPa"":null,""reference_state"":null,""spin"":null,""strain_state"":null,""temperature_K"":null,""workflow"":null}","{""citation"":null,""endpoint"":""/materials/summary/"",""evidence_source"":null,""evidence_source_id"":null,""native_field"":""formation_energy_per_atom"",""origin"":""materials_project_summary"",""raw_unit"":""eV/atom"",""raw_value"":-0.964449816875001,""retrieved_at"":""2026-08-09T20:08:39.720396+00:00"",""summary_property_origin"":null,""summary_property_origin_candidates"":[],""summary_property_origin_family"":""thermo""}","[""scientific_context_not_reported_by_summary_endpoint"",""summary_property_not_bound_to_calculation_task""]",sha256:4c668af17258ff6fb25b4699e1258f4b4f42f954fee0cb9a0682a95d1b9cccc9
mos2-band-gap,materials_project,mp-2815,MoS2,is_stable,thermodynamic_stability_label,false,,"{""code"":null,""dimensionality"":null,""functional"":null,""geometry_state"":null,""hull_construction"":null,""magnetic_configuration"":null,""method_family"":null,""pressure_GPa"":null,""reference_state"":null,""spin"":null,""stability_definition"":""Materials Project SummaryDoc: true means the source-selected thermodynamic entry is a stable entry on the source phase-diagram convex hull"",""strain_state"":null,""temperature_K"":null,""thermodynamic_ensemble"":null,""workflow"":null}","{""citation"":null,""endpoint"":""/materials/summary/"",""evidence_source"":null,""evidence_source_id"":null,""native_field"":""is_stable"",""native_semantic"":""materials_project_summary_source_native_stability_label"",""origin"":""materials_project_summary"",""raw_unit"":null,""raw_value"":false,""retrieved_at"":""2026-08-09T20:08:39.720396+00:00"",""summary_property_origin"":null,""summary_property_origin_candidates"":[],""summary_property_origin_family"":""thermo""}","[""scientific_context_not_reported_by_summary_endpoint"",""summary_property_not_bound_to_calculation_task"",""source_definition_not_recomputed_by_matrouter"",""summary_stability_not_bound_to_exact_thermo_type_entry_set_or_energy_frame""]",sha256:4c668af17258ff6fb25b4699e1258f4b4f42f954fee0cb9a0682a95d1b9cccc9
mos2-band-gap,optimade:optimade-misc.odbx.science,camd-oqmd_5068,MoS2,energy_above_hull_eV,energy_above_convex_hull_per_atom,0.274796651666669,eV/atom,"{""code"":null,""corrections"":null,""dimensionality"":null,""functional"":null,""geometry_state"":null,""hubbard_u_eV"":null,""hull_construction"":""global convex hull spanned by all other structures in the database"",""magnetic_configuration"":null,""method_family"":null,""pressure_GPa"":null,""reference_state"":null,""spin"":null,""strain_state"":null,""temperature_K"":null,""thermodynamic_ensemble"":null,""workflow"":null}","{""citation"":null,""contract"":""odbx_misc_optimade_extension_v1"",""endpoint"":""https://optimade-misc.odbx.science"",""evidence_source"":""optimade:optimade-misc.odbx.science"",""evidence_source_id"":""camd-oqmd_5068"",""link"":""https://optimade-misc.odbx.science"",""native_description"":""The distance that this structure lies from the global convex hull spanned by all other structures in the database."",""native_field"":""_odbx_hull_distance"",""origin"":""optimade_provider_extension"",""raw_unit"":""eV/atom"",""raw_value"":0.274796651666669,""retrieved_at"":""2026-08-09T20:08:20.180209+00:00""}","[""provider_extension_not_optimade_core_property"",""calculation_model_not_declared_by_provider_info"",""provider_serves_miscellaneous_datasets""]",sha256:4d2433c13e289bb992f26382407fb53d89346f8012f5e16168052a96f01e6901
mos2-band-gap,optimade:optimade-misc.odbx.science,camd-oqmd_5068,MoS2,formation_energy_per_atom_eV,formation_energy_per_atom,-0.780354832675571,eV/atom,"{""code"":null,""corrections"":null,""dimensionality"":null,""functional"":null,""geometry_state"":null,""hubbard_u_eV"":null,""magnetic_configuration"":null,""method_family"":null,""pressure_GPa"":null,""reference_state"":""elemental chemical potentials"",""spin"":null,""strain_state"":null,""temperature_K"":null,""workflow"":null}","{""citation"":null,""contract"":""odbx_misc_optimade_extension_v1"",""endpoint"":""https://optimade-misc.odbx.science"",""evidence_source"":""optimade:optimade-misc.odbx.science"",""evidence_source_id"":""camd-oqmd_5068"",""link"":""https://optimade-misc.odbx.science"",""native_description"":""The formation energy of the structure, computed versus the elemental chemical potentials."",""native_field"":""_odbx_formation_energy"",""origin"":""optimade_provider_extension"",""raw_unit"":""eV/atom"",""raw_value"":-0.780354832675571,""retrieved_at"":""2026-08-09T20:08:20.180209+00:00""}","[""provider_extension_not_optimade_core_property"",""calculation_model_not_declared_by_provider_info"",""provider_serves_miscellaneous_datasets""]",sha256:4d2433c13e289bb992f26382407fb53d89346f8012f5e16168052a96f01e6901
mos2-band-gap,oqmd,5068,MoS2,band_gap_eV,electronic_band_gap,0.0,eV,"{""code"":null,""dimensionality"":null,""functional"":null,""gap_character"":null,""gap_observable_level"":null,""geometry_state"":null,""hubbard_u_eV"":null,""magnetic_configuration"":null,""method_family"":null,""modality"":null,""pressure_GPa"":null,""relativity_method"":null,""soc"":null,""spin"":null,""strain_state"":null,""temperature_K"":null,""workflow"":null}","{""citation"":null,""native_field"":""band_gap"",""origin"":""oqmd_formationenergy_search"",""raw_unit"":""eV"",""raw_value"":0.0,""retrieved_at"":""2026-08-09T20:08:26.155537+00:00""}","[""scientific_context_not_reported_by_oqmd_endpoint""]",sha256:4ed033115ee5b4ed60ab6cc4ae08f98d7cfd04307244debfdf4b67bfb0141a4e
mos2-band-gap,oqmd,5068,MoS2,energy_above_hull_eV,energy_above_convex_hull_per_atom,0.28082508833333286,eV/atom,"{""code"":null,""corrections"":null,""dimensionality"":null,""functional"":null,""geometry_state"":null,""hubbard_u_eV"":null,""hull_construction"":null,""magnetic_configuration"":null,""method_family"":null,""pressure_GPa"":null,""reference_state"":null,""spin"":null,""strain_state"":null,""temperature_K"":null,""thermodynamic_ensemble"":null,""workflow"":null}","{""citation"":null,""native_field"":""stability"",""origin"":""oqmd_formationenergy_search"",""raw_unit"":""eV/atom"",""raw_value"":0.28082508833333286,""retrieved_at"":""2026-08-09T20:08:26.155537+00:00""}","[""scientific_context_not_reported_by_oqmd_endpoint""]",sha256:4ed033115ee5b4ed60ab6cc4ae08f98d7cfd04307244debfdf4b67bfb0141a4e
mos2-band-gap,oqmd,5068,MoS2,formation_energy_per_atom_eV,formation_energy_per_atom,-0.780354832675571,eV/atom,"{""code"":null,""corrections"":null,""dimensionality"":null,""functional"":null,""geometry_state"":null,""hubbard_u_eV"":null,""magnetic_configuration"":null,""method_family"":null,""pressure_GPa"":null,""reference_state"":null,""spin"":null,""strain_state"":null,""temperature_K"":null,""workflow"":null}","{""citation"":null,""native_field"":""delta_e"",""origin"":""oqmd_formationenergy_search"",""raw_unit"":""eV/atom"",""raw_value"":-0.780354832675571,""retrieved_at"":""2026-08-09T20:08:26.155537+00:00""}","[""scientific_context_not_reported_by_oqmd_endpoint""]",sha256:4ed033115ee5b4ed60ab6cc4ae08f98d7cfd04307244debfdf4b67bfb0141a4e
mos2-band-gap,c2db,1MoS2-1,MoS2,band_gap_eV,electronic_band_gap,1.58,eV,"{""code"":null,""dimensionality"":""2D"",""functional"":""PBE"",""gap_character"":null,""gap_observable_level"":null,""geometry_state"":null,""hubbard_u_eV"":null,""magnetic_configuration"":null,""method_family"":""DFT"",""modality"":null,""pressure_GPa"":null,""relativity_method"":null,""soc"":true,""spin"":null,""strain_state"":null,""temperature_K"":null,""workflow"":null}","{""citation"":null,""endpoint"":""https://c2db.fysik.dtu.dk"",""evidence_source"":""c2db"",""evidence_source_id"":""1MoS2-1"",""link"":""https://c2db.fysik.dtu.dk/material/1MoS2-1"",""native_field"":""band_gap_pbe"",""native_semantic"":""c2db_ground_state_gap_with_soc"",""origin"":""c2db_summary"",""raw_unit"":""eV"",""raw_value"":""1.580"",""retrieved_at"":""2026-08-09T20:08:17.334184+00:00""}","[""workflow_and_code_not_reported_by_summary_record"",""source_contract_declares_soc_included"",""alternate_hse_gw_values_preserved_in_source_metadata""]",sha256:52ef908af5c1b3e1aad9b80aa576077b20f15385e5182c9754a9bd9cdbf4b1d2
mos2-band-gap,c2db,1MoS2-1,MoS2,energy_above_hull_eV,energy_above_convex_hull_per_atom,0.0,eV/atom,"{""code"":null,""corrections"":null,""dimensionality"":""2D"",""functional"":null,""geometry_state"":null,""hubbard_u_eV"":null,""hull_construction"":null,""magnetic_configuration"":null,""method_family"":""DFT"",""pressure_GPa"":null,""reference_state"":null,""spin"":null,""strain_state"":null,""temperature_K"":null,""thermodynamic_ensemble"":null,""workflow"":null}","{""citation"":null,""endpoint"":""https://c2db.fysik.dtu.dk"",""evidence_source"":""c2db"",""evidence_source_id"":""1MoS2-1"",""link"":""https://c2db.fysik.dtu.dk/material/1MoS2-1"",""native_field"":""energy_above_hull"",""native_semantic"":""source_reported_energy_above_hull_per_atom"",""origin"":""c2db_summary"",""raw_unit"":""eV/atom"",""raw_value"":""0.000"",""retrieved_at"":""2026-08-09T20:08:17.334184+00:00""}","[""hull_construction_and_reference_state_not_reported_by_summary_record""]",sha256:52ef908af5c1b3e1aad9b80aa576077b20f15385e5182c9754a9bd9cdbf4b1d2
mos2-band-gap,c2db,1MoS2-1,MoS2,heat_of_formation_per_atom_eV,heat_of_formation_per_atom,-0.921,eV/atom,"{""code"":null,""corrections"":null,""dimensionality"":""2D"",""functional"":null,""geometry_state"":null,""hubbard_u_eV"":null,""magnetic_configuration"":null,""method_family"":""DFT"",""pressure_GPa"":null,""reference_state"":null,""spin"":null,""strain_state"":null,""temperature_K"":null,""workflow"":null}","{""citation"":null,""endpoint"":""https://c2db.fysik.dtu.dk"",""evidence_source"":""c2db"",""evidence_source_id"":""1MoS2-1"",""link"":""https://c2db.fysik.dtu.dk/material/1MoS2-1"",""native_field"":""heat_of_formation"",""native_semantic"":""heat_of_formation_per_atom"",""origin"":""c2db_summary"",""raw_unit"":""eV/atom"",""raw_value"":""-0.921"",""retrieved_at"":""2026-08-09T20:08:17.334184+00:00""}","[""native_quantity_is_heat_of_formation_per_atom"",""reference_state_and_corrections_not_reported_by_summary_record""]",sha256:52ef908af5c1b3e1aad9b80aa576077b20f15385e5182c9754a9bd9cdbf4b1d2
mos2-band-gap,oqmd,48063,MoS2,band_gap_eV,electronic_band_gap,1.171,eV,"{""code"":null,""dimensionality"":null,""functional"":null,""gap_character"":null,""gap_observable_level"":null,""geometry_state"":null,""hubbard_u_eV"":null,""magnetic_configuration"":null,""method_family"":null,""modality"":null,""pressure_GPa"":null,""relativity_method"":null,""soc"":null,""spin"":null,""strain_state"":null,""temperature_K"":null,""workflow"":null}","{""citation"":null,""native_field"":""band_gap"",""origin"":""oqmd_formationenergy_search"",""raw_unit"":""eV"",""raw_value"":1.171,""retrieved_at"":""2026-08-09T20:08:26.156247+00:00""}","[""scientific_context_not_reported_by_oqmd_endpoint""]",sha256:5555e008cb8f991811e263433a9437ef47cc0419fde059af1db563b2754dd360
mos2-band-gap,oqmd,48063,MoS2,energy_above_hull_eV,energy_above_convex_hull_per_atom,0.009021581666663891,eV/atom,"{""code"":null,""corrections"":null,""dimensionality"":null,""functional"":null,""geometry_state"":null,""hubbard_u_eV"":null,""hull_construction"":null,""magnetic_configuration"":null,""method_family"":null,""pressure_GPa"":null,""reference_state"":null,""spin"":null,""strain_state"":null,""temperature_K"":null,""thermodynamic_ensemble"":null,""workflow"":null}","{""citation"":null,""native_field"":""stability"",""origin"":""oqmd_formationenergy_search"",""raw_unit"":""eV/atom"",""raw_value"":0.009021581666663891,""retrieved_at"":""2026-08-09T20:08:26.156247+00:00""}","[""scientific_context_not_reported_by_oqmd_endpoint""]",sha256:5555e008cb8f991811e263433a9437ef47cc0419fde059af1db563b2754dd360
mos2-band-gap,oqmd,48063,MoS2,formation_energy_per_atom_eV,formation_energy_per_atom,-1.05215833934224,eV/atom,"{""code"":null,""corrections"":null,""dimensionality"":null,""functional"":null,""geometry_state"":null,""hubbard_u_eV"":null,""magnetic_configuration"":null,""method_family"":null,""pressure_GPa"":null,""reference_state"":null,""spin"":null,""strain_state"":null,""temperature_K"":null,""workflow"":null}","{""citation"":null,""native_field"":""delta_e"",""origin"":""oqmd_formationenergy_search"",""raw_unit"":""eV/atom"",""raw_value"":-1.05215833934224,""retrieved_at"":""2026-08-09T20:08:26.156247+00:00""}","[""scientific_context_not_reported_by_oqmd_endpoint""]",sha256:5555e008cb8f991811e263433a9437ef47cc0419fde059af1db563b2754dd360
mos2-band-gap,alexandria,agm005541302,MoS2,band_gap_eV,electronic_band_gap,1.5568,eV,"{""code"":null,""dimensionality"":null,""functional"":null,""gap_character"":null,""gap_observable_level"":null,""geometry_state"":null,""hubbard_u_eV"":null,""magnetic_configuration"":null,""method_family"":null,""modality"":null,""pressure_GPa"":null,""relativity_method"":null,""soc"":null,""spin"":null,""strain_state"":null,""temperature_K"":null,""workflow"":null}","{""citation"":null,""endpoint"":""https://alexandria.icams.rub.de"",""evidence_source"":""alexandria"",""evidence_source_id"":""agm005541302"",""link"":""https://alexandria.icams.rub.de"",""native_field"":""band_gap_ind"",""origin"":""alexandria_public_website"",""raw_unit"":""eV"",""raw_value"":1.5568,""retrieved_at"":""2026-08-09T20:08:16.986790+00:00""}","[""functional_not_provided_by_public_website""]",sha256:5a5de180751db67fe317c6ab05deff9d0e21230b8656261f5f6809ce5eb16e0e
mos2-band-gap,alexandria,agm005541302,MoS2,energy_above_hull_eV,energy_above_convex_hull_per_atom,0.000653965,eV/atom,"{""code"":null,""corrections"":null,""dimensionality"":null,""functional"":null,""geometry_state"":null,""hubbard_u_eV"":null,""hull_construction"":null,""magnetic_configuration"":null,""method_family"":null,""pressure_GPa"":null,""reference_state"":null,""spin"":null,""strain_state"":null,""temperature_K"":null,""thermodynamic_ensemble"":null,""workflow"":null}","{""citation"":null,""endpoint"":""https://alexandria.icams.rub.de"",""evidence_source"":""alexandria"",""evidence_source_id"":""agm005541302"",""link"":""https://alexandria.icams.rub.de"",""native_field"":""e_above_hull"",""origin"":""alexandria_public_website"",""raw_unit"":""eV/atom"",""raw_value"":0.000653965,""retrieved_at"":""2026-08-09T20:08:16.986790+00:00""}","[""functional_not_provided_by_public_website""]",sha256:5a5de180751db67fe317c6ab05deff9d0e21230b8656261f5f6809ce5eb16e0e
mos2-band-gap,optimade:optimade-misc.odbx.science,camd-oqmd_7011,MoS2,energy_above_hull_eV,energy_above_convex_hull_per_atom,0.0029969116666699325,eV/atom,"{""code"":null,""corrections"":null,""dimensionality"":null,""functional"":null,""geometry_state"":null,""hubbard_u_eV"":null,""hull_construction"":""global convex hull spanned by all other structures in the database"",""magnetic_configuration"":null,""method_family"":null,""pressure_GPa"":null,""reference_state"":null,""spin"":null,""strain_state"":null,""temperature_K"":null,""thermodynamic_ensemble"":null,""workflow"":null}","{""citation"":null,""contract"":""odbx_misc_optimade_extension_v1"",""endpoint"":""https://optimade-misc.odbx.science"",""evidence_source"":""optimade:optimade-misc.odbx.science"",""evidence_source_id"":""camd-oqmd_7011"",""link"":""https://optimade-misc.odbx.science"",""native_description"":""The distance that this structure lies from the global convex hull spanned by all other structures in the database."",""native_field"":""_odbx_hull_distance"",""origin"":""optimade_provider_extension"",""raw_unit"":""eV/atom"",""raw_value"":0.0029969116666699325,""retrieved_at"":""2026-08-09T20:08:20.180297+00:00""}","[""provider_extension_not_optimade_core_property"",""calculation_model_not_declared_by_provider_info"",""provider_serves_miscellaneous_datasets""]",sha256:5b4fdde61f7e831fe21be0e8d885f1f6bc9ea52337385f714c8cb3c8c1555266
mos2-band-gap,optimade:optimade-misc.odbx.science,camd-oqmd_7011,MoS2,formation_energy_per_atom_eV,formation_energy_per_atom,-1.05215457267557,eV/atom,"{""code"":null,""corrections"":null,""dimensionality"":null,""functional"":null,""geometry_state"":null,""hubbard_u_eV"":null,""magnetic_configuration"":null,""method_family"":null,""pressure_GPa"":null,""reference_state"":""elemental chemical potentials"",""spin"":null,""strain_state"":null,""temperature_K"":null,""workflow"":null}","{""citation"":null,""contract"":""odbx_misc_optimade_extension_v1"",""endpoint"":""https://optimade-misc.odbx.science"",""evidence_source"":""optimade:optimade-misc.odbx.science"",""evidence_source_id"":""camd-oqmd_7011"",""link"":""https://optimade-misc.odbx.science"",""native_description"":""The formation energy of the structure, computed versus the elemental chemical potentials."",""native_field"":""_odbx_formation_energy"",""origin"":""optimade_provider_extension"",""raw_unit"":""eV/atom"",""raw_value"":-1.05215457267557,""retrieved_at"":""2026-08-09T20:08:20.180297+00:00""}","[""provider_extension_not_optimade_core_property"",""calculation_model_not_declared_by_provider_info"",""provider_serves_miscellaneous_datasets""]",sha256:5b4fdde61f7e831fe21be0e8d885f1f6bc9ea52337385f714c8cb3c8c1555266
mos2-band-gap,materials_project,aaafbymo,MoS2,band_gap_eV,electronic_band_gap,0.0,eV,"{""code"":null,""dimensionality"":null,""functional"":null,""gap_character"":null,""gap_observable_level"":null,""geometry_state"":null,""hubbard_u_eV"":null,""magnetic_configuration"":null,""method_family"":null,""modality"":null,""pressure_GPa"":null,""relativity_method"":null,""soc"":null,""spin"":null,""strain_state"":null,""temperature_K"":null,""workflow"":null}","{""citation"":null,""endpoint"":""/materials/summary/"",""evidence_source"":""materials_project"",""evidence_source_id"":""aaafbymo"",""native_field"":""band_gap"",""origin"":""materials_project_summary"",""raw_unit"":""eV"",""raw_value"":0.0,""retrieved_at"":""2026-08-09T20:08:39.720761+00:00"",""summary_property_origin"":{""last_updated"":""2022-06-10T14:32:48.017000Z"",""name"":""electronic_structure"",""task_id"":""aaafbymo""},""summary_property_origin_candidates"":[{""last_updated"":""2022-06-10T14:32:48.017000Z"",""name"":""electronic_structure"",""task_id"":""aaafbymo""}],""summary_property_origin_family"":""electronic_structure""}","[""scientific_context_not_reported_by_summary_endpoint""]",sha256:5eb88a16734318ce1074e4ad088de3ec9f516e75114aec11aa2d8c6eaad656bc
mos2-band-gap,materials_project,mp-558544,MoS2,energy_above_hull_eV,energy_above_convex_hull_per_atom,0.27971718666666945,eV/atom,"{""code"":null,""corrections"":null,""dimensionality"":null,""functional"":null,""geometry_state"":null,""hubbard_u_eV"":null,""hull_construction"":null,""magnetic_configuration"":null,""method_family"":null,""pressure_GPa"":null,""reference_state"":null,""spin"":null,""strain_state"":null,""temperature_K"":null,""thermodynamic_ensemble"":null,""workflow"":null}","{""citation"":null,""endpoint"":""/materials/summary/"",""evidence_source"":null,""evidence_source_id"":null,""native_field"":""energy_above_hull"",""origin"":""materials_project_summary"",""raw_unit"":""eV/atom"",""raw_value"":0.27971718666666945,""retrieved_at"":""2026-08-09T20:08:39.720761+00:00"",""summary_property_origin"":null,""summary_property_origin_candidates"":[],""summary_property_origin_family"":""thermo""}","[""scientific_context_not_reported_by_summary_endpoint"",""summary_property_not_bound_to_calculation_task""]",sha256:5eb88a16734318ce1074e4ad088de3ec9f516e75114aec11aa2d8c6eaad656bc
mos2-band-gap,materials_project,mp-558544,MoS2,formation_energy_per_atom_eV,formation_energy_per_atom,-0.6864253585416643,eV/atom,"{""code"":null,""corrections"":null,""dimensionality"":null,""functional"":null,""geometry_state"":null,""hubbard_u_eV"":null,""magnetic_configuration"":null,""method_family"":null,""pressure_GPa"":null,""reference_state"":null,""spin"":null,""strain_state"":null,""temperature_K"":null,""workflow"":null}","{""citation"":null,""endpoint"":""/materials/summary/"",""evidence_source"":null,""evidence_source_id"":null,""native_field"":""formation_energy_per_atom"",""origin"":""materials_project_summary"",""raw_unit"":""eV/atom"",""raw_value"":-0.6864253585416643,""retrieved_at"":""2026-08-09T20:08:39.720761+00:00"",""summary_property_origin"":null,""summary_property_origin_candidates"":[],""summary_property_origin_family"":""thermo""}","[""scientific_context_not_reported_by_summary_endpoint"",""summary_property_not_bound_to_calculation_task""]",sha256:5eb88a16734318ce1074e4ad088de3ec9f516e75114aec11aa2d8c6eaad656bc
mos2-band-gap,materials_project,mp-558544,MoS2,is_stable,thermodynamic_stability_label,false,,"{""code"":null,""dimensionality"":null,""functional"":null,""geometry_state"":null,""hull_construction"":null,""magnetic_configuration"":null,""method_family"":null,""pressure_GPa"":null,""reference_state"":null,""spin"":null,""stability_definition"":""Materials Project SummaryDoc: true means the source-selected thermodynamic entry is a stable entry on the source phase-diagram convex hull"",""strain_state"":null,""temperature_K"":null,""thermodynamic_ensemble"":null,""workflow"":null}","{""citation"":null,""endpoint"":""/materials/summary/"",""evidence_source"":null,""evidence_source_id"":null,""native_field"":""is_stable"",""native_semantic"":""materials_project_summary_source_native_stability_label"",""origin"":""materials_project_summary"",""raw_unit"":null,""raw_value"":false,""retrieved_at"":""2026-08-09T20:08:39.720761+00:00"",""summary_property_origin"":null,""summary_property_origin_candidates"":[],""summary_property_origin_family"":""thermo""}","[""scientific_context_not_reported_by_summary_endpoint"",""summary_property_not_bound_to_calculation_task"",""source_definition_not_recomputed_by_matrouter"",""summary_stability_not_bound_to_exact_thermo_type_entry_set_or_energy_frame""]",sha256:5eb88a16734318ce1074e4ad088de3ec9f516e75114aec11aa2d8c6eaad656bc
mos2-band-gap,oqmd,1444459,MoS2,band_gap_eV,electronic_band_gap,1.946,eV,"{""code"":null,""dimensionality"":null,""functional"":null,""gap_character"":null,""gap_observable_level"":null,""geometry_state"":null,""hubbard_u_eV"":null,""magnetic_configuration"":null,""method_family"":null,""modality"":null,""pressure_GPa"":null,""relativity_method"":null,""soc"":null,""spin"":null,""strain_state"":null,""temperature_K"":null,""workflow"":null}","{""citation"":null,""native_field"":""band_gap"",""origin"":""oqmd_formationenergy_search"",""raw_unit"":""eV"",""raw_value"":1.946,""retrieved_at"":""2026-08-09T20:08:26.156456+00:00""}","[""scientific_context_not_reported_by_oqmd_endpoint""]",sha256:62b24882a6a9ff1c9222cec28ac1cc149ca7938bbbcdbe9e72b0abdc2f37e3fa
mos2-band-gap,oqmd,1444459,MoS2,energy_above_hull_eV,energy_above_convex_hull_per_atom,0.0020905600000038493,eV/atom,"{""code"":null,""corrections"":null,""dimensionality"":null,""functional"":null,""geometry_state"":null,""hubbard_u_eV"":null,""hull_construction"":null,""magnetic_configuration"":null,""method_family"":null,""pressure_GPa"":null,""reference_state"":null,""spin"":null,""strain_state"":null,""temperature_K"":null,""thermodynamic_ensemble"":null,""workflow"":null}","{""citation"":null,""native_field"":""stability"",""origin"":""oqmd_formationenergy_search"",""raw_unit"":""eV/atom"",""raw_value"":0.0020905600000038493,""retrieved_at"":""2026-08-09T20:08:26.156456+00:00""}","[""scientific_context_not_reported_by_oqmd_endpoint""]",sha256:62b24882a6a9ff1c9222cec28ac1cc149ca7938bbbcdbe9e72b0abdc2f37e3fa
mos2-band-gap,oqmd,1444459,MoS2,formation_energy_per_atom_eV,formation_energy_per_atom,-1.0590893610089,eV/atom,"{""code"":null,""corrections"":null,""dimensionality"":null,""functional"":null,""geometry_state"":null,""hubbard_u_eV"":null,""magnetic_configuration"":null,""method_family"":null,""pressure_GPa"":null,""reference_state"":null,""spin"":null,""strain_state"":null,""temperature_K"":null,""workflow"":null}","{""citation"":null,""native_field"":""delta_e"",""origin"":""oqmd_formationenergy_search"",""raw_unit"":""eV/atom"",""raw_value"":-1.0590893610089,""retrieved_at"":""2026-08-09T20:08:26.156456+00:00""}","[""scientific_context_not_reported_by_oqmd_endpoint""]",sha256:62b24882a6a9ff1c9222cec28ac1cc149ca7938bbbcdbe9e72b0abdc2f37e3fa
mos2-band-gap,alexandria,agm001850481,MoS2,band_gap_eV,electronic_band_gap,0.0,eV,"{""code"":null,""dimensionality"":null,""functional"":null,""gap_character"":null,""gap_observable_level"":null,""geometry_state"":null,""hubbard_u_eV"":null,""magnetic_configuration"":null,""method_family"":null,""modality"":null,""pressure_GPa"":null,""relativity_method"":null,""soc"":null,""spin"":null,""strain_state"":null,""temperature_K"":null,""workflow"":null}","{""citation"":null,""endpoint"":""https://alexandria.icams.rub.de"",""evidence_source"":""alexandria"",""evidence_source_id"":""agm001850481"",""link"":""https://alexandria.icams.rub.de"",""native_field"":""band_gap_ind"",""origin"":""alexandria_public_website"",""raw_unit"":""eV"",""raw_value"":0.0,""retrieved_at"":""2026-08-09T20:08:16.987658+00:00""}","[""functional_not_provided_by_public_website""]",sha256:63405ea308d0fd20ceff0415c1554238e721cd6757dd93de0d4c95bbb5b6ec57
mos2-band-gap,alexandria,agm001850481,MoS2,energy_above_hull_eV,energy_above_convex_hull_per_atom,0.41352642,eV/atom,"{""code"":null,""corrections"":null,""dimensionality"":null,""functional"":null,""geometry_state"":null,""hubbard_u_eV"":null,""hull_construction"":null,""magnetic_configuration"":null,""method_family"":null,""pressure_GPa"":null,""reference_state"":null,""spin"":null,""strain_state"":null,""temperature_K"":null,""thermodynamic_ensemble"":null,""workflow"":null}","{""citation"":null,""endpoint"":""https://alexandria.icams.rub.de"",""evidence_source"":""alexandria"",""evidence_source_id"":""agm001850481"",""link"":""https://alexandria.icams.rub.de"",""native_field"":""e_above_hull"",""origin"":""alexandria_public_website"",""raw_unit"":""eV/atom"",""raw_value"":0.41352642,""retrieved_at"":""2026-08-09T20:08:16.987658+00:00""}","[""functional_not_provided_by_public_website""]",sha256:63405ea308d0fd20ceff0415c1554238e721cd6757dd93de0d4c95bbb5b6ec57
mos2-band-gap,alexandria,agm005243021,MoS2,band_gap_eV,electronic_band_gap,1.4785,eV,"{""code"":null,""dimensionality"":null,""functional"":null,""gap_character"":null,""gap_observable_level"":null,""geometry_state"":null,""hubbard_u_eV"":null,""magnetic_configuration"":null,""method_family"":null,""modality"":null,""pressure_GPa"":null,""relativity_method"":null,""soc"":null,""spin"":null,""strain_state"":null,""temperature_K"":null,""workflow"":null}","{""citation"":null,""endpoint"":""https://alexandria.icams.rub.de"",""evidence_source"":""alexandria"",""evidence_source_id"":""agm005243021"",""link"":""https://alexandria.icams.rub.de"",""native_field"":""band_gap_ind"",""origin"":""alexandria_public_website"",""raw_unit"":""eV"",""raw_value"":1.4785,""retrieved_at"":""2026-08-09T20:08:16.986915+00:00""}","[""functional_not_provided_by_public_website""]",sha256:63d3f03b83d655001fa4d4d714f6876079f3e6454b57890dcda7a7bad9a58b77
mos2-band-gap,alexandria,agm005243021,MoS2,energy_above_hull_eV,energy_above_convex_hull_per_atom,0.00078120665,eV/atom,"{""code"":null,""corrections"":null,""dimensionality"":null,""functional"":null,""geometry_state"":null,""hubbard_u_eV"":null,""hull_construction"":null,""magnetic_configuration"":null,""method_family"":null,""pressure_GPa"":null,""reference_state"":null,""spin"":null,""strain_state"":null,""temperature_K"":null,""thermodynamic_ensemble"":null,""workflow"":null}","{""citation"":null,""endpoint"":""https://alexandria.icams.rub.de"",""evidence_source"":""alexandria"",""evidence_source_id"":""agm005243021"",""link"":""https://alexandria.icams.rub.de"",""native_field"":""e_above_hull"",""origin"":""alexandria_public_website"",""raw_unit"":""eV/atom"",""raw_value"":0.00078120665,""retrieved_at"":""2026-08-09T20:08:16.986915+00:00""}","[""functional_not_provided_by_public_website""]",sha256:63d3f03b83d655001fa4d4d714f6876079f3e6454b57890dcda7a7bad9a58b77
mos2-band-gap,c2db,1MoS2-2,MoS2,band_gap_eV,electronic_band_gap,0.0,eV,"{""code"":null,""dimensionality"":""2D"",""functional"":""PBE"",""gap_character"":null,""gap_observable_level"":null,""geometry_state"":null,""hubbard_u_eV"":null,""magnetic_configuration"":null,""method_family"":""DFT"",""modality"":null,""pressure_GPa"":null,""relativity_method"":null,""soc"":true,""spin"":null,""strain_state"":null,""temperature_K"":null,""workflow"":null}","{""citation"":null,""endpoint"":""https://c2db.fysik.dtu.dk"",""evidence_source"":""c2db"",""evidence_source_id"":""1MoS2-2"",""link"":""https://c2db.fysik.dtu.dk/material/1MoS2-2"",""native_field"":""band_gap_pbe"",""native_semantic"":""c2db_ground_state_gap_with_soc"",""origin"":""c2db_summary"",""raw_unit"":""eV"",""raw_value"":""0.000"",""retrieved_at"":""2026-08-09T20:08:17.334354+00:00""}","[""workflow_and_code_not_reported_by_summary_record"",""source_contract_declares_soc_included"",""alternate_hse_gw_values_preserved_in_source_metadata""]",sha256:667e1af78990e3006e5d338bdafbcd7faf834749f66950cfeb774b564a8c988b
mos2-band-gap,c2db,1MoS2-2,MoS2,energy_above_hull_eV,energy_above_convex_hull_per_atom,0.277,eV/atom,"{""code"":null,""corrections"":null,""dimensionality"":""2D"",""functional"":null,""geometry_state"":null,""hubbard_u_eV"":null,""hull_construction"":null,""magnetic_configuration"":null,""method_family"":""DFT"",""pressure_GPa"":null,""reference_state"":null,""spin"":null,""strain_state"":null,""temperature_K"":null,""thermodynamic_ensemble"":null,""workflow"":null}","{""citation"":null,""endpoint"":""https://c2db.fysik.dtu.dk"",""evidence_source"":""c2db"",""evidence_source_id"":""1MoS2-2"",""link"":""https://c2db.fysik.dtu.dk/material/1MoS2-2"",""native_field"":""energy_above_hull"",""native_semantic"":""source_reported_energy_above_hull_per_atom"",""origin"":""c2db_summary"",""raw_unit"":""eV/atom"",""raw_value"":""0.277"",""retrieved_at"":""2026-08-09T20:08:17.334354+00:00""}","[""hull_construction_and_reference_state_not_reported_by_summary_record""]",sha256:667e1af78990e3006e5d338bdafbcd7faf834749f66950cfeb774b564a8c988b
mos2-band-gap,c2db,1MoS2-2,MoS2,heat_of_formation_per_atom_eV,heat_of_formation_per_atom,-0.644,eV/atom,"{""code"":null,""corrections"":null,""dimensionality"":""2D"",""functional"":null,""geometry_state"":null,""hubbard_u_eV"":null,""magnetic_configuration"":null,""method_family"":""DFT"",""pressure_GPa"":null,""reference_state"":null,""spin"":null,""strain_state"":null,""temperature_K"":null,""workflow"":null}","{""citation"":null,""endpoint"":""https://c2db.fysik.dtu.dk"",""evidence_source"":""c2db"",""evidence_source_id"":""1MoS2-2"",""link"":""https://c2db.fysik.dtu.dk/material/1MoS2-2"",""native_field"":""heat_of_formation"",""native_semantic"":""heat_of_formation_per_atom"",""origin"":""c2db_summary"",""raw_unit"":""eV/atom"",""raw_value"":""-0.644"",""retrieved_at"":""2026-08-09T20:08:17.334354+00:00""}","[""native_quantity_is_heat_of_formation_per_atom"",""reference_state_and_corrections_not_reported_by_summary_record""]",sha256:667e1af78990e3006e5d338bdafbcd7faf834749f66950cfeb774b564a8c988b
mos2-band-gap,materialsgalaxy:topo_crystals,mg-58889,MoS2,band_gap_eV,electronic_band_gap,0.9106788177339915,eV,"{""code"":null,""dimensionality"":2,""functional"":null,""gap_character"":null,""gap_observable_level"":null,""geometry_state"":null,""hubbard_u_eV"":null,""magnetic_configuration"":null,""method_family"":null,""modality"":null,""pressure_GPa"":null,""relativity_method"":null,""soc"":null,""spin"":null,""strain_state"":null,""temperature_K"":null,""workflow"":null}","{""citation"":null,""contract"":""materialsgalaxy_api_v1_summary_band_gap_eV"",""endpoint"":""https://materialsgalaxy.iphy.ac.cn/api/v1/materials/summary"",""evidence_source"":""materialsgalaxy:topo_crystals"",""evidence_source_id"":""mg-58889"",""link"":""https://materialsgalaxy.iphy.ac.cn/api/v1/materials/summary/mg-58889"",""native_field"":""properties.band_gap"",""origin"":""materialsgalaxy_summary"",""raw_unit"":""eV"",""raw_value"":0.9106788177339915,""retrieved_at"":""2026-08-09T20:08:16.047342+00:00""}","[""summary_does_not_bind_band_gap_to_method_or_soc_setting"",""mp_id_is_cross_reference_not_property_evidence_identity""]",sha256:66e975b07368fc6ca327188ad3d67522406a9db4267b36e3af690b99dddb598f
mos2-band-gap,materialsgalaxy:topo_crystals,mg-58889,MoS2,topology_class_no_soc,source_native_topology_classification,"""Triv_Ins""",,"{""soc"":false,""source_definition"":""not_reported_by_source_record""}","{""citation"":null,""contract"":""materialsgalaxy_api_v1_summary_source_native_topology_classification"",""endpoint"":""https://materialsgalaxy.iphy.ac.cn/api/v1/materials/summary"",""evidence_source"":""materialsgalaxy:topo_crystals"",""evidence_source_id"":""mg-58889"",""link"":""https://materialsgalaxy.iphy.ac.cn/api/v1/materials/summary/mg-58889"",""native_field"":""properties.nsoc_topo_class"",""origin"":""materialsgalaxy_summary"",""raw_unit"":null,""raw_value"":""Triv_Ins"",""retrieved_at"":""2026-08-09T20:08:16.047342+00:00""}","[""source_native_label_not_independent_topology_validation"",""summary_label_does_not_validate_invariants_or_surface_states"",""classification_definition_not_reported_by_source_record"",""mp_id_is_cross_reference_not_property_evidence_identity""]",sha256:66e975b07368fc6ca327188ad3d67522406a9db4267b36e3af690b99dddb598f
mos2-band-gap,materialsgalaxy:topo_crystals,mg-58889,MoS2,topology_class_soc,source_native_topology_classification,"""Triv_Ins""",,"{""soc"":true,""source_definition"":""not_reported_by_source_record""}","{""citation"":null,""contract"":""materialsgalaxy_api_v1_summary_source_native_topology_classification"",""endpoint"":""https://materialsgalaxy.iphy.ac.cn/api/v1/materials/summary"",""evidence_source"":""materialsgalaxy:topo_crystals"",""evidence_source_id"":""mg-58889"",""link"":""https://materialsgalaxy.iphy.ac.cn/api/v1/materials/summary/mg-58889"",""native_field"":""properties.soc_topo_class"",""origin"":""materialsgalaxy_summary"",""raw_unit"":null,""raw_value"":""Triv_Ins"",""retrieved_at"":""2026-08-09T20:08:16.047342+00:00""}","[""source_native_label_not_independent_topology_validation"",""summary_label_does_not_validate_invariants_or_surface_states"",""classification_definition_not_reported_by_source_record"",""mp_id_is_cross_reference_not_property_evidence_identity""]",sha256:66e975b07368fc6ca327188ad3d67522406a9db4267b36e3af690b99dddb598f
mos2-band-gap,materials_project,aaafbblj,MoS2,band_gap_eV,electronic_band_gap,0.0,eV,"{""code"":null,""dimensionality"":null,""functional"":null,""gap_character"":null,""gap_observable_level"":null,""geometry_state"":null,""hubbard_u_eV"":null,""magnetic_configuration"":null,""method_family"":null,""modality"":null,""pressure_GPa"":null,""relativity_method"":null,""soc"":null,""spin"":null,""strain_state"":null,""temperature_K"":null,""workflow"":null}","{""citation"":null,""endpoint"":""/materials/summary/"",""evidence_source"":""materials_project"",""evidence_source_id"":""aaafbblj"",""native_field"":""band_gap"",""origin"":""materials_project_summary"",""raw_unit"":""eV"",""raw_value"":0.0,""retrieved_at"":""2026-08-09T20:08:39.718696+00:00"",""summary_property_origin"":{""last_updated"":""2022-06-09T01:37:54.324000Z"",""name"":""electronic_structure"",""task_id"":""aaafbblj""},""summary_property_origin_candidates"":[{""last_updated"":""2022-06-09T01:37:54.324000Z"",""name"":""electronic_structure"",""task_id"":""aaafbblj""}],""summary_property_origin_family"":""electronic_structure""}","[""scientific_context_not_reported_by_summary_endpoint""]",sha256:6a88f515400cd73ec875e768180343f0071653eb177f7dd9b05c4aaf4a98c26f
mos2-band-gap,materials_project,mp-1042086,MoS2,energy_above_hull_eV,energy_above_convex_hull_per_atom,0.6475009966666683,eV/atom,"{""code"":null,""corrections"":null,""dimensionality"":null,""functional"":null,""geometry_state"":null,""hubbard_u_eV"":null,""hull_construction"":null,""magnetic_configuration"":null,""method_family"":null,""pressure_GPa"":null,""reference_state"":null,""spin"":null,""strain_state"":null,""temperature_K"":null,""thermodynamic_ensemble"":null,""workflow"":null}","{""citation"":null,""endpoint"":""/materials/summary/"",""evidence_source"":null,""evidence_source_id"":null,""native_field"":""energy_above_hull"",""origin"":""materials_project_summary"",""raw_unit"":""eV/atom"",""raw_value"":0.6475009966666683,""retrieved_at"":""2026-08-09T20:08:39.718696+00:00"",""summary_property_origin"":null,""summary_property_origin_candidates"":[],""summary_property_origin_family"":""thermo""}","[""scientific_context_not_reported_by_summary_endpoint"",""summary_property_not_bound_to_calculation_task""]",sha256:6a88f515400cd73ec875e768180343f0071653eb177f7dd9b05c4aaf4a98c26f
mos2-band-gap,materials_project,mp-1042086,MoS2,formation_energy_per_atom_eV,formation_energy_per_atom,-0.31864154854166554,eV/atom,"{""code"":null,""corrections"":null,""dimensionality"":null,""functional"":null,""geometry_state"":null,""hubbard_u_eV"":null,""magnetic_configuration"":null,""method_family"":null,""pressure_GPa"":null,""reference_state"":null,""spin"":null,""strain_state"":null,""temperature_K"":null,""workflow"":null}","{""citation"":null,""endpoint"":""/materials/summary/"",""evidence_source"":null,""evidence_source_id"":null,""native_field"":""formation_energy_per_atom"",""origin"":""materials_project_summary"",""raw_unit"":""eV/atom"",""raw_value"":-0.31864154854166554,""retrieved_at"":""2026-08-09T20:08:39.718696+00:00"",""summary_property_origin"":null,""summary_property_origin_candidates"":[],""summary_property_origin_family"":""thermo""}","[""scientific_context_not_reported_by_summary_endpoint"",""summary_property_not_bound_to_calculation_task""]",sha256:6a88f515400cd73ec875e768180343f0071653eb177f7dd9b05c4aaf4a98c26f
mos2-band-gap,materials_project,mp-1042086,MoS2,is_stable,thermodynamic_stability_label,false,,"{""code"":null,""dimensionality"":null,""functional"":null,""geometry_state"":null,""hull_construction"":null,""magnetic_configuration"":null,""method_family"":null,""pressure_GPa"":null,""reference_state"":null,""spin"":null,""stability_definition"":""Materials Project SummaryDoc: true means the source-selected thermodynamic entry is a stable entry on the source phase-diagram convex hull"",""strain_state"":null,""temperature_K"":null,""thermodynamic_ensemble"":null,""workflow"":null}","{""citation"":null,""endpoint"":""/materials/summary/"",""evidence_source"":null,""evidence_source_id"":null,""native_field"":""is_stable"",""native_semantic"":""materials_project_summary_source_native_stability_label"",""origin"":""materials_project_summary"",""raw_unit"":null,""raw_value"":false,""retrieved_at"":""2026-08-09T20:08:39.718696+00:00"",""summary_property_origin"":null,""summary_property_origin_candidates"":[],""summary_property_origin_family"":""thermo""}","[""scientific_context_not_reported_by_summary_endpoint"",""summary_property_not_bound_to_calculation_task"",""source_definition_not_recomputed_by_matrouter"",""summary_stability_not_bound_to_exact_thermo_type_entry_set_or_energy_frame""]",sha256:6a88f515400cd73ec875e768180343f0071653eb177f7dd9b05c4aaf4a98c26f
mos2-band-gap,materials_project,aaafblyn,MoS2,band_gap_eV,electronic_band_gap,1.6605999999999999,eV,"{""code"":null,""dimensionality"":null,""functional"":null,""gap_character"":null,""gap_observable_level"":null,""geometry_state"":null,""hubbard_u_eV"":null,""magnetic_configuration"":null,""method_family"":null,""modality"":null,""pressure_GPa"":null,""relativity_method"":null,""soc"":null,""spin"":null,""strain_state"":null,""temperature_K"":null,""workflow"":null}","{""citation"":null,""endpoint"":""/materials/summary/"",""evidence_source"":""materials_project"",""evidence_source_id"":""aaafblyn"",""native_field"":""band_gap"",""origin"":""materials_project_summary"",""raw_unit"":""eV"",""raw_value"":1.6605999999999999,""retrieved_at"":""2026-08-09T20:08:39.716917+00:00"",""summary_property_origin"":{""last_updated"":""2022-06-10T02:30:09.251000Z"",""name"":""electronic_structure"",""task_id"":""aaafblyn""},""summary_property_origin_candidates"":[{""last_updated"":""2022-06-10T02:30:09.251000Z"",""name"":""electronic_structure"",""task_id"":""aaafblyn""}],""summary_property_origin_family"":""electronic_structure""}","[""scientific_context_not_reported_by_summary_endpoint""]",sha256:6e5a1c5a0db415fc2da8737712dea2c8b314fa26b53041d2f3303e85ca602c22
mos2-band-gap,materials_project,mp-1023924,MoS2,energy_above_hull_eV,energy_above_convex_hull_per_atom,0.01443991333333372,eV/atom,"{""code"":null,""corrections"":null,""dimensionality"":null,""functional"":null,""geometry_state"":null,""hubbard_u_eV"":null,""hull_construction"":null,""magnetic_configuration"":null,""method_family"":null,""pressure_GPa"":null,""reference_state"":null,""spin"":null,""strain_state"":null,""temperature_K"":null,""thermodynamic_ensemble"":null,""workflow"":null}","{""citation"":null,""endpoint"":""/materials/summary/"",""evidence_source"":null,""evidence_source_id"":null,""native_field"":""energy_above_hull"",""origin"":""materials_project_summary"",""raw_unit"":""eV/atom"",""raw_value"":0.01443991333333372,""retrieved_at"":""2026-08-09T20:08:39.716917+00:00"",""summary_property_origin"":null,""summary_property_origin_candidates"":[],""summary_property_origin_family"":""thermo""}","[""scientific_context_not_reported_by_summary_endpoint"",""summary_property_not_bound_to_calculation_task""]",sha256:6e5a1c5a0db415fc2da8737712dea2c8b314fa26b53041d2f3303e85ca602c22
mos2-band-gap,materials_project,mp-1023924,MoS2,formation_energy_per_atom_eV,formation_energy_per_atom,-0.9517026318749989,eV/atom,"{""code"":null,""corrections"":null,""dimensionality"":null,""functional"":null,""geometry_state"":null,""hubbard_u_eV"":null,""magnetic_configuration"":null,""method_family"":null,""pressure_GPa"":null,""reference_state"":null,""spin"":null,""strain_state"":null,""temperature_K"":null,""workflow"":null}","{""citation"":null,""endpoint"":""/materials/summary/"",""evidence_source"":null,""evidence_source_id"":null,""native_field"":""formation_energy_per_atom"",""origin"":""materials_project_summary"",""raw_unit"":""eV/atom"",""raw_value"":-0.9517026318749989,""retrieved_at"":""2026-08-09T20:08:39.716917+00:00"",""summary_property_origin"":null,""summary_property_origin_candidates"":[],""summary_property_origin_family"":""thermo""}","[""scientific_context_not_reported_by_summary_endpoint"",""summary_property_not_bound_to_calculation_task""]",sha256:6e5a1c5a0db415fc2da8737712dea2c8b314fa26b53041d2f3303e85ca602c22
mos2-band-gap,materials_project,mp-1023924,MoS2,is_stable,thermodynamic_stability_label,false,,"{""code"":null,""dimensionality"":null,""functional"":null,""geometry_state"":null,""hull_construction"":null,""magnetic_configuration"":null,""method_family"":null,""pressure_GPa"":null,""reference_state"":null,""spin"":null,""stability_definition"":""Materials Project SummaryDoc: true means the source-selected thermodynamic entry is a stable entry on the source phase-diagram convex hull"",""strain_state"":null,""temperature_K"":null,""thermodynamic_ensemble"":null,""workflow"":null}","{""citation"":null,""endpoint"":""/materials/summary/"",""evidence_source"":null,""evidence_source_id"":null,""native_field"":""is_stable"",""native_semantic"":""materials_project_summary_source_native_stability_label"",""origin"":""materials_project_summary"",""raw_unit"":null,""raw_value"":false,""retrieved_at"":""2026-08-09T20:08:39.716917+00:00"",""summary_property_origin"":null,""summary_property_origin_candidates"":[],""summary_property_origin_family"":""thermo""}","[""scientific_context_not_reported_by_summary_endpoint"",""summary_property_not_bound_to_calculation_task"",""source_definition_not_recomputed_by_matrouter"",""summary_stability_not_bound_to_exact_thermo_type_entry_set_or_energy_frame""]",sha256:6e5a1c5a0db415fc2da8737712dea2c8b314fa26b53041d2f3303e85ca602c22
mos2-band-gap,oqmd,1440312,MoS2,band_gap_eV,electronic_band_gap,0.0,eV,"{""code"":null,""dimensionality"":null,""functional"":null,""gap_character"":null,""gap_observable_level"":null,""geometry_state"":null,""hubbard_u_eV"":null,""magnetic_configuration"":null,""method_family"":null,""modality"":null,""pressure_GPa"":null,""relativity_method"":null,""soc"":null,""spin"":null,""strain_state"":null,""temperature_K"":null,""workflow"":null}","{""citation"":null,""native_field"":""band_gap"",""origin"":""oqmd_formationenergy_search"",""raw_unit"":""eV"",""raw_value"":0.0,""retrieved_at"":""2026-08-09T20:08:26.156570+00:00""}","[""scientific_context_not_reported_by_oqmd_endpoint""]",sha256:7126adbbf89072cde26af23ae7bc424ed17a4ec206ba21b139af5e4b70d1e0fa
mos2-band-gap,oqmd,1440312,MoS2,energy_above_hull_eV,energy_above_convex_hull_per_atom,0.18983662583333327,eV/atom,"{""code"":null,""corrections"":null,""dimensionality"":null,""functional"":null,""geometry_state"":null,""hubbard_u_eV"":null,""hull_construction"":null,""magnetic_configuration"":null,""method_family"":null,""pressure_GPa"":null,""reference_state"":null,""spin"":null,""strain_state"":null,""temperature_K"":null,""thermodynamic_ensemble"":null,""workflow"":null}","{""citation"":null,""native_field"":""stability"",""origin"":""oqmd_formationenergy_search"",""raw_unit"":""eV/atom"",""raw_value"":0.18983662583333327,""retrieved_at"":""2026-08-09T20:08:26.156570+00:00""}","[""scientific_context_not_reported_by_oqmd_endpoint""]",sha256:7126adbbf89072cde26af23ae7bc424ed17a4ec206ba21b139af5e4b70d1e0fa
mos2-band-gap,oqmd,1440312,MoS2,formation_energy_per_atom_eV,formation_energy_per_atom,-0.8713432951755706,eV/atom,"{""code"":null,""corrections"":null,""dimensionality"":null,""functional"":null,""geometry_state"":null,""hubbard_u_eV"":null,""magnetic_configuration"":null,""method_family"":null,""pressure_GPa"":null,""reference_state"":null,""spin"":null,""strain_state"":null,""temperature_K"":null,""workflow"":null}","{""citation"":null,""native_field"":""delta_e"",""origin"":""oqmd_formationenergy_search"",""raw_unit"":""eV/atom"",""raw_value"":-0.8713432951755706,""retrieved_at"":""2026-08-09T20:08:26.156570+00:00""}","[""scientific_context_not_reported_by_oqmd_endpoint""]",sha256:7126adbbf89072cde26af23ae7bc424ed17a4ec206ba21b139af5e4b70d1e0fa
mos2-band-gap,aflow,aflowlib.duke.edu:AFLOWDATA/ICSD_WEB/HEX/Mo1S2_ICSD_601647,Mo2S4,band_gap_eV,electronic_band_gap,1.2194,eV,"{""code"":null,""dimensionality"":null,""functional"":null,""gap_character"":null,""gap_observable_level"":null,""geometry_state"":null,""hubbard_u_eV"":{""j_eV"":[0,0],""orbital_l"":[2,0],""source_type"":2,""species"":[""Mo"",""S""],""u_eV"":[2.4,0]},""magnetic_configuration"":null,""method_family"":""DFT"",""modality"":null,""pressure_GPa"":null,""relativity_method"":null,""soc"":null,""spin"":null,""strain_state"":null,""temperature_K"":null,""workflow"":""AFLOW automated calculation""}","{""citation"":null,""endpoint"":""https://aflow.org/API/aflux"",""evidence_source"":""aflow"",""evidence_source_id"":""aflowlib.duke.edu:AFLOWDATA/ICSD_WEB/HEX/Mo1S2_ICSD_601647"",""link"":""https://aflowlib.duke.edu/AFLOWDATA/ICSD_WEB/HEX/Mo1S2_ICSD_601647"",""native_field"":""Egap"",""native_semantic"":""electronic_band_gap"",""origin"":""aflow_aflux"",""raw_unit"":""eV"",""raw_value"":1.2194,""retrieved_at"":""2026-08-09T20:08:21.825171+00:00"",""source_native_method_context"":{""dft_type"":[""PAW_PBE""],""ldau_j"":[0,0],""ldau_l"":[2,0],""ldau_type"":2,""ldau_u"":[2.4,0]}}","[""code_functional_and_soc_are_not_canonicalized_from_the_aflux_record""]",sha256:73223ddaaddb1961115c48e28c53604af82370757aaff4140feaa4da90d79a0f
mos2-band-gap,materials_project,aaaficae,MoS2,band_gap_eV,electronic_band_gap,1.5539,eV,"{""code"":null,""dimensionality"":null,""functional"":null,""gap_character"":null,""gap_observable_level"":null,""geometry_state"":null,""hubbard_u_eV"":null,""magnetic_configuration"":null,""method_family"":null,""modality"":null,""pressure_GPa"":null,""relativity_method"":null,""soc"":null,""spin"":null,""strain_state"":null,""temperature_K"":null,""workflow"":null}","{""citation"":null,""endpoint"":""/materials/summary/"",""evidence_source"":""materials_project"",""evidence_source_id"":""aaaficae"",""native_field"":""band_gap"",""origin"":""materials_project_summary"",""raw_unit"":""eV"",""raw_value"":1.5539,""retrieved_at"":""2026-08-09T20:08:39.717397+00:00"",""summary_property_origin"":{""last_updated"":""2022-06-10T23:15:48.366000Z"",""name"":""electronic_structure"",""task_id"":""aaaficae""},""summary_property_origin_candidates"":[{""last_updated"":""2022-06-10T23:15:48.366000Z"",""name"":""electronic_structure"",""task_id"":""aaaficae""}],""summary_property_origin_family"":""electronic_structure""}","[""scientific_context_not_reported_by_summary_endpoint""]",sha256:76fc8176ee1ee8e06b1815f1c9c6d10752d49402508b4451b12f9be3a1d0cb14
mos2-band-gap,materials_project,mp-1023939,MoS2,energy_above_hull_eV,energy_above_convex_hull_per_atom,0.007235794999999712,eV/atom,"{""code"":null,""corrections"":null,""dimensionality"":null,""functional"":null,""geometry_state"":null,""hubbard_u_eV"":null,""hull_construction"":null,""magnetic_configuration"":null,""method_family"":null,""pressure_GPa"":null,""reference_state"":null,""spin"":null,""strain_state"":null,""temperature_K"":null,""thermodynamic_ensemble"":null,""workflow"":null}","{""citation"":null,""endpoint"":""/materials/summary/"",""evidence_source"":null,""evidence_source_id"":null,""native_field"":""energy_above_hull"",""origin"":""materials_project_summary"",""raw_unit"":""eV/atom"",""raw_value"":0.007235794999999712,""retrieved_at"":""2026-08-09T20:08:39.717397+00:00"",""summary_property_origin"":null,""summary_property_origin_candidates"":[],""summary_property_origin_family"":""thermo""}","[""scientific_context_not_reported_by_summary_endpoint"",""summary_property_not_bound_to_calculation_task""]",sha256:76fc8176ee1ee8e06b1815f1c9c6d10752d49402508b4451b12f9be3a1d0cb14
mos2-band-gap,materials_project,mp-1023939,MoS2,formation_energy_per_atom_eV,formation_energy_per_atom,-0.9589067502083329,eV/atom,"{""code"":null,""corrections"":null,""dimensionality"":null,""functional"":null,""geometry_state"":null,""hubbard_u_eV"":null,""magnetic_configuration"":null,""method_family"":null,""pressure_GPa"":null,""reference_state"":null,""spin"":null,""strain_state"":null,""temperature_K"":null,""workflow"":null}","{""citation"":null,""endpoint"":""/materials/summary/"",""evidence_source"":null,""evidence_source_id"":null,""native_field"":""formation_energy_per_atom"",""origin"":""materials_project_summary"",""raw_unit"":""eV/atom"",""raw_value"":-0.9589067502083329,""retrieved_at"":""2026-08-09T20:08:39.717397+00:00"",""summary_property_origin"":null,""summary_property_origin_candidates"":[],""summary_property_origin_family"":""thermo""}","[""scientific_context_not_reported_by_summary_endpoint"",""summary_property_not_bound_to_calculation_task""]",sha256:76fc8176ee1ee8e06b1815f1c9c6d10752d49402508b4451b12f9be3a1d0cb14
mos2-band-gap,materials_project,mp-1023939,MoS2,is_stable,thermodynamic_stability_label,false,,"{""code"":null,""dimensionality"":null,""functional"":null,""geometry_state"":null,""hull_construction"":null,""magnetic_configuration"":null,""method_family"":null,""pressure_GPa"":null,""reference_state"":null,""spin"":null,""stability_definition"":""Materials Project SummaryDoc: true means the source-selected thermodynamic entry is a stable entry on the source phase-diagram convex hull"",""strain_state"":null,""temperature_K"":null,""thermodynamic_ensemble"":null,""workflow"":null}","{""citation"":null,""endpoint"":""/materials/summary/"",""evidence_source"":null,""evidence_source_id"":null,""native_field"":""is_stable"",""native_semantic"":""materials_project_summary_source_native_stability_label"",""origin"":""materials_project_summary"",""raw_unit"":null,""raw_value"":false,""retrieved_at"":""2026-08-09T20:08:39.717397+00:00"",""summary_property_origin"":null,""summary_property_origin_candidates"":[],""summary_property_origin_family"":""thermo""}","[""scientific_context_not_reported_by_summary_endpoint"",""summary_property_not_bound_to_calculation_task"",""source_definition_not_recomputed_by_matrouter"",""summary_stability_not_bound_to_exact_thermo_type_entry_set_or_energy_frame""]",sha256:76fc8176ee1ee8e06b1815f1c9c6d10752d49402508b4451b12f9be3a1d0cb14
mos2-band-gap,optimade:optimade-misc.odbx.science,camd-oqmd_4501,MoS2,energy_above_hull_eV,energy_above_convex_hull_per_atom,0.0,eV/atom,"{""code"":null,""corrections"":null,""dimensionality"":null,""functional"":null,""geometry_state"":null,""hubbard_u_eV"":null,""hull_construction"":""global convex hull spanned by all other structures in the database"",""magnetic_configuration"":null,""method_family"":null,""pressure_GPa"":null,""reference_state"":null,""spin"":null,""strain_state"":null,""temperature_K"":null,""thermodynamic_ensemble"":null,""workflow"":null}","{""citation"":null,""contract"":""odbx_misc_optimade_extension_v1"",""endpoint"":""https://optimade-misc.odbx.science"",""evidence_source"":""optimade:optimade-misc.odbx.science"",""evidence_source_id"":""camd-oqmd_4501"",""link"":""https://optimade-misc.odbx.science"",""native_description"":""The distance that this structure lies from the global convex hull spanned by all other structures in the database."",""native_field"":""_odbx_hull_distance"",""origin"":""optimade_provider_extension"",""raw_unit"":""eV/atom"",""raw_value"":0.0,""retrieved_at"":""2026-08-09T20:08:20.180051+00:00""}","[""provider_extension_not_optimade_core_property"",""calculation_model_not_declared_by_provider_info"",""provider_serves_miscellaneous_datasets""]",sha256:7aed2258b9df6f27eafbaf025accfd8b77c82d87f6f0e34035ccdfeb76da4534
mos2-band-gap,optimade:optimade-misc.odbx.science,camd-oqmd_4501,MoS2,formation_energy_per_atom_eV,formation_energy_per_atom,-1.05515148434224,eV/atom,"{""code"":null,""corrections"":null,""dimensionality"":null,""functional"":null,""geometry_state"":null,""hubbard_u_eV"":null,""magnetic_configuration"":null,""method_family"":null,""pressure_GPa"":null,""reference_state"":""elemental chemical potentials"",""spin"":null,""strain_state"":null,""temperature_K"":null,""workflow"":null}","{""citation"":null,""contract"":""odbx_misc_optimade_extension_v1"",""endpoint"":""https://optimade-misc.odbx.science"",""evidence_source"":""optimade:optimade-misc.odbx.science"",""evidence_source_id"":""camd-oqmd_4501"",""link"":""https://optimade-misc.odbx.science"",""native_description"":""The formation energy of the structure, computed versus the elemental chemical potentials."",""native_field"":""_odbx_formation_energy"",""origin"":""optimade_provider_extension"",""raw_unit"":""eV/atom"",""raw_value"":-1.05515148434224,""retrieved_at"":""2026-08-09T20:08:20.180051+00:00""}","[""provider_extension_not_optimade_core_property"",""calculation_model_not_declared_by_provider_info"",""provider_serves_miscellaneous_datasets""]",sha256:7aed2258b9df6f27eafbaf025accfd8b77c82d87f6f0e34035ccdfeb76da4534
mos2-band-gap,oqmd,45906,MoS2,band_gap_eV,electronic_band_gap,1.012,eV,"{""code"":null,""dimensionality"":null,""functional"":null,""gap_character"":null,""gap_observable_level"":null,""geometry_state"":null,""hubbard_u_eV"":null,""magnetic_configuration"":null,""method_family"":null,""modality"":null,""pressure_GPa"":null,""relativity_method"":null,""soc"":null,""spin"":null,""strain_state"":null,""temperature_K"":null,""workflow"":null}","{""citation"":null,""native_field"":""band_gap"",""origin"":""oqmd_formationenergy_search"",""raw_unit"":""eV"",""raw_value"":1.012,""retrieved_at"":""2026-08-09T20:08:26.156203+00:00""}","[""scientific_context_not_reported_by_oqmd_endpoint""]",sha256:7ebf6ec3fd9cb709984f926d83548b661685bca5e5711ee06ed8d501383f41eb
mos2-band-gap,oqmd,45906,MoS2,energy_above_hull_eV,energy_above_convex_hull_per_atom,0.013391438333334005,eV/atom,"{""code"":null,""corrections"":null,""dimensionality"":null,""functional"":null,""geometry_state"":null,""hubbard_u_eV"":null,""hull_construction"":null,""magnetic_configuration"":null,""method_family"":null,""pressure_GPa"":null,""reference_state"":null,""spin"":null,""strain_state"":null,""temperature_K"":null,""thermodynamic_ensemble"":null,""workflow"":null}","{""citation"":null,""native_field"":""stability"",""origin"":""oqmd_formationenergy_search"",""raw_unit"":""eV/atom"",""raw_value"":0.013391438333334005,""retrieved_at"":""2026-08-09T20:08:26.156203+00:00""}","[""scientific_context_not_reported_by_oqmd_endpoint""]",sha256:7ebf6ec3fd9cb709984f926d83548b661685bca5e5711ee06ed8d501383f41eb
mos2-band-gap,oqmd,45906,MoS2,formation_energy_per_atom_eV,formation_energy_per_atom,-1.04778848267557,eV/atom,"{""code"":null,""corrections"":null,""dimensionality"":null,""functional"":null,""geometry_state"":null,""hubbard_u_eV"":null,""magnetic_configuration"":null,""method_family"":null,""pressure_GPa"":null,""reference_state"":null,""spin"":null,""strain_state"":null,""temperature_K"":null,""workflow"":null}","{""citation"":null,""native_field"":""delta_e"",""origin"":""oqmd_formationenergy_search"",""raw_unit"":""eV/atom"",""raw_value"":-1.04778848267557,""retrieved_at"":""2026-08-09T20:08:26.156203+00:00""}","[""scientific_context_not_reported_by_oqmd_endpoint""]",sha256:7ebf6ec3fd9cb709984f926d83548b661685bca5e5711ee06ed8d501383f41eb
mos2-band-gap,aflow,aflowlib.duke.edu:AFLOWDATA/ICSD_WEB/RHL/Mo1S2_ICSD_38401,Mo1S2,band_gap_eV,electronic_band_gap,1.2687,eV,"{""code"":null,""dimensionality"":null,""functional"":null,""gap_character"":null,""gap_observable_level"":null,""geometry_state"":null,""hubbard_u_eV"":{""j_eV"":[0,0],""orbital_l"":[2,0],""source_type"":2,""species"":[""Mo"",""S""],""u_eV"":[2.4,0]},""magnetic_configuration"":null,""method_family"":""DFT"",""modality"":null,""pressure_GPa"":null,""relativity_method"":null,""soc"":null,""spin"":null,""strain_state"":null,""temperature_K"":null,""workflow"":""AFLOW automated calculation""}","{""citation"":null,""endpoint"":""https://aflow.org/API/aflux"",""evidence_source"":""aflow"",""evidence_source_id"":""aflowlib.duke.edu:AFLOWDATA/ICSD_WEB/RHL/Mo1S2_ICSD_38401"",""link"":""https://aflowlib.duke.edu/AFLOWDATA/ICSD_WEB/RHL/Mo1S2_ICSD_38401"",""native_field"":""Egap"",""native_semantic"":""electronic_band_gap"",""origin"":""aflow_aflux"",""raw_unit"":""eV"",""raw_value"":1.2687,""retrieved_at"":""2026-08-09T20:08:21.825656+00:00"",""source_native_method_context"":{""dft_type"":[""PAW_PBE""],""ldau_j"":[0,0],""ldau_l"":[2,0],""ldau_type"":2,""ldau_u"":[2.4,0]}}","[""code_functional_and_soc_are_not_canonicalized_from_the_aflux_record""]",sha256:83648fa2c539c99124f46ff8ca3280ae9ca7e34aef52502a1cb01ca45e977c56
mos2-band-gap,alexandria,agm005235495,MoS2,band_gap_eV,electronic_band_gap,1.3681,eV,"{""code"":null,""dimensionality"":null,""functional"":null,""gap_character"":null,""gap_observable_level"":null,""geometry_state"":null,""hubbard_u_eV"":null,""magnetic_configuration"":null,""method_family"":null,""modality"":null,""pressure_GPa"":null,""relativity_method"":null,""soc"":null,""spin"":null,""strain_state"":null,""temperature_K"":null,""workflow"":null}","{""citation"":null,""endpoint"":""https://alexandria.icams.rub.de"",""evidence_source"":""alexandria"",""evidence_source_id"":""agm005235495"",""link"":""https://alexandria.icams.rub.de"",""native_field"":""band_gap_ind"",""origin"":""alexandria_public_website"",""raw_unit"":""eV"",""raw_value"":1.3681,""retrieved_at"":""2026-08-09T20:08:16.986661+00:00""}","[""functional_not_provided_by_public_website""]",sha256:882952768f23aff9eec70f6a8edbedb00a2f2be1ff973e6715a7800158342c91
mos2-band-gap,alexandria,agm005235495,MoS2,energy_above_hull_eV,energy_above_convex_hull_per_atom,0.000653515,eV/atom,"{""code"":null,""corrections"":null,""dimensionality"":null,""functional"":null,""geometry_state"":null,""hubbard_u_eV"":null,""hull_construction"":null,""magnetic_configuration"":null,""method_family"":null,""pressure_GPa"":null,""reference_state"":null,""spin"":null,""strain_state"":null,""temperature_K"":null,""thermodynamic_ensemble"":null,""workflow"":null}","{""citation"":null,""endpoint"":""https://alexandria.icams.rub.de"",""evidence_source"":""alexandria"",""evidence_source_id"":""agm005235495"",""link"":""https://alexandria.icams.rub.de"",""native_field"":""e_above_hull"",""origin"":""alexandria_public_website"",""raw_unit"":""eV/atom"",""raw_value"":0.000653515,""retrieved_at"":""2026-08-09T20:08:16.986661+00:00""}","[""functional_not_provided_by_public_website""]",sha256:882952768f23aff9eec70f6a8edbedb00a2f2be1ff973e6715a7800158342c91
mos2-band-gap,nomad,-B4E6JXJAJsPFR5X0kjhbiyR4wTj#band_gap=0,MoS2,band_gap_eV,electronic_band_gap,1.2585,eV,"{""code"":""VASP"",""dimensionality"":""2D"",""functional"":[""GGA_C_PBE"",""GGA_X_PBE""],""gap_character"":null,""gap_observable_level"":""nomad_results_summary_normalizer_output"",""geometry_state"":null,""hubbard_u_eV"":null,""magnetic_configuration"":null,""method_family"":""DFT"",""modality"":null,""pressure_GPa"":null,""relativity_method"":null,""soc"":null,""spin"":{""source_channel_index"":0},""strain_state"":null,""temperature_K"":null,""workflow"":null}","{""calculation_binding"":""unresolved"",""citation"":null,""conversion"":{""divisor"":1.602176634e-19,""from_unit"":""J"",""to_unit"":""eV""},""endpoint"":""/entries/query"",""evidence_source"":""nomad"",""evidence_source_id"":""-B4E6JXJAJsPFR5X0kjhbiyR4wTj#band_gap=0"",""native_field"":""results.properties.electronic.band_gap[0].value"",""origin"":""nomad_summary_aggregate"",""raw_unit"":""J"",""raw_value"":2.016339293889e-19,""retrieved_at"":""2026-08-09T20:08:17.487171+00:00"",""selection"":{""reason"":""multiple_source_observations"",""status"":""unselected""},""source_native_context"":{""index"":0}}","[""summary_band_gap_not_bound_to_specific_calculation"",""nomad_results_band_gap_is_normalizer_derived_with_source_detection_tolerance"",""summary_method_context_not_bound_to_specific_calculation"",""multiple_summary_band_gaps_preserved_without_primary""]",sha256:8d5d1361a8fd5d7dcfe0f5ed4be2729cd4effbf3576fb32c08ce9a0360b018b3
mos2-band-gap,nomad,-B4E6JXJAJsPFR5X0kjhbiyR4wTj#band_gap=1,MoS2,band_gap_eV,electronic_band_gap,1.2585,eV,"{""code"":""VASP"",""dimensionality"":""2D"",""functional"":[""GGA_C_PBE"",""GGA_X_PBE""],""gap_character"":null,""gap_observable_level"":""nomad_results_summary_normalizer_output"",""geometry_state"":null,""hubbard_u_eV"":null,""magnetic_configuration"":null,""method_family"":""DFT"",""modality"":null,""pressure_GPa"":null,""relativity_method"":null,""soc"":null,""spin"":{""source_channel_index"":1},""strain_state"":null,""temperature_K"":null,""workflow"":null}","{""calculation_binding"":""unresolved"",""citation"":null,""conversion"":{""divisor"":1.602176634e-19,""from_unit"":""J"",""to_unit"":""eV""},""endpoint"":""/entries/query"",""evidence_source"":""nomad"",""evidence_source_id"":""-B4E6JXJAJsPFR5X0kjhbiyR4wTj#band_gap=1"",""native_field"":""results.properties.electronic.band_gap[1].value"",""origin"":""nomad_summary_aggregate"",""raw_unit"":""J"",""raw_value"":2.016339293889e-19,""retrieved_at"":""2026-08-09T20:08:17.487171+00:00"",""selection"":{""reason"":""multiple_source_observations"",""status"":""unselected""},""source_native_context"":{""index"":1}}","[""summary_band_gap_not_bound_to_specific_calculation"",""nomad_results_band_gap_is_normalizer_derived_with_source_detection_tolerance"",""summary_method_context_not_bound_to_specific_calculation"",""multiple_summary_band_gaps_preserved_without_primary""]",sha256:8d5d1361a8fd5d7dcfe0f5ed4be2729cd4effbf3576fb32c08ce9a0360b018b3
mos2-band-gap,aflow,aflowlib.duke.edu:AFLOWDATA/ICSD_WEB/RHL/Mo1S2_ICSD_43695,Mo1S2,band_gap_eV,electronic_band_gap,1.1517,eV,"{""code"":null,""dimensionality"":null,""functional"":null,""gap_character"":null,""gap_observable_level"":null,""geometry_state"":null,""hubbard_u_eV"":{""j_eV"":[0,0],""orbital_l"":[2,0],""source_type"":2,""species"":[""Mo"",""S""],""u_eV"":[2.4,0]},""magnetic_configuration"":null,""method_family"":""DFT"",""modality"":null,""pressure_GPa"":null,""relativity_method"":null,""soc"":null,""spin"":null,""strain_state"":null,""temperature_K"":null,""workflow"":""AFLOW automated calculation""}","{""citation"":null,""endpoint"":""https://aflow.org/API/aflux"",""evidence_source"":""aflow"",""evidence_source_id"":""aflowlib.duke.edu:AFLOWDATA/ICSD_WEB/RHL/Mo1S2_ICSD_43695"",""link"":""https://aflowlib.duke.edu/AFLOWDATA/ICSD_WEB/RHL/Mo1S2_ICSD_43695"",""native_field"":""Egap"",""native_semantic"":""electronic_band_gap"",""origin"":""aflow_aflux"",""raw_unit"":""eV"",""raw_value"":1.1517,""retrieved_at"":""2026-08-09T20:08:21.825618+00:00"",""source_native_method_context"":{""dft_type"":[""PAW_PBE""],""ldau_j"":[0,0],""ldau_l"":[2,0],""ldau_type"":2,""ldau_u"":[2.4,0]}}","[""code_functional_and_soc_are_not_canonicalized_from_the_aflux_record""]",sha256:9180ee1bcb8e789e016c8c37cecb7ec4631cc8f3c588c430c9187ad724a2cac4
mos2-band-gap,aflow,aflowlib.duke.edu:AFLOWDATA/ICSD_WEB/HEX/Mo1S2_ICSD_31067,Mo2S4,band_gap_eV,electronic_band_gap,1.2695,eV,"{""code"":null,""dimensionality"":null,""functional"":null,""gap_character"":null,""gap_observable_level"":null,""geometry_state"":null,""hubbard_u_eV"":{""j_eV"":[0,0],""orbital_l"":[2,0],""source_type"":2,""species"":[""Mo"",""S""],""u_eV"":[2.4,0]},""magnetic_configuration"":null,""method_family"":""DFT"",""modality"":null,""pressure_GPa"":null,""relativity_method"":null,""soc"":null,""spin"":null,""strain_state"":null,""temperature_K"":null,""workflow"":""AFLOW automated calculation""}","{""citation"":null,""endpoint"":""https://aflow.org/API/aflux"",""evidence_source"":""aflow"",""evidence_source_id"":""aflowlib.duke.edu:AFLOWDATA/ICSD_WEB/HEX/Mo1S2_ICSD_31067"",""link"":""https://aflowlib.duke.edu/AFLOWDATA/ICSD_WEB/HEX/Mo1S2_ICSD_31067"",""native_field"":""Egap"",""native_semantic"":""electronic_band_gap"",""origin"":""aflow_aflux"",""raw_unit"":""eV"",""raw_value"":1.2695,""retrieved_at"":""2026-08-09T20:08:21.824935+00:00"",""source_native_method_context"":{""dft_type"":[""PAW_PBE""],""ldau_j"":[0,0],""ldau_l"":[2,0],""ldau_type"":2,""ldau_u"":[2.4,0]}}","[""code_functional_and_soc_are_not_canonicalized_from_the_aflux_record""]",sha256:93aa0fbf8c09a3f1575f77ceffe86b4fae222eb0e99710776a66eaee26323ecb
mos2-band-gap,aflow,aflowlib.duke.edu:AFLOWDATA/ICSD_WEB/HEX/Mo1S2_ICSD_644259,Mo2S4,band_gap_eV,electronic_band_gap,1.2619,eV,"{""code"":null,""dimensionality"":null,""functional"":null,""gap_character"":null,""gap_observable_level"":null,""geometry_state"":null,""hubbard_u_eV"":{""j_eV"":[0,0],""orbital_l"":[2,0],""source_type"":2,""species"":[""Mo"",""S""],""u_eV"":[2.4,0]},""magnetic_configuration"":null,""method_family"":""DFT"",""modality"":null,""pressure_GPa"":null,""relativity_method"":null,""soc"":null,""spin"":null,""strain_state"":null,""temperature_K"":null,""workflow"":""AFLOW automated calculation""}","{""citation"":null,""endpoint"":""https://aflow.org/API/aflux"",""evidence_source"":""aflow"",""evidence_source_id"":""aflowlib.duke.edu:AFLOWDATA/ICSD_WEB/HEX/Mo1S2_ICSD_644259"",""link"":""https://aflowlib.duke.edu/AFLOWDATA/ICSD_WEB/HEX/Mo1S2_ICSD_644259"",""native_field"":""Egap"",""native_semantic"":""electronic_band_gap"",""origin"":""aflow_aflux"",""raw_unit"":""eV"",""raw_value"":1.2619,""retrieved_at"":""2026-08-09T20:08:21.825427+00:00"",""source_native_method_context"":{""dft_type"":[""PAW_PBE""],""ldau_j"":[0,0],""ldau_l"":[2,0],""ldau_type"":2,""ldau_u"":[2.4,0]}}","[""code_functional_and_soc_are_not_canonicalized_from_the_aflux_record""]",sha256:940b0249b7275dd1c7302985dcd7c49476efaf0e0b6e398a5eb8f01df7b43c06
mos2-band-gap,materials_project,aaaceiqh,MoS2,band_gap_eV,electronic_band_gap,0.0,eV,"{""code"":null,""dimensionality"":null,""functional"":null,""gap_character"":null,""gap_observable_level"":null,""geometry_state"":null,""hubbard_u_eV"":null,""magnetic_configuration"":null,""method_family"":null,""modality"":null,""pressure_GPa"":null,""relativity_method"":null,""soc"":null,""spin"":null,""strain_state"":null,""temperature_K"":null,""workflow"":null}","{""citation"":null,""endpoint"":""/materials/summary/"",""evidence_source"":""materials_project"",""evidence_source_id"":""aaaceiqh"",""native_field"":""band_gap"",""origin"":""materials_project_summary"",""raw_unit"":""eV"",""raw_value"":0.0,""retrieved_at"":""2026-08-09T20:08:39.715604+00:00"",""summary_property_origin"":{""last_updated"":""2015-12-26T12:38:41Z"",""name"":""electronic_structure"",""task_id"":""aaaceiqh""},""summary_property_origin_candidates"":[{""last_updated"":""2015-12-26T12:38:41Z"",""name"":""electronic_structure"",""task_id"":""aaaceiqh""}],""summary_property_origin_family"":""electronic_structure""}","[""scientific_context_not_reported_by_summary_endpoint""]",sha256:99f9acaeba29db02bf2bdf46ea2fa901bcccfb2b3cee96fe557f1c0409ef02e2
mos2-band-gap,materials_project,mp-990083,MoS2,energy_above_hull_eV,energy_above_convex_hull_per_atom,0.16635681870370433,eV/atom,"{""code"":null,""corrections"":null,""dimensionality"":null,""functional"":null,""geometry_state"":null,""hubbard_u_eV"":null,""hull_construction"":null,""magnetic_configuration"":null,""method_family"":null,""pressure_GPa"":null,""reference_state"":null,""spin"":null,""strain_state"":null,""temperature_K"":null,""thermodynamic_ensemble"":null,""workflow"":null}","{""citation"":null,""endpoint"":""/materials/summary/"",""evidence_source"":null,""evidence_source_id"":null,""native_field"":""energy_above_hull"",""origin"":""materials_project_summary"",""raw_unit"":""eV/atom"",""raw_value"":0.16635681870370433,""retrieved_at"":""2026-08-09T20:08:39.715604+00:00"",""summary_property_origin"":null,""summary_property_origin_candidates"":[],""summary_property_origin_family"":""thermo""}","[""scientific_context_not_reported_by_summary_endpoint"",""summary_property_not_bound_to_calculation_task""]",sha256:99f9acaeba29db02bf2bdf46ea2fa901bcccfb2b3cee96fe557f1c0409ef02e2
mos2-band-gap,materials_project,mp-990083,MoS2,formation_energy_per_atom_eV,formation_energy_per_atom,-0.7997857265046293,eV/atom,"{""code"":null,""corrections"":null,""dimensionality"":null,""functional"":null,""geometry_state"":null,""hubbard_u_eV"":null,""magnetic_configuration"":null,""method_family"":null,""pressure_GPa"":null,""reference_state"":null,""spin"":null,""strain_state"":null,""temperature_K"":null,""workflow"":null}","{""citation"":null,""endpoint"":""/materials/summary/"",""evidence_source"":null,""evidence_source_id"":null,""native_field"":""formation_energy_per_atom"",""origin"":""materials_project_summary"",""raw_unit"":""eV/atom"",""raw_value"":-0.7997857265046293,""retrieved_at"":""2026-08-09T20:08:39.715604+00:00"",""summary_property_origin"":null,""summary_property_origin_candidates"":[],""summary_property_origin_family"":""thermo""}","[""scientific_context_not_reported_by_summary_endpoint"",""summary_property_not_bound_to_calculation_task""]",sha256:99f9acaeba29db02bf2bdf46ea2fa901bcccfb2b3cee96fe557f1c0409ef02e2
mos2-band-gap,materials_project,mp-990083,MoS2,is_stable,thermodynamic_stability_label,false,,"{""code"":null,""dimensionality"":null,""functional"":null,""geometry_state"":null,""hull_construction"":null,""magnetic_configuration"":null,""method_family"":null,""pressure_GPa"":null,""reference_state"":null,""spin"":null,""stability_definition"":""Materials Project SummaryDoc: true means the source-selected thermodynamic entry is a stable entry on the source phase-diagram convex hull"",""strain_state"":null,""temperature_K"":null,""thermodynamic_ensemble"":null,""workflow"":null}","{""citation"":null,""endpoint"":""/materials/summary/"",""evidence_source"":null,""evidence_source_id"":null,""native_field"":""is_stable"",""native_semantic"":""materials_project_summary_source_native_stability_label"",""origin"":""materials_project_summary"",""raw_unit"":null,""raw_value"":false,""retrieved_at"":""2026-08-09T20:08:39.715604+00:00"",""summary_property_origin"":null,""summary_property_origin_candidates"":[],""summary_property_origin_family"":""thermo""}","[""scientific_context_not_reported_by_summary_endpoint"",""summary_property_not_bound_to_calculation_task"",""source_definition_not_recomputed_by_matrouter"",""summary_stability_not_bound_to_exact_thermo_type_entry_set_or_energy_frame""]",sha256:99f9acaeba29db02bf2bdf46ea2fa901bcccfb2b3cee96fe557f1c0409ef02e2
mos2-band-gap,materials_project,aaafaych,MoS2,band_gap_eV,electronic_band_gap,1.5093,eV,"{""code"":null,""dimensionality"":null,""functional"":null,""gap_character"":null,""gap_observable_level"":null,""geometry_state"":null,""hubbard_u_eV"":null,""magnetic_configuration"":null,""method_family"":null,""modality"":null,""pressure_GPa"":null,""relativity_method"":null,""soc"":null,""spin"":null,""strain_state"":null,""temperature_K"":null,""workflow"":null}","{""citation"":null,""endpoint"":""/materials/summary/"",""evidence_source"":""materials_project"",""evidence_source_id"":""aaafaych"",""native_field"":""band_gap"",""origin"":""materials_project_summary"",""raw_unit"":""eV"",""raw_value"":1.5093,""retrieved_at"":""2026-08-09T20:08:39.717909+00:00"",""summary_property_origin"":{""last_updated"":""2022-06-08T23:05:26.848000Z"",""name"":""electronic_structure"",""task_id"":""aaafaych""},""summary_property_origin_candidates"":[{""last_updated"":""2022-06-08T23:05:26.848000Z"",""name"":""electronic_structure"",""task_id"":""aaafaych""}],""summary_property_origin_family"":""electronic_structure""}","[""scientific_context_not_reported_by_summary_endpoint""]",sha256:9f4b9d794636756befa0acc223cecc79aaa39caf1cdbd79fc8ee7ada95066ed5
mos2-band-gap,materials_project,mp-1025874,MoS2,energy_above_hull_eV,energy_above_convex_hull_per_atom,0.004413344444444078,eV/atom,"{""code"":null,""corrections"":null,""dimensionality"":null,""functional"":null,""geometry_state"":null,""hubbard_u_eV"":null,""hull_construction"":null,""magnetic_configuration"":null,""method_family"":null,""pressure_GPa"":null,""reference_state"":null,""spin"":null,""strain_state"":null,""temperature_K"":null,""thermodynamic_ensemble"":null,""workflow"":null}","{""citation"":null,""endpoint"":""/materials/summary/"",""evidence_source"":null,""evidence_source_id"":null,""native_field"":""energy_above_hull"",""origin"":""materials_project_summary"",""raw_unit"":""eV/atom"",""raw_value"":0.004413344444444078,""retrieved_at"":""2026-08-09T20:08:39.717909+00:00"",""summary_property_origin"":null,""summary_property_origin_candidates"":[],""summary_property_origin_family"":""thermo""}","[""scientific_context_not_reported_by_summary_endpoint"",""summary_property_not_bound_to_calculation_task""]",sha256:9f4b9d794636756befa0acc223cecc79aaa39caf1cdbd79fc8ee7ada95066ed5
mos2-band-gap,materials_project,mp-1025874,MoS2,formation_energy_per_atom_eV,formation_energy_per_atom,-0.9617292007638886,eV/atom,"{""code"":null,""corrections"":null,""dimensionality"":null,""functional"":null,""geometry_state"":null,""hubbard_u_eV"":null,""magnetic_configuration"":null,""method_family"":null,""pressure_GPa"":null,""reference_state"":null,""spin"":null,""strain_state"":null,""temperature_K"":null,""workflow"":null}","{""citation"":null,""endpoint"":""/materials/summary/"",""evidence_source"":null,""evidence_source_id"":null,""native_field"":""formation_energy_per_atom"",""origin"":""materials_project_summary"",""raw_unit"":""eV/atom"",""raw_value"":-0.9617292007638886,""retrieved_at"":""2026-08-09T20:08:39.717909+00:00"",""summary_property_origin"":null,""summary_property_origin_candidates"":[],""summary_property_origin_family"":""thermo""}","[""scientific_context_not_reported_by_summary_endpoint"",""summary_property_not_bound_to_calculation_task""]",sha256:9f4b9d794636756befa0acc223cecc79aaa39caf1cdbd79fc8ee7ada95066ed5
mos2-band-gap,materials_project,mp-1025874,MoS2,is_stable,thermodynamic_stability_label,false,,"{""code"":null,""dimensionality"":null,""functional"":null,""geometry_state"":null,""hull_construction"":null,""magnetic_configuration"":null,""method_family"":null,""pressure_GPa"":null,""reference_state"":null,""spin"":null,""stability_definition"":""Materials Project SummaryDoc: true means the source-selected thermodynamic entry is a stable entry on the source phase-diagram convex hull"",""strain_state"":null,""temperature_K"":null,""thermodynamic_ensemble"":null,""workflow"":null}","{""citation"":null,""endpoint"":""/materials/summary/"",""evidence_source"":null,""evidence_source_id"":null,""native_field"":""is_stable"",""native_semantic"":""materials_project_summary_source_native_stability_label"",""origin"":""materials_project_summary"",""raw_unit"":null,""raw_value"":false,""retrieved_at"":""2026-08-09T20:08:39.717909+00:00"",""summary_property_origin"":null,""summary_property_origin_candidates"":[],""summary_property_origin_family"":""thermo""}","[""scientific_context_not_reported_by_summary_endpoint"",""summary_property_not_bound_to_calculation_task"",""source_definition_not_recomputed_by_matrouter"",""summary_stability_not_bound_to_exact_thermo_type_entry_set_or_energy_frame""]",sha256:9f4b9d794636756befa0acc223cecc79aaa39caf1cdbd79fc8ee7ada95066ed5
mos2-band-gap,optimade:optimade.materialscloud.org/main/mc2d,d25962ea-3c39-4e86-9333-2baf8f31a1a8,MoS2,band_gap_eV,electronic_band_gap,1.62050656833567,eV,"{""code"":null,""dimensionality"":null,""functional"":null,""gap_character"":null,""gap_observable_level"":null,""geometry_state"":null,""hubbard_u_eV"":null,""magnetic_configuration"":null,""method_family"":null,""modality"":null,""pressure_GPa"":null,""relativity_method"":null,""soc"":null,""spin"":null,""strain_state"":null,""temperature_K"":null,""workflow"":null}","{""citation"":null,""contract"":""materials_cloud_mc2d_optimade_extension_v1"",""endpoint"":""https://optimade.materialscloud.org/main/mc2d"",""evidence_source"":""optimade:optimade.materialscloud.org/main/mc2d"",""evidence_source_id"":""d25962ea-3c39-4e86-9333-2baf8f31a1a8"",""link"":""https://optimade.materialscloud.org/main/mc2d"",""native_description"":""Band gap of the material."",""native_field"":""_mcloud_band_gap"",""origin"":""optimade_provider_extension"",""raw_unit"":""eV"",""raw_value"":1.62050656833567,""retrieved_at"":""2026-08-09T20:08:28.296662+00:00""}","[""provider_extension_not_optimade_core_property"",""calculation_model_not_declared_by_provider_info"",""contract_limited_to_materials_cloud_mc2d""]",sha256:a2476fcf495318522de832283f607226f544552d2be19d26154b0859fcc2d94b
mos2-band-gap,alexandria,agm005278810,MoS2,band_gap_eV,electronic_band_gap,1.2568,eV,"{""code"":null,""dimensionality"":null,""functional"":null,""gap_character"":null,""gap_observable_level"":null,""geometry_state"":null,""hubbard_u_eV"":null,""magnetic_configuration"":null,""method_family"":null,""modality"":null,""pressure_GPa"":null,""relativity_method"":null,""soc"":null,""spin"":null,""strain_state"":null,""temperature_K"":null,""workflow"":null}","{""citation"":null,""endpoint"":""https://alexandria.icams.rub.de"",""evidence_source"":""alexandria"",""evidence_source_id"":""agm005278810"",""link"":""https://alexandria.icams.rub.de"",""native_field"":""band_gap_ind"",""origin"":""alexandria_public_website"",""raw_unit"":""eV"",""raw_value"":1.2568,""retrieved_at"":""2026-08-09T20:08:16.987042+00:00""}","[""functional_not_provided_by_public_website""]",sha256:a4ca7903c004bd051ba76fc68e2d5562d03a39c1cff00964f1a525216e6919f8
mos2-band-gap,alexandria,agm005278810,MoS2,energy_above_hull_eV,energy_above_convex_hull_per_atom,0.0067437734,eV/atom,"{""code"":null,""corrections"":null,""dimensionality"":null,""functional"":null,""geometry_state"":null,""hubbard_u_eV"":null,""hull_construction"":null,""magnetic_configuration"":null,""method_family"":null,""pressure_GPa"":null,""reference_state"":null,""spin"":null,""strain_state"":null,""temperature_K"":null,""thermodynamic_ensemble"":null,""workflow"":null}","{""citation"":null,""endpoint"":""https://alexandria.icams.rub.de"",""evidence_source"":""alexandria"",""evidence_source_id"":""agm005278810"",""link"":""https://alexandria.icams.rub.de"",""native_field"":""e_above_hull"",""origin"":""alexandria_public_website"",""raw_unit"":""eV/atom"",""raw_value"":0.0067437734,""retrieved_at"":""2026-08-09T20:08:16.987042+00:00""}","[""functional_not_provided_by_public_website""]",sha256:a4ca7903c004bd051ba76fc68e2d5562d03a39c1cff00964f1a525216e6919f8
mos2-band-gap,oqmd,1443429,MoS2,band_gap_eV,electronic_band_gap,1.493,eV,"{""code"":null,""dimensionality"":null,""functional"":null,""gap_character"":null,""gap_observable_level"":null,""geometry_state"":null,""hubbard_u_eV"":null,""magnetic_configuration"":null,""method_family"":null,""modality"":null,""pressure_GPa"":null,""relativity_method"":null,""soc"":null,""spin"":null,""strain_state"":null,""temperature_K"":null,""workflow"":null}","{""citation"":null,""native_field"":""band_gap"",""origin"":""oqmd_formationenergy_search"",""raw_unit"":""eV"",""raw_value"":1.493,""retrieved_at"":""2026-08-09T20:08:26.156413+00:00""}","[""scientific_context_not_reported_by_oqmd_endpoint""]",sha256:a815ff2bb10f2c9c16740e31a483c4cdb3e9eb1ea772b0dba18347ce0ce99cab
mos2-band-gap,oqmd,1443429,MoS2,energy_above_hull_eV,energy_above_convex_hull_per_atom,0.00438243833333396,eV/atom,"{""code"":null,""corrections"":null,""dimensionality"":null,""functional"":null,""geometry_state"":null,""hubbard_u_eV"":null,""hull_construction"":null,""magnetic_configuration"":null,""method_family"":null,""pressure_GPa"":null,""reference_state"":null,""spin"":null,""strain_state"":null,""temperature_K"":null,""thermodynamic_ensemble"":null,""workflow"":null}","{""citation"":null,""native_field"":""stability"",""origin"":""oqmd_formationenergy_search"",""raw_unit"":""eV/atom"",""raw_value"":0.00438243833333396,""retrieved_at"":""2026-08-09T20:08:26.156413+00:00""}","[""scientific_context_not_reported_by_oqmd_endpoint""]",sha256:a815ff2bb10f2c9c16740e31a483c4cdb3e9eb1ea772b0dba18347ce0ce99cab
mos2-band-gap,oqmd,1443429,MoS2,formation_energy_per_atom_eV,formation_energy_per_atom,-1.05679748267557,eV/atom,"{""code"":null,""corrections"":null,""dimensionality"":null,""functional"":null,""geometry_state"":null,""hubbard_u_eV"":null,""magnetic_configuration"":null,""method_family"":null,""pressure_GPa"":null,""reference_state"":null,""spin"":null,""strain_state"":null,""temperature_K"":null,""workflow"":null}","{""citation"":null,""native_field"":""delta_e"",""origin"":""oqmd_formationenergy_search"",""raw_unit"":""eV/atom"",""raw_value"":-1.05679748267557,""retrieved_at"":""2026-08-09T20:08:26.156413+00:00""}","[""scientific_context_not_reported_by_oqmd_endpoint""]",sha256:a815ff2bb10f2c9c16740e31a483c4cdb3e9eb1ea772b0dba18347ce0ce99cab
mos2-band-gap,aflow,aflowlib.duke.edu:AFLOWDATA/ICSD_WEB/RHL/Mo1S2_ICSD_43560,Mo1S2,band_gap_eV,electronic_band_gap,1.2771,eV,"{""code"":null,""dimensionality"":null,""functional"":null,""gap_character"":null,""gap_observable_level"":null,""geometry_state"":null,""hubbard_u_eV"":{""j_eV"":[0,0],""orbital_l"":[2,0],""source_type"":2,""species"":[""Mo"",""S""],""u_eV"":[2.4,0]},""magnetic_configuration"":null,""method_family"":""DFT"",""modality"":null,""pressure_GPa"":null,""relativity_method"":null,""soc"":null,""spin"":null,""strain_state"":null,""temperature_K"":null,""workflow"":""AFLOW automated calculation""}","{""citation"":null,""endpoint"":""https://aflow.org/API/aflux"",""evidence_source"":""aflow"",""evidence_source_id"":""aflowlib.duke.edu:AFLOWDATA/ICSD_WEB/RHL/Mo1S2_ICSD_43560"",""link"":""https://aflowlib.duke.edu/AFLOWDATA/ICSD_WEB/RHL/Mo1S2_ICSD_43560"",""native_field"":""Egap"",""native_semantic"":""electronic_band_gap"",""origin"":""aflow_aflux"",""raw_unit"":""eV"",""raw_value"":1.2771,""retrieved_at"":""2026-08-09T20:08:21.825465+00:00"",""source_native_method_context"":{""dft_type"":[""PAW_PBE""],""ldau_j"":[0,0],""ldau_l"":[2,0],""ldau_type"":2,""ldau_u"":[2.4,0]}}","[""code_functional_and_soc_are_not_canonicalized_from_the_aflux_record""]",sha256:aa1642cb28f17081c5342220b1e217bb81fd720d7414bdb92cca1493e3d81ea9
mos2-band-gap,materials_project,aaafdjlh,MoS2,band_gap_eV,electronic_band_gap,1.3839000000000006,eV,"{""code"":null,""dimensionality"":null,""functional"":null,""gap_character"":null,""gap_observable_level"":null,""geometry_state"":null,""hubbard_u_eV"":null,""magnetic_configuration"":null,""method_family"":null,""modality"":null,""pressure_GPa"":null,""relativity_method"":null,""soc"":null,""spin"":null,""strain_state"":null,""temperature_K"":null,""workflow"":null}","{""citation"":null,""endpoint"":""/materials/summary/"",""evidence_source"":""materials_project"",""evidence_source_id"":""aaafdjlh"",""native_field"":""band_gap"",""origin"":""materials_project_summary"",""raw_unit"":""eV"",""raw_value"":1.3839000000000006,""retrieved_at"":""2026-08-09T20:08:39.719871+00:00"",""summary_property_origin"":{""last_updated"":""2022-06-11T17:23:46.446000Z"",""name"":""electronic_structure"",""task_id"":""aaafdjlh""},""summary_property_origin_candidates"":[{""last_updated"":""2022-06-11T17:23:46.446000Z"",""name"":""electronic_structure"",""task_id"":""aaafdjlh""}],""summary_property_origin_family"":""electronic_structure""}","[""scientific_context_not_reported_by_summary_endpoint""]",sha256:b012733b9910465c88287f690b047696a0de977784876ff6c3b68a60867eb48d
mos2-band-gap,materials_project,mp-1434,MoS2,energy_above_hull_eV,energy_above_convex_hull_per_atom,0.0,eV/atom,"{""code"":null,""corrections"":null,""dimensionality"":null,""functional"":null,""geometry_state"":null,""hubbard_u_eV"":null,""hull_construction"":null,""magnetic_configuration"":null,""method_family"":null,""pressure_GPa"":null,""reference_state"":null,""spin"":null,""strain_state"":null,""temperature_K"":null,""thermodynamic_ensemble"":null,""workflow"":null}","{""citation"":null,""endpoint"":""/materials/summary/"",""evidence_source"":null,""evidence_source_id"":null,""native_field"":""energy_above_hull"",""origin"":""materials_project_summary"",""raw_unit"":""eV/atom"",""raw_value"":0.0,""retrieved_at"":""2026-08-09T20:08:39.719871+00:00"",""summary_property_origin"":null,""summary_property_origin_candidates"":[],""summary_property_origin_family"":""thermo""}","[""scientific_context_not_reported_by_summary_endpoint"",""summary_property_not_bound_to_calculation_task""]",sha256:b012733b9910465c88287f690b047696a0de977784876ff6c3b68a60867eb48d
mos2-band-gap,materials_project,mp-1434,MoS2,formation_energy_per_atom_eV,formation_energy_per_atom,-0.9661425452083326,eV/atom,"{""code"":null,""corrections"":null,""dimensionality"":null,""functional"":null,""geometry_state"":null,""hubbard_u_eV"":null,""magnetic_configuration"":null,""method_family"":null,""pressure_GPa"":null,""reference_state"":null,""spin"":null,""strain_state"":null,""temperature_K"":null,""workflow"":null}","{""citation"":null,""endpoint"":""/materials/summary/"",""evidence_source"":null,""evidence_source_id"":null,""native_field"":""formation_energy_per_atom"",""origin"":""materials_project_summary"",""raw_unit"":""eV/atom"",""raw_value"":-0.9661425452083326,""retrieved_at"":""2026-08-09T20:08:39.719871+00:00"",""summary_property_origin"":null,""summary_property_origin_candidates"":[],""summary_property_origin_family"":""thermo""}","[""scientific_context_not_reported_by_summary_endpoint"",""summary_property_not_bound_to_calculation_task""]",sha256:b012733b9910465c88287f690b047696a0de977784876ff6c3b68a60867eb48d
mos2-band-gap,materials_project,mp-1434,MoS2,is_stable,thermodynamic_stability_label,true,,"{""code"":null,""dimensionality"":null,""functional"":null,""geometry_state"":null,""hull_construction"":null,""magnetic_configuration"":null,""method_family"":null,""pressure_GPa"":null,""reference_state"":null,""spin"":null,""stability_definition"":""Materials Project SummaryDoc: true means the source-selected thermodynamic entry is a stable entry on the source phase-diagram convex hull"",""strain_state"":null,""temperature_K"":null,""thermodynamic_ensemble"":null,""workflow"":null}","{""citation"":null,""endpoint"":""/materials/summary/"",""evidence_source"":null,""evidence_source_id"":null,""native_field"":""is_stable"",""native_semantic"":""materials_project_summary_source_native_stability_label"",""origin"":""materials_project_summary"",""raw_unit"":null,""raw_value"":true,""retrieved_at"":""2026-08-09T20:08:39.719871+00:00"",""summary_property_origin"":null,""summary_property_origin_candidates"":[],""summary_property_origin_family"":""thermo""}","[""scientific_context_not_reported_by_summary_endpoint"",""summary_property_not_bound_to_calculation_task"",""source_definition_not_recomputed_by_matrouter"",""summary_stability_not_bound_to_exact_thermo_type_entry_set_or_energy_frame""]",sha256:b012733b9910465c88287f690b047696a0de977784876ff6c3b68a60867eb48d
mos2-band-gap,alexandria,agm005281643,MoS2,band_gap_eV,electronic_band_gap,0.0,eV,"{""code"":null,""dimensionality"":null,""functional"":null,""gap_character"":null,""gap_observable_level"":null,""geometry_state"":null,""hubbard_u_eV"":null,""magnetic_configuration"":null,""method_family"":null,""modality"":null,""pressure_GPa"":null,""relativity_method"":null,""soc"":null,""spin"":null,""strain_state"":null,""temperature_K"":null,""workflow"":null}","{""citation"":null,""endpoint"":""https://alexandria.icams.rub.de"",""evidence_source"":""alexandria"",""evidence_source_id"":""agm005281643"",""link"":""https://alexandria.icams.rub.de"",""native_field"":""band_gap_ind"",""origin"":""alexandria_public_website"",""raw_unit"":""eV"",""raw_value"":0.0,""retrieved_at"":""2026-08-09T20:08:16.987292+00:00""}","[""functional_not_provided_by_public_website""]",sha256:b29003075b07062c54fff8eeb4445175064a9fb4b3bc74e233fa8f781390ea33
mos2-band-gap,alexandria,agm005281643,MoS2,energy_above_hull_eV,energy_above_convex_hull_per_atom,0.26560324,eV/atom,"{""code"":null,""corrections"":null,""dimensionality"":null,""functional"":null,""geometry_state"":null,""hubbard_u_eV"":null,""hull_construction"":null,""magnetic_configuration"":null,""method_family"":null,""pressure_GPa"":null,""reference_state"":null,""spin"":null,""strain_state"":null,""temperature_K"":null,""thermodynamic_ensemble"":null,""workflow"":null}","{""citation"":null,""endpoint"":""https://alexandria.icams.rub.de"",""evidence_source"":""alexandria"",""evidence_source_id"":""agm005281643"",""link"":""https://alexandria.icams.rub.de"",""native_field"":""e_above_hull"",""origin"":""alexandria_public_website"",""raw_unit"":""eV/atom"",""raw_value"":0.26560324,""retrieved_at"":""2026-08-09T20:08:16.987292+00:00""}","[""functional_not_provided_by_public_website""]",sha256:b29003075b07062c54fff8eeb4445175064a9fb4b3bc74e233fa8f781390ea33
mos2-band-gap,alexandria,agm003160930,MoS2,band_gap_eV,electronic_band_gap,1.5726,eV,"{""code"":null,""dimensionality"":null,""functional"":null,""gap_character"":null,""gap_observable_level"":null,""geometry_state"":null,""hubbard_u_eV"":null,""magnetic_configuration"":null,""method_family"":null,""modality"":null,""pressure_GPa"":null,""relativity_method"":null,""soc"":null,""spin"":null,""strain_state"":null,""temperature_K"":null,""workflow"":null}","{""citation"":null,""endpoint"":""https://alexandria.icams.rub.de"",""evidence_source"":""alexandria"",""evidence_source_id"":""agm003160930"",""link"":""https://alexandria.icams.rub.de"",""native_field"":""band_gap_ind"",""origin"":""alexandria_public_website"",""raw_unit"":""eV"",""raw_value"":1.5726,""retrieved_at"":""2026-08-09T20:08:16.985908+00:00""}","[""functional_not_provided_by_public_website""]",sha256:b7c668c0fd8dc5594b7c8415eb57233517a8b3d1cafd60ab16ecde3c9a791b94
mos2-band-gap,alexandria,agm003160930,MoS2,energy_above_hull_eV,energy_above_convex_hull_per_atom,0.0,eV/atom,"{""code"":null,""corrections"":null,""dimensionality"":null,""functional"":null,""geometry_state"":null,""hubbard_u_eV"":null,""hull_construction"":null,""magnetic_configuration"":null,""method_family"":null,""pressure_GPa"":null,""reference_state"":null,""spin"":null,""strain_state"":null,""temperature_K"":null,""thermodynamic_ensemble"":null,""workflow"":null}","{""citation"":null,""endpoint"":""https://alexandria.icams.rub.de"",""evidence_source"":""alexandria"",""evidence_source_id"":""agm003160930"",""link"":""https://alexandria.icams.rub.de"",""native_field"":""e_above_hull"",""origin"":""alexandria_public_website"",""raw_unit"":""eV/atom"",""raw_value"":0.0,""retrieved_at"":""2026-08-09T20:08:16.985908+00:00""}","[""functional_not_provided_by_public_website""]",sha256:b7c668c0fd8dc5594b7c8415eb57233517a8b3d1cafd60ab16ecde3c9a791b94
mos2-band-gap,aflow,aflowlib.duke.edu:AFLOWDATA/ICSD_WEB/HEX/Mo1S2_ICSD_95569,Mo2S4,band_gap_eV,electronic_band_gap,1.1885,eV,"{""code"":null,""dimensionality"":null,""functional"":null,""gap_character"":null,""gap_observable_level"":null,""geometry_state"":null,""hubbard_u_eV"":{""j_eV"":[0,0],""orbital_l"":[2,0],""source_type"":2,""species"":[""Mo"",""S""],""u_eV"":[2.4,0]},""magnetic_configuration"":null,""method_family"":""DFT"",""modality"":null,""pressure_GPa"":null,""relativity_method"":null,""soc"":null,""spin"":null,""strain_state"":null,""temperature_K"":null,""workflow"":""AFLOW automated calculation""}","{""citation"":null,""endpoint"":""https://aflow.org/API/aflux"",""evidence_source"":""aflow"",""evidence_source_id"":""aflowlib.duke.edu:AFLOWDATA/ICSD_WEB/HEX/Mo1S2_ICSD_95569"",""link"":""https://aflowlib.duke.edu/AFLOWDATA/ICSD_WEB/HEX/Mo1S2_ICSD_95569"",""native_field"":""Egap"",""native_semantic"":""electronic_band_gap"",""origin"":""aflow_aflux"",""raw_unit"":""eV"",""raw_value"":1.1885,""retrieved_at"":""2026-08-09T20:08:21.825580+00:00"",""source_native_method_context"":{""dft_type"":[""PAW_PBE""],""ldau_j"":[0,0],""ldau_l"":[2,0],""ldau_type"":2,""ldau_u"":[2.4,0]}}","[""code_functional_and_soc_are_not_canonicalized_from_the_aflux_record""]",sha256:c3a4f27525d94b271396fa930b42552e7b5656a7cc71790eba60b4ce20c95d2d
mos2-band-gap,oqmd,1473606,MoS2,band_gap_eV,electronic_band_gap,0.0,eV,"{""code"":null,""dimensionality"":null,""functional"":null,""gap_character"":null,""gap_observable_level"":null,""geometry_state"":null,""hubbard_u_eV"":null,""magnetic_configuration"":null,""method_family"":null,""modality"":null,""pressure_GPa"":null,""relativity_method"":null,""soc"":null,""spin"":null,""strain_state"":null,""temperature_K"":null,""workflow"":null}","{""citation"":null,""native_field"":""band_gap"",""origin"":""oqmd_formationenergy_search"",""raw_unit"":""eV"",""raw_value"":0.0,""retrieved_at"":""2026-08-09T20:08:26.156612+00:00""}","[""scientific_context_not_reported_by_oqmd_endpoint""]",sha256:c3f201ebe846bd2dfa8d48ef30d419cf4a6b31870ebaa716fdb89f3f6f0d29ea
mos2-band-gap,oqmd,1473606,MoS2,energy_above_hull_eV,energy_above_convex_hull_per_atom,0.18471183499999932,eV/atom,"{""code"":null,""corrections"":null,""dimensionality"":null,""functional"":null,""geometry_state"":null,""hubbard_u_eV"":null,""hull_construction"":null,""magnetic_configuration"":null,""method_family"":null,""pressure_GPa"":null,""reference_state"":null,""spin"":null,""strain_state"":null,""temperature_K"":null,""thermodynamic_ensemble"":null,""workflow"":null}","{""citation"":null,""native_field"":""stability"",""origin"":""oqmd_formationenergy_search"",""raw_unit"":""eV/atom"",""raw_value"":0.18471183499999932,""retrieved_at"":""2026-08-09T20:08:26.156612+00:00""}","[""scientific_context_not_reported_by_oqmd_endpoint""]",sha256:c3f201ebe846bd2dfa8d48ef30d419cf4a6b31870ebaa716fdb89f3f6f0d29ea
mos2-band-gap,oqmd,1473606,MoS2,formation_energy_per_atom_eV,formation_energy_per_atom,-0.8764680860089046,eV/atom,"{""code"":null,""corrections"":null,""dimensionality"":null,""functional"":null,""geometry_state"":null,""hubbard_u_eV"":null,""magnetic_configuration"":null,""method_family"":null,""pressure_GPa"":null,""reference_state"":null,""spin"":null,""strain_state"":null,""temperature_K"":null,""workflow"":null}","{""citation"":null,""native_field"":""delta_e"",""origin"":""oqmd_formationenergy_search"",""raw_unit"":""eV/atom"",""raw_value"":-0.8764680860089046,""retrieved_at"":""2026-08-09T20:08:26.156612+00:00""}","[""scientific_context_not_reported_by_oqmd_endpoint""]",sha256:c3f201ebe846bd2dfa8d48ef30d419cf4a6b31870ebaa716fdb89f3f6f0d29ea
mos2-band-gap,materials_project,aaaduxrd,MoS2,band_gap_eV,electronic_band_gap,0.0,eV,"{""code"":null,""dimensionality"":null,""functional"":null,""gap_character"":null,""gap_observable_level"":null,""geometry_state"":null,""hubbard_u_eV"":null,""magnetic_configuration"":null,""method_family"":null,""modality"":null,""pressure_GPa"":null,""relativity_method"":null,""soc"":null,""spin"":null,""strain_state"":null,""temperature_K"":null,""workflow"":null}","{""citation"":null,""endpoint"":""/materials/summary/"",""evidence_source"":""materials_project"",""evidence_source_id"":""aaaduxrd"",""native_field"":""band_gap"",""origin"":""materials_project_summary"",""raw_unit"":""eV"",""raw_value"":0.0,""retrieved_at"":""2026-08-09T20:08:39.719405+00:00"",""summary_property_origin"":{""last_updated"":""2020-07-22T04:31:03.053000Z"",""name"":""electronic_structure"",""task_id"":""aaaduxrd""},""summary_property_origin_candidates"":[{""last_updated"":""2020-07-22T04:31:03.053000Z"",""name"":""electronic_structure"",""task_id"":""aaaduxrd""}],""summary_property_origin_family"":""electronic_structure""}","[""scientific_context_not_reported_by_summary_endpoint""]",sha256:cbfb7f3c59596655cbbf25103a6afee4c5da66f5977bc8d1ab355e52268a6006
mos2-band-gap,materials_project,mp-1405065,MoS2,energy_above_hull_eV,energy_above_convex_hull_per_atom,0.2675430358333326,eV/atom,"{""code"":null,""corrections"":null,""dimensionality"":null,""functional"":null,""geometry_state"":null,""hubbard_u_eV"":null,""hull_construction"":null,""magnetic_configuration"":null,""method_family"":null,""pressure_GPa"":null,""reference_state"":null,""spin"":null,""strain_state"":null,""temperature_K"":null,""thermodynamic_ensemble"":null,""workflow"":null}","{""citation"":null,""endpoint"":""/materials/summary/"",""evidence_source"":null,""evidence_source_id"":null,""native_field"":""energy_above_hull"",""origin"":""materials_project_summary"",""raw_unit"":""eV/atom"",""raw_value"":0.2675430358333326,""retrieved_at"":""2026-08-09T20:08:39.719405+00:00"",""summary_property_origin"":null,""summary_property_origin_candidates"":[],""summary_property_origin_family"":""thermo""}","[""scientific_context_not_reported_by_summary_endpoint"",""summary_property_not_bound_to_calculation_task""]",sha256:cbfb7f3c59596655cbbf25103a6afee4c5da66f5977bc8d1ab355e52268a6006
mos2-band-gap,materials_project,mp-1405065,MoS2,formation_energy_per_atom_eV,formation_energy_per_atom,-0.6985995093750006,eV/atom,"{""code"":null,""corrections"":null,""dimensionality"":null,""functional"":null,""geometry_state"":null,""hubbard_u_eV"":null,""magnetic_configuration"":null,""method_family"":null,""pressure_GPa"":null,""reference_state"":null,""spin"":null,""strain_state"":null,""temperature_K"":null,""workflow"":null}","{""citation"":null,""endpoint"":""/materials/summary/"",""evidence_source"":null,""evidence_source_id"":null,""native_field"":""formation_energy_per_atom"",""origin"":""materials_project_summary"",""raw_unit"":""eV/atom"",""raw_value"":-0.6985995093750006,""retrieved_at"":""2026-08-09T20:08:39.719405+00:00"",""summary_property_origin"":null,""summary_property_origin_candidates"":[],""summary_property_origin_family"":""thermo""}","[""scientific_context_not_reported_by_summary_endpoint"",""summary_property_not_bound_to_calculation_task""]",sha256:cbfb7f3c59596655cbbf25103a6afee4c5da66f5977bc8d1ab355e52268a6006
mos2-band-gap,materials_project,mp-1405065,MoS2,is_stable,thermodynamic_stability_label,false,,"{""code"":null,""dimensionality"":null,""functional"":null,""geometry_state"":null,""hull_construction"":null,""magnetic_configuration"":null,""method_family"":null,""pressure_GPa"":null,""reference_state"":null,""spin"":null,""stability_definition"":""Materials Project SummaryDoc: true means the source-selected thermodynamic entry is a stable entry on the source phase-diagram convex hull"",""strain_state"":null,""temperature_K"":null,""thermodynamic_ensemble"":null,""workflow"":null}","{""citation"":null,""endpoint"":""/materials/summary/"",""evidence_source"":null,""evidence_source_id"":null,""native_field"":""is_stable"",""native_semantic"":""materials_project_summary_source_native_stability_label"",""origin"":""materials_project_summary"",""raw_unit"":null,""raw_value"":false,""retrieved_at"":""2026-08-09T20:08:39.719405+00:00"",""summary_property_origin"":null,""summary_property_origin_candidates"":[],""summary_property_origin_family"":""thermo""}","[""scientific_context_not_reported_by_summary_endpoint"",""summary_property_not_bound_to_calculation_task"",""source_definition_not_recomputed_by_matrouter"",""summary_stability_not_bound_to_exact_thermo_type_entry_set_or_energy_frame""]",sha256:cbfb7f3c59596655cbbf25103a6afee4c5da66f5977bc8d1ab355e52268a6006
mos2-band-gap,oqmd,7011,MoS2,band_gap_eV,electronic_band_gap,1.343,eV,"{""code"":null,""dimensionality"":null,""functional"":null,""gap_character"":null,""gap_observable_level"":null,""geometry_state"":null,""hubbard_u_eV"":null,""magnetic_configuration"":null,""method_family"":null,""modality"":null,""pressure_GPa"":null,""relativity_method"":null,""soc"":null,""spin"":null,""strain_state"":null,""temperature_K"":null,""workflow"":null}","{""citation"":null,""native_field"":""band_gap"",""origin"":""oqmd_formationenergy_search"",""raw_unit"":""eV"",""raw_value"":1.343,""retrieved_at"":""2026-08-09T20:08:26.156100+00:00""}","[""scientific_context_not_reported_by_oqmd_endpoint""]",sha256:d34fe6cbde9fad0b006c586623728fe1762a114114fb71d7a6838831bdbb184c
mos2-band-gap,oqmd,7011,MoS2,energy_above_hull_eV,energy_above_convex_hull_per_atom,0.009025348333333794,eV/atom,"{""code"":null,""corrections"":null,""dimensionality"":null,""functional"":null,""geometry_state"":null,""hubbard_u_eV"":null,""hull_construction"":null,""magnetic_configuration"":null,""method_family"":null,""pressure_GPa"":null,""reference_state"":null,""spin"":null,""strain_state"":null,""temperature_K"":null,""thermodynamic_ensemble"":null,""workflow"":null}","{""citation"":null,""native_field"":""stability"",""origin"":""oqmd_formationenergy_search"",""raw_unit"":""eV/atom"",""raw_value"":0.009025348333333794,""retrieved_at"":""2026-08-09T20:08:26.156100+00:00""}","[""scientific_context_not_reported_by_oqmd_endpoint""]",sha256:d34fe6cbde9fad0b006c586623728fe1762a114114fb71d7a6838831bdbb184c
mos2-band-gap,oqmd,7011,MoS2,formation_energy_per_atom_eV,formation_energy_per_atom,-1.05215457267557,eV/atom,"{""code"":null,""corrections"":null,""dimensionality"":null,""functional"":null,""geometry_state"":null,""hubbard_u_eV"":null,""magnetic_configuration"":null,""method_family"":null,""pressure_GPa"":null,""reference_state"":null,""spin"":null,""strain_state"":null,""temperature_K"":null,""workflow"":null}","{""citation"":null,""native_field"":""delta_e"",""origin"":""oqmd_formationenergy_search"",""raw_unit"":""eV/atom"",""raw_value"":-1.05215457267557,""retrieved_at"":""2026-08-09T20:08:26.156100+00:00""}","[""scientific_context_not_reported_by_oqmd_endpoint""]",sha256:d34fe6cbde9fad0b006c586623728fe1762a114114fb71d7a6838831bdbb184c
mos2-band-gap,aflow,aflowlib.duke.edu:AFLOWDATA/ICSD_WEB/HEX/Mo1S2_ICSD_95570,Mo2S4,band_gap_eV,electronic_band_gap,1.1596,eV,"{""code"":null,""dimensionality"":null,""functional"":null,""gap_character"":null,""gap_observable_level"":null,""geometry_state"":null,""hubbard_u_eV"":{""j_eV"":[0,0],""orbital_l"":[2,0],""source_type"":2,""species"":[""Mo"",""S""],""u_eV"":[2.4,0]},""magnetic_configuration"":null,""method_family"":""DFT"",""modality"":null,""pressure_GPa"":null,""relativity_method"":null,""soc"":null,""spin"":null,""strain_state"":null,""temperature_K"":null,""workflow"":""AFLOW automated calculation""}","{""citation"":null,""endpoint"":""https://aflow.org/API/aflux"",""evidence_source"":""aflow"",""evidence_source_id"":""aflowlib.duke.edu:AFLOWDATA/ICSD_WEB/HEX/Mo1S2_ICSD_95570"",""link"":""https://aflowlib.duke.edu/AFLOWDATA/ICSD_WEB/HEX/Mo1S2_ICSD_95570"",""native_field"":""Egap"",""native_semantic"":""electronic_band_gap"",""origin"":""aflow_aflux"",""raw_unit"":""eV"",""raw_value"":1.1596,""retrieved_at"":""2026-08-09T20:08:21.825349+00:00"",""source_native_method_context"":{""dft_type"":[""PAW_PBE""],""ldau_j"":[0,0],""ldau_l"":[2,0],""ldau_type"":2,""ldau_u"":[2.4,0]}}","[""code_functional_and_soc_are_not_canonicalized_from_the_aflux_record""]",sha256:d67fb2ead821202eea52d7f070e0884160d463107a408ab4a81cf4bdceaa4874
mos2-band-gap,materialsgalaxy:topo_crystals,mg-58752,MoS2,band_gap_eV,electronic_band_gap,0.9263090909090907,eV,"{""code"":null,""dimensionality"":2,""functional"":null,""gap_character"":null,""gap_observable_level"":null,""geometry_state"":null,""hubbard_u_eV"":null,""magnetic_configuration"":null,""method_family"":null,""modality"":null,""pressure_GPa"":null,""relativity_method"":null,""soc"":null,""spin"":null,""strain_state"":null,""temperature_K"":null,""workflow"":null}","{""citation"":null,""contract"":""materialsgalaxy_api_v1_summary_band_gap_eV"",""endpoint"":""https://materialsgalaxy.iphy.ac.cn/api/v1/materials/summary"",""evidence_source"":""materialsgalaxy:topo_crystals"",""evidence_source_id"":""mg-58752"",""link"":""https://materialsgalaxy.iphy.ac.cn/api/v1/materials/summary/mg-58752"",""native_field"":""properties.band_gap"",""origin"":""materialsgalaxy_summary"",""raw_unit"":""eV"",""raw_value"":0.9263090909090907,""retrieved_at"":""2026-08-09T20:08:16.047210+00:00""}","[""summary_does_not_bind_band_gap_to_method_or_soc_setting"",""mp_id_is_cross_reference_not_property_evidence_identity""]",sha256:d6aba550a1ac080f2799b9579eca3f5a4d386f4fcc34e18678e8a25111ac3026
mos2-band-gap,materialsgalaxy:topo_crystals,mg-58752,MoS2,topology_class_no_soc,source_native_topology_classification,"""Triv_Ins""",,"{""soc"":false,""source_definition"":""not_reported_by_source_record""}","{""citation"":null,""contract"":""materialsgalaxy_api_v1_summary_source_native_topology_classification"",""endpoint"":""https://materialsgalaxy.iphy.ac.cn/api/v1/materials/summary"",""evidence_source"":""materialsgalaxy:topo_crystals"",""evidence_source_id"":""mg-58752"",""link"":""https://materialsgalaxy.iphy.ac.cn/api/v1/materials/summary/mg-58752"",""native_field"":""properties.nsoc_topo_class"",""origin"":""materialsgalaxy_summary"",""raw_unit"":null,""raw_value"":""Triv_Ins"",""retrieved_at"":""2026-08-09T20:08:16.047210+00:00""}","[""source_native_label_not_independent_topology_validation"",""summary_label_does_not_validate_invariants_or_surface_states"",""classification_definition_not_reported_by_source_record"",""mp_id_is_cross_reference_not_property_evidence_identity""]",sha256:d6aba550a1ac080f2799b9579eca3f5a4d386f4fcc34e18678e8a25111ac3026
mos2-band-gap,materialsgalaxy:topo_crystals,mg-58752,MoS2,topology_class_soc,source_native_topology_classification,"""Triv_Ins""",,"{""soc"":true,""source_definition"":""not_reported_by_source_record""}","{""citation"":null,""contract"":""materialsgalaxy_api_v1_summary_source_native_topology_classification"",""endpoint"":""https://materialsgalaxy.iphy.ac.cn/api/v1/materials/summary"",""evidence_source"":""materialsgalaxy:topo_crystals"",""evidence_source_id"":""mg-58752"",""link"":""https://materialsgalaxy.iphy.ac.cn/api/v1/materials/summary/mg-58752"",""native_field"":""properties.soc_topo_class"",""origin"":""materialsgalaxy_summary"",""raw_unit"":null,""raw_value"":""Triv_Ins"",""retrieved_at"":""2026-08-09T20:08:16.047210+00:00""}","[""source_native_label_not_independent_topology_validation"",""summary_label_does_not_validate_invariants_or_surface_states"",""classification_definition_not_reported_by_source_record"",""mp_id_is_cross_reference_not_property_evidence_identity""]",sha256:d6aba550a1ac080f2799b9579eca3f5a4d386f4fcc34e18678e8a25111ac3026
mos2-band-gap,oqmd,4501,MoS2,band_gap_eV,electronic_band_gap,1.293,eV,"{""code"":null,""dimensionality"":null,""functional"":null,""gap_character"":null,""gap_observable_level"":null,""geometry_state"":null,""hubbard_u_eV"":null,""magnetic_configuration"":null,""method_family"":null,""modality"":null,""pressure_GPa"":null,""relativity_method"":null,""soc"":null,""spin"":null,""strain_state"":null,""temperature_K"":null,""workflow"":null}","{""citation"":null,""native_field"":""band_gap"",""origin"":""oqmd_formationenergy_search"",""raw_unit"":""eV"",""raw_value"":1.293,""retrieved_at"":""2026-08-09T20:08:26.156157+00:00""}","[""scientific_context_not_reported_by_oqmd_endpoint""]",sha256:d7a11eebeda1eb1a4b816e6c133c4ff5ecdfb8765d725efca106b484455eee2b
mos2-band-gap,oqmd,4501,MoS2,energy_above_hull_eV,energy_above_convex_hull_per_atom,0.006028436666663861,eV/atom,"{""code"":null,""corrections"":null,""dimensionality"":null,""functional"":null,""geometry_state"":null,""hubbard_u_eV"":null,""hull_construction"":null,""magnetic_configuration"":null,""method_family"":null,""pressure_GPa"":null,""reference_state"":null,""spin"":null,""strain_state"":null,""temperature_K"":null,""thermodynamic_ensemble"":null,""workflow"":null}","{""citation"":null,""native_field"":""stability"",""origin"":""oqmd_formationenergy_search"",""raw_unit"":""eV/atom"",""raw_value"":0.006028436666663861,""retrieved_at"":""2026-08-09T20:08:26.156157+00:00""}","[""scientific_context_not_reported_by_oqmd_endpoint""]",sha256:d7a11eebeda1eb1a4b816e6c133c4ff5ecdfb8765d725efca106b484455eee2b
mos2-band-gap,oqmd,4501,MoS2,formation_energy_per_atom_eV,formation_energy_per_atom,-1.05515148434224,eV/atom,"{""code"":null,""corrections"":null,""dimensionality"":null,""functional"":null,""geometry_state"":null,""hubbard_u_eV"":null,""magnetic_configuration"":null,""method_family"":null,""pressure_GPa"":null,""reference_state"":null,""spin"":null,""strain_state"":null,""temperature_K"":null,""workflow"":null}","{""citation"":null,""native_field"":""delta_e"",""origin"":""oqmd_formationenergy_search"",""raw_unit"":""eV/atom"",""raw_value"":-1.05515148434224,""retrieved_at"":""2026-08-09T20:08:26.156157+00:00""}","[""scientific_context_not_reported_by_oqmd_endpoint""]",sha256:d7a11eebeda1eb1a4b816e6c133c4ff5ecdfb8765d725efca106b484455eee2b
mos2-band-gap,materials_project,aaafcmtt,MoS2,band_gap_eV,electronic_band_gap,0.0,eV,"{""code"":null,""dimensionality"":null,""functional"":null,""gap_character"":null,""gap_observable_level"":null,""geometry_state"":null,""hubbard_u_eV"":null,""magnetic_configuration"":null,""method_family"":null,""modality"":null,""pressure_GPa"":null,""relativity_method"":null,""soc"":null,""spin"":null,""strain_state"":null,""temperature_K"":null,""workflow"":null}","{""citation"":null,""endpoint"":""/materials/summary/"",""evidence_source"":""materials_project"",""evidence_source_id"":""aaafcmtt"",""native_field"":""band_gap"",""origin"":""materials_project_summary"",""raw_unit"":""eV"",""raw_value"":0.0,""retrieved_at"":""2026-08-09T20:08:39.719041+00:00"",""summary_property_origin"":{""last_updated"":""2022-06-09T17:56:36.256000Z"",""name"":""electronic_structure"",""task_id"":""aaafcmtt""},""summary_property_origin_candidates"":[{""last_updated"":""2022-06-09T17:56:36.256000Z"",""name"":""electronic_structure"",""task_id"":""aaafcmtt""}],""summary_property_origin_family"":""electronic_structure""}","[""scientific_context_not_reported_by_summary_endpoint""]",sha256:d8034fd4ff775e1f678cbfb90ed2b3f321fc9bab6a714d54bd0253d75caf90a1
mos2-band-gap,materials_project,mp-1238797,MoS2,energy_above_hull_eV,energy_above_convex_hull_per_atom,0.2963038133333349,eV/atom,"{""code"":null,""corrections"":null,""dimensionality"":null,""functional"":null,""geometry_state"":null,""hubbard_u_eV"":null,""hull_construction"":null,""magnetic_configuration"":null,""method_family"":null,""pressure_GPa"":null,""reference_state"":null,""spin"":null,""strain_state"":null,""temperature_K"":null,""thermodynamic_ensemble"":null,""workflow"":null}","{""citation"":null,""endpoint"":""/materials/summary/"",""evidence_source"":null,""evidence_source_id"":null,""native_field"":""energy_above_hull"",""origin"":""materials_project_summary"",""raw_unit"":""eV/atom"",""raw_value"":0.2963038133333349,""retrieved_at"":""2026-08-09T20:08:39.719041+00:00"",""summary_property_origin"":null,""summary_property_origin_candidates"":[],""summary_property_origin_family"":""thermo""}","[""scientific_context_not_reported_by_summary_endpoint"",""summary_property_not_bound_to_calculation_task""]",sha256:d8034fd4ff775e1f678cbfb90ed2b3f321fc9bab6a714d54bd0253d75caf90a1
mos2-band-gap,materials_project,mp-1238797,MoS2,formation_energy_per_atom_eV,formation_energy_per_atom,-0.6698387318749989,eV/atom,"{""code"":null,""corrections"":null,""dimensionality"":null,""functional"":null,""geometry_state"":null,""hubbard_u_eV"":null,""magnetic_configuration"":null,""method_family"":null,""pressure_GPa"":null,""reference_state"":null,""spin"":null,""strain_state"":null,""temperature_K"":null,""workflow"":null}","{""citation"":null,""endpoint"":""/materials/summary/"",""evidence_source"":null,""evidence_source_id"":null,""native_field"":""formation_energy_per_atom"",""origin"":""materials_project_summary"",""raw_unit"":""eV/atom"",""raw_value"":-0.6698387318749989,""retrieved_at"":""2026-08-09T20:08:39.719041+00:00"",""summary_property_origin"":null,""summary_property_origin_candidates"":[],""summary_property_origin_family"":""thermo""}","[""scientific_context_not_reported_by_summary_endpoint"",""summary_property_not_bound_to_calculation_task""]",sha256:d8034fd4ff775e1f678cbfb90ed2b3f321fc9bab6a714d54bd0253d75caf90a1
mos2-band-gap,materials_project,mp-1238797,MoS2,is_stable,thermodynamic_stability_label,false,,"{""code"":null,""dimensionality"":null,""functional"":null,""geometry_state"":null,""hull_construction"":null,""magnetic_configuration"":null,""method_family"":null,""pressure_GPa"":null,""reference_state"":null,""spin"":null,""stability_definition"":""Materials Project SummaryDoc: true means the source-selected thermodynamic entry is a stable entry on the source phase-diagram convex hull"",""strain_state"":null,""temperature_K"":null,""thermodynamic_ensemble"":null,""workflow"":null}","{""citation"":null,""endpoint"":""/materials/summary/"",""evidence_source"":null,""evidence_source_id"":null,""native_field"":""is_stable"",""native_semantic"":""materials_project_summary_source_native_stability_label"",""origin"":""materials_project_summary"",""raw_unit"":null,""raw_value"":false,""retrieved_at"":""2026-08-09T20:08:39.719041+00:00"",""summary_property_origin"":null,""summary_property_origin_candidates"":[],""summary_property_origin_family"":""thermo""}","[""scientific_context_not_reported_by_summary_endpoint"",""summary_property_not_bound_to_calculation_task"",""source_definition_not_recomputed_by_matrouter"",""summary_stability_not_bound_to_exact_thermo_type_entry_set_or_energy_frame""]",sha256:d8034fd4ff775e1f678cbfb90ed2b3f321fc9bab6a714d54bd0253d75caf90a1
mos2-band-gap,c2db,1MoS2-3,MoS2,band_gap_eV,electronic_band_gap,0.0,eV,"{""code"":null,""dimensionality"":""2D"",""functional"":""PBE"",""gap_character"":null,""gap_observable_level"":null,""geometry_state"":null,""hubbard_u_eV"":null,""magnetic_configuration"":null,""method_family"":""DFT"",""modality"":null,""pressure_GPa"":null,""relativity_method"":null,""soc"":true,""spin"":null,""strain_state"":null,""temperature_K"":null,""workflow"":null}","{""citation"":null,""endpoint"":""https://c2db.fysik.dtu.dk"",""evidence_source"":""c2db"",""evidence_source_id"":""1MoS2-3"",""link"":""https://c2db.fysik.dtu.dk/material/1MoS2-3"",""native_field"":""band_gap_pbe"",""native_semantic"":""c2db_ground_state_gap_with_soc"",""origin"":""c2db_summary"",""raw_unit"":""eV"",""raw_value"":""0.000"",""retrieved_at"":""2026-08-09T20:08:17.334439+00:00""}","[""workflow_and_code_not_reported_by_summary_record"",""source_contract_declares_soc_included"",""alternate_hse_gw_values_preserved_in_source_metadata""]",sha256:d84978d789f3356ab5c67a60d6763565b86140c6baf61910cf86980ea831f28b
mos2-band-gap,c2db,1MoS2-3,MoS2,energy_above_hull_eV,energy_above_convex_hull_per_atom,0.615,eV/atom,"{""code"":null,""corrections"":null,""dimensionality"":""2D"",""functional"":null,""geometry_state"":null,""hubbard_u_eV"":null,""hull_construction"":null,""magnetic_configuration"":null,""method_family"":""DFT"",""pressure_GPa"":null,""reference_state"":null,""spin"":null,""strain_state"":null,""temperature_K"":null,""thermodynamic_ensemble"":null,""workflow"":null}","{""citation"":null,""endpoint"":""https://c2db.fysik.dtu.dk"",""evidence_source"":""c2db"",""evidence_source_id"":""1MoS2-3"",""link"":""https://c2db.fysik.dtu.dk/material/1MoS2-3"",""native_field"":""energy_above_hull"",""native_semantic"":""source_reported_energy_above_hull_per_atom"",""origin"":""c2db_summary"",""raw_unit"":""eV/atom"",""raw_value"":""0.615"",""retrieved_at"":""2026-08-09T20:08:17.334439+00:00""}","[""hull_construction_and_reference_state_not_reported_by_summary_record""]",sha256:d84978d789f3356ab5c67a60d6763565b86140c6baf61910cf86980ea831f28b
mos2-band-gap,c2db,1MoS2-3,MoS2,heat_of_formation_per_atom_eV,heat_of_formation_per_atom,-0.306,eV/atom,"{""code"":null,""corrections"":null,""dimensionality"":""2D"",""functional"":null,""geometry_state"":null,""hubbard_u_eV"":null,""magnetic_configuration"":null,""method_family"":""DFT"",""pressure_GPa"":null,""reference_state"":null,""spin"":null,""strain_state"":null,""temperature_K"":null,""workflow"":null}","{""citation"":null,""endpoint"":""https://c2db.fysik.dtu.dk"",""evidence_source"":""c2db"",""evidence_source_id"":""1MoS2-3"",""link"":""https://c2db.fysik.dtu.dk/material/1MoS2-3"",""native_field"":""heat_of_formation"",""native_semantic"":""heat_of_formation_per_atom"",""origin"":""c2db_summary"",""raw_unit"":""eV/atom"",""raw_value"":""-0.306"",""retrieved_at"":""2026-08-09T20:08:17.334439+00:00""}","[""native_quantity_is_heat_of_formation_per_atom"",""reference_state_and_corrections_not_reported_by_summary_record""]",sha256:d84978d789f3356ab5c67a60d6763565b86140c6baf61910cf86980ea831f28b
mos2-band-gap,oqmd,1440176,MoS2,band_gap_eV,electronic_band_gap,0.0,eV,"{""code"":null,""dimensionality"":null,""functional"":null,""gap_character"":null,""gap_observable_level"":null,""geometry_state"":null,""hubbard_u_eV"":null,""magnetic_configuration"":null,""method_family"":null,""modality"":null,""pressure_GPa"":null,""relativity_method"":null,""soc"":null,""spin"":null,""strain_state"":null,""temperature_K"":null,""workflow"":null}","{""citation"":null,""native_field"":""band_gap"",""origin"":""oqmd_formationenergy_search"",""raw_unit"":""eV"",""raw_value"":0.0,""retrieved_at"":""2026-08-09T20:08:26.156330+00:00""}","[""scientific_context_not_reported_by_oqmd_endpoint""]",sha256:e07d22be5cbb49af9f5ebe08ac691677bcecde76ded0fbdb3b5ff4c3c0960e39
mos2-band-gap,oqmd,1440176,MoS2,energy_above_hull_eV,energy_above_convex_hull_per_atom,0.2839693983333329,eV/atom,"{""code"":null,""corrections"":null,""dimensionality"":null,""functional"":null,""geometry_state"":null,""hubbard_u_eV"":null,""hull_construction"":null,""magnetic_configuration"":null,""method_family"":null,""pressure_GPa"":null,""reference_state"":null,""spin"":null,""strain_state"":null,""temperature_K"":null,""thermodynamic_ensemble"":null,""workflow"":null}","{""citation"":null,""native_field"":""stability"",""origin"":""oqmd_formationenergy_search"",""raw_unit"":""eV/atom"",""raw_value"":0.2839693983333329,""retrieved_at"":""2026-08-09T20:08:26.156330+00:00""}","[""scientific_context_not_reported_by_oqmd_endpoint""]",sha256:e07d22be5cbb49af9f5ebe08ac691677bcecde76ded0fbdb3b5ff4c3c0960e39
mos2-band-gap,oqmd,1440176,MoS2,formation_energy_per_atom_eV,formation_energy_per_atom,-0.777210522675571,eV/atom,"{""code"":null,""corrections"":null,""dimensionality"":null,""functional"":null,""geometry_state"":null,""hubbard_u_eV"":null,""magnetic_configuration"":null,""method_family"":null,""pressure_GPa"":null,""reference_state"":null,""spin"":null,""strain_state"":null,""temperature_K"":null,""workflow"":null}","{""citation"":null,""native_field"":""delta_e"",""origin"":""oqmd_formationenergy_search"",""raw_unit"":""eV/atom"",""raw_value"":-0.777210522675571,""retrieved_at"":""2026-08-09T20:08:26.156330+00:00""}","[""scientific_context_not_reported_by_oqmd_endpoint""]",sha256:e07d22be5cbb49af9f5ebe08ac691677bcecde76ded0fbdb3b5ff4c3c0960e39
mos2-band-gap,aflow,aflowlib.duke.edu:AFLOWDATA/ICSD_WEB/RHL/Mo1S2_ICSD_644249,Mo1S2,band_gap_eV,electronic_band_gap,0.0,eV,"{""code"":null,""dimensionality"":null,""functional"":null,""gap_character"":null,""gap_observable_level"":null,""geometry_state"":null,""hubbard_u_eV"":{""j_eV"":[0,0],""orbital_l"":[2,0],""source_type"":2,""species"":[""Mo"",""S""],""u_eV"":[2.4,0]},""magnetic_configuration"":null,""method_family"":""DFT"",""modality"":null,""pressure_GPa"":null,""relativity_method"":null,""soc"":null,""spin"":null,""strain_state"":null,""temperature_K"":null,""workflow"":""AFLOW automated calculation""}","{""citation"":null,""endpoint"":""https://aflow.org/API/aflux"",""evidence_source"":""aflow"",""evidence_source_id"":""aflowlib.duke.edu:AFLOWDATA/ICSD_WEB/RHL/Mo1S2_ICSD_644249"",""link"":""https://aflowlib.duke.edu/AFLOWDATA/ICSD_WEB/RHL/Mo1S2_ICSD_644249"",""native_field"":""Egap"",""native_semantic"":""electronic_band_gap"",""origin"":""aflow_aflux"",""raw_unit"":""eV"",""raw_value"":0,""retrieved_at"":""2026-08-09T20:08:21.825388+00:00"",""source_native_method_context"":{""dft_type"":[""PAW_PBE""],""ldau_j"":[0,0],""ldau_l"":[2,0],""ldau_type"":2,""ldau_u"":[2.4,0]}}","[""code_functional_and_soc_are_not_canonicalized_from_the_aflux_record""]",sha256:e106a67cbdd08276d71040b5c1f541a1bf03f3a114162d328ff72d5d8663d55a
mos2-band-gap,alexandria,agm002181840,MoS2,band_gap_eV,electronic_band_gap,1.419,eV,"{""code"":null,""dimensionality"":null,""functional"":null,""gap_character"":null,""gap_observable_level"":null,""geometry_state"":null,""hubbard_u_eV"":null,""magnetic_configuration"":null,""method_family"":null,""modality"":null,""pressure_GPa"":null,""relativity_method"":null,""soc"":null,""spin"":null,""strain_state"":null,""temperature_K"":null,""workflow"":null}","{""citation"":null,""endpoint"":""https://alexandria.icams.rub.de"",""evidence_source"":""alexandria"",""evidence_source_id"":""agm002181840"",""link"":""https://alexandria.icams.rub.de"",""native_field"":""band_gap_ind"",""origin"":""alexandria_public_website"",""raw_unit"":""eV"",""raw_value"":1.419,""retrieved_at"":""2026-08-09T20:08:16.986391+00:00""}","[""functional_not_provided_by_public_website""]",sha256:ea11ebe4d8cd2a7c7eec2ae41092ce8ffeec950b7b6ff2eeb6fc5f145386538a
mos2-band-gap,alexandria,agm002181840,MoS2,energy_above_hull_eV,energy_above_convex_hull_per_atom,0.0005769744,eV/atom,"{""code"":null,""corrections"":null,""dimensionality"":null,""functional"":null,""geometry_state"":null,""hubbard_u_eV"":null,""hull_construction"":null,""magnetic_configuration"":null,""method_family"":null,""pressure_GPa"":null,""reference_state"":null,""spin"":null,""strain_state"":null,""temperature_K"":null,""thermodynamic_ensemble"":null,""workflow"":null}","{""citation"":null,""endpoint"":""https://alexandria.icams.rub.de"",""evidence_source"":""alexandria"",""evidence_source_id"":""agm002181840"",""link"":""https://alexandria.icams.rub.de"",""native_field"":""e_above_hull"",""origin"":""alexandria_public_website"",""raw_unit"":""eV/atom"",""raw_value"":0.0005769744,""retrieved_at"":""2026-08-09T20:08:16.986391+00:00""}","[""functional_not_provided_by_public_website""]",sha256:ea11ebe4d8cd2a7c7eec2ae41092ce8ffeec950b7b6ff2eeb6fc5f145386538a
mos2-band-gap,materialsgalaxy:topo_crystals,mg-5937,MoS2,band_gap_eV,electronic_band_gap,0.0,eV,"{""code"":null,""dimensionality"":2,""functional"":null,""gap_character"":null,""gap_observable_level"":null,""geometry_state"":null,""hubbard_u_eV"":null,""magnetic_configuration"":null,""method_family"":null,""modality"":null,""pressure_GPa"":null,""relativity_method"":null,""soc"":null,""spin"":null,""strain_state"":null,""temperature_K"":null,""workflow"":null}","{""citation"":null,""contract"":""materialsgalaxy_api_v1_summary_band_gap_eV"",""endpoint"":""https://materialsgalaxy.iphy.ac.cn/api/v1/materials/summary"",""evidence_source"":""materialsgalaxy:topo_crystals"",""evidence_source_id"":""mg-5937"",""link"":""https://materialsgalaxy.iphy.ac.cn/api/v1/materials/summary/mg-5937"",""native_field"":""properties.band_gap"",""origin"":""materialsgalaxy_summary"",""raw_unit"":""eV"",""raw_value"":0.0,""retrieved_at"":""2026-08-09T20:08:16.047061+00:00""}","[""summary_does_not_bind_band_gap_to_method_or_soc_setting"",""mp_id_is_cross_reference_not_property_evidence_identity""]",sha256:f58f770801fcf7f3cde055ddc28b2e6d54454dfac75f49cfa81abc45c2612f0f
mos2-band-gap,materialsgalaxy:topo_crystals,mg-5937,MoS2,topology_class_no_soc,source_native_topology_classification,"""HSP_SM""",,"{""soc"":false,""source_definition"":""not_reported_by_source_record""}","{""citation"":null,""contract"":""materialsgalaxy_api_v1_summary_source_native_topology_classification"",""endpoint"":""https://materialsgalaxy.iphy.ac.cn/api/v1/materials/summary"",""evidence_source"":""materialsgalaxy:topo_crystals"",""evidence_source_id"":""mg-5937"",""link"":""https://materialsgalaxy.iphy.ac.cn/api/v1/materials/summary/mg-5937"",""native_field"":""properties.nsoc_topo_class"",""origin"":""materialsgalaxy_summary"",""raw_unit"":null,""raw_value"":""HSP_SM"",""retrieved_at"":""2026-08-09T20:08:16.047061+00:00""}","[""source_native_label_not_independent_topology_validation"",""summary_label_does_not_validate_invariants_or_surface_states"",""classification_definition_not_reported_by_source_record"",""mp_id_is_cross_reference_not_property_evidence_identity""]",sha256:f58f770801fcf7f3cde055ddc28b2e6d54454dfac75f49cfa81abc45c2612f0f
mos2-band-gap,materialsgalaxy:topo_crystals,mg-5937,MoS2,topology_class_soc,source_native_topology_classification,"""TI""",,"{""soc"":true,""source_definition"":""not_reported_by_source_record""}","{""citation"":null,""contract"":""materialsgalaxy_api_v1_summary_source_native_topology_classification"",""endpoint"":""https://materialsgalaxy.iphy.ac.cn/api/v1/materials/summary"",""evidence_source"":""materialsgalaxy:topo_crystals"",""evidence_source_id"":""mg-5937"",""link"":""https://materialsgalaxy.iphy.ac.cn/api/v1/materials/summary/mg-5937"",""native_field"":""properties.soc_topo_class"",""origin"":""materialsgalaxy_summary"",""raw_unit"":null,""raw_value"":""TI"",""retrieved_at"":""2026-08-09T20:08:16.047061+00:00""}","[""source_native_label_not_independent_topology_validation"",""summary_label_does_not_validate_invariants_or_surface_states"",""classification_definition_not_reported_by_source_record"",""mp_id_is_cross_reference_not_property_evidence_identity""]",sha256:f58f770801fcf7f3cde055ddc28b2e6d54454dfac75f49cfa81abc45c2612f0f
mos2-band-gap,materialsgalaxy:topo_crystals,mg-5861,MoS2,band_gap_eV,electronic_band_gap,0.8105421052631581,eV,"{""code"":null,""dimensionality"":2,""functional"":null,""gap_character"":null,""gap_observable_level"":null,""geometry_state"":null,""hubbard_u_eV"":null,""magnetic_configuration"":null,""method_family"":null,""modality"":null,""pressure_GPa"":null,""relativity_method"":null,""soc"":null,""spin"":null,""strain_state"":null,""temperature_K"":null,""workflow"":null}","{""citation"":null,""contract"":""materialsgalaxy_api_v1_summary_band_gap_eV"",""endpoint"":""https://materialsgalaxy.iphy.ac.cn/api/v1/materials/summary"",""evidence_source"":""materialsgalaxy:topo_crystals"",""evidence_source_id"":""mg-5861"",""link"":""https://materialsgalaxy.iphy.ac.cn/api/v1/materials/summary/mg-5861"",""native_field"":""properties.band_gap"",""origin"":""materialsgalaxy_summary"",""raw_unit"":""eV"",""raw_value"":0.8105421052631581,""retrieved_at"":""2026-08-09T20:08:16.046765+00:00""}","[""summary_does_not_bind_band_gap_to_method_or_soc_setting"",""mp_id_is_cross_reference_not_property_evidence_identity""]",sha256:fd89f3091f586e59e148178df090b5ee3595487776cb7a23d30ca50c4aad5e32
mos2-band-gap,materialsgalaxy:topo_crystals,mg-5861,MoS2,topology_class_no_soc,source_native_topology_classification,"""Triv_Ins""",,"{""soc"":false,""source_definition"":""not_reported_by_source_record""}","{""citation"":null,""contract"":""materialsgalaxy_api_v1_summary_source_native_topology_classification"",""endpoint"":""https://materialsgalaxy.iphy.ac.cn/api/v1/materials/summary"",""evidence_source"":""materialsgalaxy:topo_crystals"",""evidence_source_id"":""mg-5861"",""link"":""https://materialsgalaxy.iphy.ac.cn/api/v1/materials/summary/mg-5861"",""native_field"":""properties.nsoc_topo_class"",""origin"":""materialsgalaxy_summary"",""raw_unit"":null,""raw_value"":""Triv_Ins"",""retrieved_at"":""2026-08-09T20:08:16.046765+00:00""}","[""source_native_label_not_independent_topology_validation"",""summary_label_does_not_validate_invariants_or_surface_states"",""classification_definition_not_reported_by_source_record"",""mp_id_is_cross_reference_not_property_evidence_identity""]",sha256:fd89f3091f586e59e148178df090b5ee3595487776cb7a23d30ca50c4aad5e32
mos2-band-gap,materialsgalaxy:topo_crystals,mg-5861,MoS2,topology_class_soc,source_native_topology_classification,"""Triv_Ins""",,"{""soc"":true,""source_definition"":""not_reported_by_source_record""}","{""citation"":null,""contract"":""materialsgalaxy_api_v1_summary_source_native_topology_classification"",""endpoint"":""https://materialsgalaxy.iphy.ac.cn/api/v1/materials/summary"",""evidence_source"":""materialsgalaxy:topo_crystals"",""evidence_source_id"":""mg-5861"",""link"":""https://materialsgalaxy.iphy.ac.cn/api/v1/materials/summary/mg-5861"",""native_field"":""properties.soc_topo_class"",""origin"":""materialsgalaxy_summary"",""raw_unit"":null,""raw_value"":""Triv_Ins"",""retrieved_at"":""2026-08-09T20:08:16.046765+00:00""}","[""source_native_label_not_independent_topology_validation"",""summary_label_does_not_validate_invariants_or_surface_states"",""classification_definition_not_reported_by_source_record"",""mp_id_is_cross_reference_not_property_evidence_identity""]",sha256:fd89f3091f586e59e148178df090b5ee3595487776cb7a23d30ca50c4aad5e32
lifepo4-stability,materials_project,aaabuhxw,LiFePO4,band_gap_eV,electronic_band_gap,3.2872,eV,"{""code"":null,""dimensionality"":null,""functional"":null,""gap_character"":null,""gap_observable_level"":null,""geometry_state"":null,""hubbard_u_eV"":null,""magnetic_configuration"":null,""method_family"":null,""modality"":null,""pressure_GPa"":null,""relativity_method"":null,""soc"":null,""spin"":null,""strain_state"":null,""temperature_K"":null,""workflow"":null}","{""citation"":null,""endpoint"":""/materials/summary/"",""evidence_source"":""materials_project"",""evidence_source_id"":""aaabuhxw"",""native_field"":""band_gap"",""origin"":""materials_project_summary"",""raw_unit"":""eV"",""raw_value"":3.2872,""retrieved_at"":""2026-08-09T20:09:36.213222+00:00"",""summary_property_origin"":{""last_updated"":""2021-02-23T01:50:25.684000Z"",""name"":""electronic_structure"",""task_id"":""aaabuhxw""},""summary_property_origin_candidates"":[{""last_updated"":""2021-02-23T01:50:25.684000Z"",""name"":""electronic_structure"",""task_id"":""aaabuhxw""}],""summary_property_origin_family"":""electronic_structure""}","[""scientific_context_not_reported_by_summary_endpoint""]",sha256:0df67b33f05e2ee2c872da27f4499de6922d4e2fc2db05010e7766d76d611067
lifepo4-stability,materials_project,mp-772138,LiFePO4,energy_above_hull_eV,energy_above_convex_hull_per_atom,0.050687277142857035,eV/atom,"{""code"":null,""corrections"":null,""dimensionality"":null,""functional"":null,""geometry_state"":null,""hubbard_u_eV"":null,""hull_construction"":null,""magnetic_configuration"":null,""method_family"":null,""pressure_GPa"":null,""reference_state"":null,""spin"":null,""strain_state"":null,""temperature_K"":null,""thermodynamic_ensemble"":null,""workflow"":null}","{""citation"":null,""endpoint"":""/materials/summary/"",""evidence_source"":null,""evidence_source_id"":null,""native_field"":""energy_above_hull"",""origin"":""materials_project_summary"",""raw_unit"":""eV/atom"",""raw_value"":0.050687277142857035,""retrieved_at"":""2026-08-09T20:09:36.213222+00:00"",""summary_property_origin"":null,""summary_property_origin_candidates"":[],""summary_property_origin_family"":""thermo""}","[""scientific_context_not_reported_by_summary_endpoint"",""summary_property_not_bound_to_calculation_task""]",sha256:0df67b33f05e2ee2c872da27f4499de6922d4e2fc2db05010e7766d76d611067
lifepo4-stability,materials_project,mp-772138,LiFePO4,formation_energy_per_atom_eV,formation_energy_per_atom,-2.4292087375680262,eV/atom,"{""code"":null,""corrections"":null,""dimensionality"":null,""functional"":null,""geometry_state"":null,""hubbard_u_eV"":null,""magnetic_configuration"":null,""method_family"":null,""pressure_GPa"":null,""reference_state"":null,""spin"":null,""strain_state"":null,""temperature_K"":null,""workflow"":null}","{""citation"":null,""endpoint"":""/materials/summary/"",""evidence_source"":null,""evidence_source_id"":null,""native_field"":""formation_energy_per_atom"",""origin"":""materials_project_summary"",""raw_unit"":""eV/atom"",""raw_value"":-2.4292087375680262,""retrieved_at"":""2026-08-09T20:09:36.213222+00:00"",""summary_property_origin"":null,""summary_property_origin_candidates"":[],""summary_property_origin_family"":""thermo""}","[""scientific_context_not_reported_by_summary_endpoint"",""summary_property_not_bound_to_calculation_task""]",sha256:0df67b33f05e2ee2c872da27f4499de6922d4e2fc2db05010e7766d76d611067
lifepo4-stability,materials_project,mp-772138,LiFePO4,is_stable,thermodynamic_stability_label,false,,"{""code"":null,""dimensionality"":null,""functional"":null,""geometry_state"":null,""hull_construction"":null,""magnetic_configuration"":null,""method_family"":null,""pressure_GPa"":null,""reference_state"":null,""spin"":null,""stability_definition"":""Materials Project SummaryDoc: true means the source-selected thermodynamic entry is a stable entry on the source phase-diagram convex hull"",""strain_state"":null,""temperature_K"":null,""thermodynamic_ensemble"":null,""workflow"":null}","{""citation"":null,""endpoint"":""/materials/summary/"",""evidence_source"":null,""evidence_source_id"":null,""native_field"":""is_stable"",""native_semantic"":""materials_project_summary_source_native_stability_label"",""origin"":""materials_project_summary"",""raw_unit"":null,""raw_value"":false,""retrieved_at"":""2026-08-09T20:09:36.213222+00:00"",""summary_property_origin"":null,""summary_property_origin_candidates"":[],""summary_property_origin_family"":""thermo""}","[""scientific_context_not_reported_by_summary_endpoint"",""summary_property_not_bound_to_calculation_task"",""source_definition_not_recomputed_by_matrouter"",""summary_stability_not_bound_to_exact_thermo_type_entry_set_or_energy_frame""]",sha256:0df67b33f05e2ee2c872da27f4499de6922d4e2fc2db05010e7766d76d611067
lifepo4-stability,nomad,2VKkBrC9dRHx8MXzCn0CPbflF-Y5#band_gap=0,FeLiO4P,band_gap_eV,electronic_band_gap,3.8536,eV,"{""code"":""VASP"",""dimensionality"":""3D"",""functional"":[""GGA_C_PBE"",""GGA_X_PBE""],""gap_character"":null,""gap_observable_level"":""nomad_results_summary_normalizer_output"",""geometry_state"":null,""hubbard_u_eV"":[{""energy_conversion"":{""divisor"":1.602176634e-19,""from_unit"":""J"",""to_unit"":""eV""},""source_energy_values_J"":{""u_J"":8.491536160199999e-19,""u_effective_J"":8.491536160199999e-19},""u_eV"":5.3,""u_effective_eV"":5.3}],""magnetic_configuration"":null,""method_family"":""DFT"",""modality"":null,""pressure_GPa"":null,""relativity_method"":null,""soc"":null,""spin"":{""source_channel_index"":0},""strain_state"":null,""temperature_K"":null,""workflow"":null}","{""calculation_binding"":""unresolved"",""citation"":null,""conversion"":{""divisor"":1.602176634e-19,""from_unit"":""J"",""to_unit"":""eV""},""endpoint"":""/entries/query"",""evidence_source"":""nomad"",""evidence_source_id"":""2VKkBrC9dRHx8MXzCn0CPbflF-Y5#band_gap=0"",""native_field"":""results.properties.electronic.band_gap[0].value"",""origin"":""nomad_summary_aggregate"",""raw_unit"":""J"",""raw_value"":6.1741478767824e-19,""retrieved_at"":""2026-08-09T20:09:25.263471+00:00"",""selection"":{""reason"":""multiple_source_observations"",""status"":""unselected""},""source_native_context"":{""index"":0}}","[""summary_band_gap_not_bound_to_specific_calculation"",""nomad_results_band_gap_is_normalizer_derived_with_source_detection_tolerance"",""summary_method_context_not_bound_to_specific_calculation"",""multiple_summary_band_gaps_preserved_without_primary""]",sha256:10a3c9e5fec6bbb31f9ad2a49c8a4acee0918324ca812cb4b9321f28e51552d2
lifepo4-stability,nomad,2VKkBrC9dRHx8MXzCn0CPbflF-Y5#band_gap=1,FeLiO4P,band_gap_eV,electronic_band_gap,3.8536,eV,"{""code"":""VASP"",""dimensionality"":""3D"",""functional"":[""GGA_C_PBE"",""GGA_X_PBE""],""gap_character"":null,""gap_observable_level"":""nomad_results_summary_normalizer_output"",""geometry_state"":null,""hubbard_u_eV"":[{""energy_conversion"":{""divisor"":1.602176634e-19,""from_unit"":""J"",""to_unit"":""eV""},""source_energy_values_J"":{""u_J"":8.491536160199999e-19,""u_effective_J"":8.491536160199999e-19},""u_eV"":5.3,""u_effective_eV"":5.3}],""magnetic_configuration"":null,""method_family"":""DFT"",""modality"":null,""pressure_GPa"":null,""relativity_method"":null,""soc"":null,""spin"":{""source_channel_index"":1},""strain_state"":null,""temperature_K"":null,""workflow"":null}","{""calculation_binding"":""unresolved"",""citation"":null,""conversion"":{""divisor"":1.602176634e-19,""from_unit"":""J"",""to_unit"":""eV""},""endpoint"":""/entries/query"",""evidence_source"":""nomad"",""evidence_source_id"":""2VKkBrC9dRHx8MXzCn0CPbflF-Y5#band_gap=1"",""native_field"":""results.properties.electronic.band_gap[1].value"",""origin"":""nomad_summary_aggregate"",""raw_unit"":""J"",""raw_value"":6.1741478767824e-19,""retrieved_at"":""2026-08-09T20:09:25.263471+00:00"",""selection"":{""reason"":""multiple_source_observations"",""status"":""unselected""},""source_native_context"":{""index"":1}}","[""summary_band_gap_not_bound_to_specific_calculation"",""nomad_results_band_gap_is_normalizer_derived_with_source_detection_tolerance"",""summary_method_context_not_bound_to_specific_calculation"",""multiple_summary_band_gaps_preserved_without_primary""]",sha256:10a3c9e5fec6bbb31f9ad2a49c8a4acee0918324ca812cb4b9321f28e51552d2
lifepo4-stability,alexandria,agm005287464,LiFePO4,band_gap_eV,electronic_band_gap,3.5732,eV,"{""code"":null,""dimensionality"":null,""functional"":null,""gap_character"":null,""gap_observable_level"":null,""geometry_state"":null,""hubbard_u_eV"":null,""magnetic_configuration"":null,""method_family"":null,""modality"":null,""pressure_GPa"":null,""relativity_method"":null,""soc"":null,""spin"":null,""strain_state"":null,""temperature_K"":null,""workflow"":null}","{""citation"":null,""endpoint"":""https://alexandria.icams.rub.de"",""evidence_source"":""alexandria"",""evidence_source_id"":""agm005287464"",""link"":""https://alexandria.icams.rub.de"",""native_field"":""band_gap_ind"",""origin"":""alexandria_public_website"",""raw_unit"":""eV"",""raw_value"":3.5732,""retrieved_at"":""2026-08-09T20:09:24.879933+00:00""}","[""functional_not_provided_by_public_website""]",sha256:12f9d74519f1b3c76e4ec44c1fee85c8807559c843524081fa3ce0eb782f9930
lifepo4-stability,alexandria,agm005287464,LiFePO4,energy_above_hull_eV,energy_above_convex_hull_per_atom,0.008679204,eV/atom,"{""code"":null,""corrections"":null,""dimensionality"":null,""functional"":null,""geometry_state"":null,""hubbard_u_eV"":null,""hull_construction"":null,""magnetic_configuration"":null,""method_family"":null,""pressure_GPa"":null,""reference_state"":null,""spin"":null,""strain_state"":null,""temperature_K"":null,""thermodynamic_ensemble"":null,""workflow"":null}","{""citation"":null,""endpoint"":""https://alexandria.icams.rub.de"",""evidence_source"":""alexandria"",""evidence_source_id"":""agm005287464"",""link"":""https://alexandria.icams.rub.de"",""native_field"":""e_above_hull"",""origin"":""alexandria_public_website"",""raw_unit"":""eV/atom"",""raw_value"":0.008679204,""retrieved_at"":""2026-08-09T20:09:24.879933+00:00""}","[""functional_not_provided_by_public_website""]",sha256:12f9d74519f1b3c76e4ec44c1fee85c8807559c843524081fa3ce0eb782f9930
lifepo4-stability,materials_project,aaabuhxr,LiFePO4,band_gap_eV,electronic_band_gap,3.2763,eV,"{""code"":null,""dimensionality"":null,""functional"":null,""gap_character"":null,""gap_observable_level"":null,""geometry_state"":null,""hubbard_u_eV"":null,""magnetic_configuration"":null,""method_family"":null,""modality"":null,""pressure_GPa"":null,""relativity_method"":null,""soc"":null,""spin"":null,""strain_state"":null,""temperature_K"":null,""workflow"":null}","{""citation"":null,""endpoint"":""/materials/summary/"",""evidence_source"":""materials_project"",""evidence_source_id"":""aaabuhxr"",""native_field"":""band_gap"",""origin"":""materials_project_summary"",""raw_unit"":""eV"",""raw_value"":3.2763,""retrieved_at"":""2026-08-09T20:09:36.211987+00:00"",""summary_property_origin"":{""last_updated"":""2021-02-20T02:37:27.913000Z"",""name"":""electronic_structure"",""task_id"":""aaabuhxr""},""summary_property_origin_candidates"":[{""last_updated"":""2021-02-20T02:37:27.913000Z"",""name"":""electronic_structure"",""task_id"":""aaabuhxr""}],""summary_property_origin_family"":""electronic_structure""}","[""scientific_context_not_reported_by_summary_endpoint""]",sha256:216c8c089f6bbd5b61221bcac42bf6b760615ba7ebc70bd35026d5d886317e33
lifepo4-stability,materials_project,mp-772069,LiFePO4,energy_above_hull_eV,energy_above_convex_hull_per_atom,0.09458068357142846,eV/atom,"{""code"":null,""corrections"":null,""dimensionality"":null,""functional"":null,""geometry_state"":null,""hubbard_u_eV"":null,""hull_construction"":null,""magnetic_configuration"":null,""method_family"":null,""pressure_GPa"":null,""reference_state"":null,""spin"":null,""strain_state"":null,""temperature_K"":null,""thermodynamic_ensemble"":null,""workflow"":null}","{""citation"":null,""endpoint"":""/materials/summary/"",""evidence_source"":null,""evidence_source_id"":null,""native_field"":""energy_above_hull"",""origin"":""materials_project_summary"",""raw_unit"":""eV/atom"",""raw_value"":0.09458068357142846,""retrieved_at"":""2026-08-09T20:09:36.211987+00:00"",""summary_property_origin"":null,""summary_property_origin_candidates"":[],""summary_property_origin_family"":""thermo""}","[""scientific_context_not_reported_by_summary_endpoint"",""summary_property_not_bound_to_calculation_task""]",sha256:216c8c089f6bbd5b61221bcac42bf6b760615ba7ebc70bd35026d5d886317e33
lifepo4-stability,materials_project,mp-772069,LiFePO4,formation_energy_per_atom_eV,formation_energy_per_atom,-2.3853153311394553,eV/atom,"{""code"":null,""corrections"":null,""dimensionality"":null,""functional"":null,""geometry_state"":null,""hubbard_u_eV"":null,""magnetic_configuration"":null,""method_family"":null,""pressure_GPa"":null,""reference_state"":null,""spin"":null,""strain_state"":null,""temperature_K"":null,""workflow"":null}","{""citation"":null,""endpoint"":""/materials/summary/"",""evidence_source"":null,""evidence_source_id"":null,""native_field"":""formation_energy_per_atom"",""origin"":""materials_project_summary"",""raw_unit"":""eV/atom"",""raw_value"":-2.3853153311394553,""retrieved_at"":""2026-08-09T20:09:36.211987+00:00"",""summary_property_origin"":null,""summary_property_origin_candidates"":[],""summary_property_origin_family"":""thermo""}","[""scientific_context_not_reported_by_summary_endpoint"",""summary_property_not_bound_to_calculation_task""]",sha256:216c8c089f6bbd5b61221bcac42bf6b760615ba7ebc70bd35026d5d886317e33
lifepo4-stability,materials_project,mp-772069,LiFePO4,is_stable,thermodynamic_stability_label,false,,"{""code"":null,""dimensionality"":null,""functional"":null,""geometry_state"":null,""hull_construction"":null,""magnetic_configuration"":null,""method_family"":null,""pressure_GPa"":null,""reference_state"":null,""spin"":null,""stability_definition"":""Materials Project SummaryDoc: true means the source-selected thermodynamic entry is a stable entry on the source phase-diagram convex hull"",""strain_state"":null,""temperature_K"":null,""thermodynamic_ensemble"":null,""workflow"":null}","{""citation"":null,""endpoint"":""/materials/summary/"",""evidence_source"":null,""evidence_source_id"":null,""native_field"":""is_stable"",""native_semantic"":""materials_project_summary_source_native_stability_label"",""origin"":""materials_project_summary"",""raw_unit"":null,""raw_value"":false,""retrieved_at"":""2026-08-09T20:09:36.211987+00:00"",""summary_property_origin"":null,""summary_property_origin_candidates"":[],""summary_property_origin_family"":""thermo""}","[""scientific_context_not_reported_by_summary_endpoint"",""summary_property_not_bound_to_calculation_task"",""source_definition_not_recomputed_by_matrouter"",""summary_stability_not_bound_to_exact_thermo_type_entry_set_or_energy_frame""]",sha256:216c8c089f6bbd5b61221bcac42bf6b760615ba7ebc70bd35026d5d886317e33
lifepo4-stability,alexandria,agm005276656,LiFePO4,band_gap_eV,electronic_band_gap,3.4436,eV,"{""code"":null,""dimensionality"":null,""functional"":null,""gap_character"":null,""gap_observable_level"":null,""geometry_state"":null,""hubbard_u_eV"":null,""magnetic_configuration"":null,""method_family"":null,""modality"":null,""pressure_GPa"":null,""relativity_method"":null,""soc"":null,""spin"":null,""strain_state"":null,""temperature_K"":null,""workflow"":null}","{""citation"":null,""endpoint"":""https://alexandria.icams.rub.de"",""evidence_source"":""alexandria"",""evidence_source_id"":""agm005276656"",""link"":""https://alexandria.icams.rub.de"",""native_field"":""band_gap_ind"",""origin"":""alexandria_public_website"",""raw_unit"":""eV"",""raw_value"":3.4436,""retrieved_at"":""2026-08-09T20:09:24.879754+00:00""}","[""functional_not_provided_by_public_website""]",sha256:29f3f3a0fa900713df398037a745390fc092dd5b5dd62b1dc62912aa58185ff7
lifepo4-stability,alexandria,agm005276656,LiFePO4,energy_above_hull_eV,energy_above_convex_hull_per_atom,0.0062063,eV/atom,"{""code"":null,""corrections"":null,""dimensionality"":null,""functional"":null,""geometry_state"":null,""hubbard_u_eV"":null,""hull_construction"":null,""magnetic_configuration"":null,""method_family"":null,""pressure_GPa"":null,""reference_state"":null,""spin"":null,""strain_state"":null,""temperature_K"":null,""thermodynamic_ensemble"":null,""workflow"":null}","{""citation"":null,""endpoint"":""https://alexandria.icams.rub.de"",""evidence_source"":""alexandria"",""evidence_source_id"":""agm005276656"",""link"":""https://alexandria.icams.rub.de"",""native_field"":""e_above_hull"",""origin"":""alexandria_public_website"",""raw_unit"":""eV/atom"",""raw_value"":0.0062063,""retrieved_at"":""2026-08-09T20:09:24.879754+00:00""}","[""functional_not_provided_by_public_website""]",sha256:29f3f3a0fa900713df398037a745390fc092dd5b5dd62b1dc62912aa58185ff7
lifepo4-stability,materials_project,aaadosjw,LiFePO4,band_gap_eV,electronic_band_gap,0.07809999999999961,eV,"{""code"":null,""dimensionality"":null,""functional"":null,""gap_character"":null,""gap_observable_level"":null,""geometry_state"":null,""hubbard_u_eV"":null,""magnetic_configuration"":null,""method_family"":null,""modality"":null,""pressure_GPa"":null,""relativity_method"":null,""soc"":null,""spin"":null,""strain_state"":null,""temperature_K"":null,""workflow"":null}","{""citation"":null,""endpoint"":""/materials/summary/"",""evidence_source"":""materials_project"",""evidence_source_id"":""aaadosjw"",""native_field"":""band_gap"",""origin"":""materials_project_summary"",""raw_unit"":""eV"",""raw_value"":0.07809999999999961,""retrieved_at"":""2026-08-09T20:09:36.216700+00:00"",""summary_property_origin"":{""last_updated"":""2021-02-22T16:18:35.137000Z"",""name"":""electronic_structure"",""task_id"":""aaadosjw""},""summary_property_origin_candidates"":[{""last_updated"":""2021-02-22T16:18:35.137000Z"",""name"":""electronic_structure"",""task_id"":""aaadosjw""}],""summary_property_origin_family"":""electronic_structure""}","[""scientific_context_not_reported_by_summary_endpoint""]",sha256:2d04a16dd0b87d6bffd74eff44b39e280d3f8064c5e1771aae6c2e4aef08a998
lifepo4-stability,materials_project,mp-772409,LiFePO4,energy_above_hull_eV,energy_above_convex_hull_per_atom,0.07714423452380803,eV/atom,"{""code"":null,""corrections"":null,""dimensionality"":null,""functional"":null,""geometry_state"":null,""hubbard_u_eV"":null,""hull_construction"":null,""magnetic_configuration"":null,""method_family"":null,""pressure_GPa"":null,""reference_state"":null,""spin"":null,""strain_state"":null,""temperature_K"":null,""thermodynamic_ensemble"":null,""workflow"":null}","{""citation"":null,""endpoint"":""/materials/summary/"",""evidence_source"":null,""evidence_source_id"":null,""native_field"":""energy_above_hull"",""origin"":""materials_project_summary"",""raw_unit"":""eV/atom"",""raw_value"":0.07714423452380803,""retrieved_at"":""2026-08-09T20:09:36.216700+00:00"",""summary_property_origin"":null,""summary_property_origin_candidates"":[],""summary_property_origin_family"":""thermo""}","[""scientific_context_not_reported_by_summary_endpoint"",""summary_property_not_bound_to_calculation_task""]",sha256:2d04a16dd0b87d6bffd74eff44b39e280d3f8064c5e1771aae6c2e4aef08a998
lifepo4-stability,materials_project,mp-772409,LiFePO4,formation_energy_per_atom_eV,formation_energy_per_atom,-2.4027517801870752,eV/atom,"{""code"":null,""corrections"":null,""dimensionality"":null,""functional"":null,""geometry_state"":null,""hubbard_u_eV"":null,""magnetic_configuration"":null,""method_family"":null,""pressure_GPa"":null,""reference_state"":null,""spin"":null,""strain_state"":null,""temperature_K"":null,""workflow"":null}","{""citation"":null,""endpoint"":""/materials/summary/"",""evidence_source"":null,""evidence_source_id"":null,""native_field"":""formation_energy_per_atom"",""origin"":""materials_project_summary"",""raw_unit"":""eV/atom"",""raw_value"":-2.4027517801870752,""retrieved_at"":""2026-08-09T20:09:36.216700+00:00"",""summary_property_origin"":null,""summary_property_origin_candidates"":[],""summary_property_origin_family"":""thermo""}","[""scientific_context_not_reported_by_summary_endpoint"",""summary_property_not_bound_to_calculation_task""]",sha256:2d04a16dd0b87d6bffd74eff44b39e280d3f8064c5e1771aae6c2e4aef08a998
lifepo4-stability,materials_project,mp-772409,LiFePO4,is_stable,thermodynamic_stability_label,false,,"{""code"":null,""dimensionality"":null,""functional"":null,""geometry_state"":null,""hull_construction"":null,""magnetic_configuration"":null,""method_family"":null,""pressure_GPa"":null,""reference_state"":null,""spin"":null,""stability_definition"":""Materials Project SummaryDoc: true means the source-selected thermodynamic entry is a stable entry on the source phase-diagram convex hull"",""strain_state"":null,""temperature_K"":null,""thermodynamic_ensemble"":null,""workflow"":null}","{""citation"":null,""endpoint"":""/materials/summary/"",""evidence_source"":null,""evidence_source_id"":null,""native_field"":""is_stable"",""native_semantic"":""materials_project_summary_source_native_stability_label"",""origin"":""materials_project_summary"",""raw_unit"":null,""raw_value"":false,""retrieved_at"":""2026-08-09T20:09:36.216700+00:00"",""summary_property_origin"":null,""summary_property_origin_candidates"":[],""summary_property_origin_family"":""thermo""}","[""scientific_context_not_reported_by_summary_endpoint"",""summary_property_not_bound_to_calculation_task"",""source_definition_not_recomputed_by_matrouter"",""summary_stability_not_bound_to_exact_thermo_type_entry_set_or_energy_frame""]",sha256:2d04a16dd0b87d6bffd74eff44b39e280d3f8064c5e1771aae6c2e4aef08a998
lifepo4-stability,alexandria,agm003236724,LiFePO4,band_gap_eV,electronic_band_gap,3.4584,eV,"{""code"":null,""dimensionality"":null,""functional"":null,""gap_character"":null,""gap_observable_level"":null,""geometry_state"":null,""hubbard_u_eV"":null,""magnetic_configuration"":null,""method_family"":null,""modality"":null,""pressure_GPa"":null,""relativity_method"":null,""soc"":null,""spin"":null,""strain_state"":null,""temperature_K"":null,""workflow"":null}","{""citation"":null,""endpoint"":""https://alexandria.icams.rub.de"",""evidence_source"":""alexandria"",""evidence_source_id"":""agm003236724"",""link"":""https://alexandria.icams.rub.de"",""native_field"":""band_gap_ind"",""origin"":""alexandria_public_website"",""raw_unit"":""eV"",""raw_value"":3.4584,""retrieved_at"":""2026-08-09T20:09:24.880464+00:00""}","[""functional_not_provided_by_public_website""]",sha256:3bde37bd6e4fee724ad9b0743494586136145d256448aac45785b3deedfef2e3
lifepo4-stability,alexandria,agm003236724,LiFePO4,energy_above_hull_eV,energy_above_convex_hull_per_atom,0.030554265,eV/atom,"{""code"":null,""corrections"":null,""dimensionality"":null,""functional"":null,""geometry_state"":null,""hubbard_u_eV"":null,""hull_construction"":null,""magnetic_configuration"":null,""method_family"":null,""pressure_GPa"":null,""reference_state"":null,""spin"":null,""strain_state"":null,""temperature_K"":null,""thermodynamic_ensemble"":null,""workflow"":null}","{""citation"":null,""endpoint"":""https://alexandria.icams.rub.de"",""evidence_source"":""alexandria"",""evidence_source_id"":""agm003236724"",""link"":""https://alexandria.icams.rub.de"",""native_field"":""e_above_hull"",""origin"":""alexandria_public_website"",""raw_unit"":""eV/atom"",""raw_value"":0.030554265,""retrieved_at"":""2026-08-09T20:09:24.880464+00:00""}","[""functional_not_provided_by_public_website""]",sha256:3bde37bd6e4fee724ad9b0743494586136145d256448aac45785b3deedfef2e3
lifepo4-stability,nomad,-_jD7njBGmMLhdNkr4KF32J7gcSP#band_gap=0,FeLiO4P,band_gap_eV,electronic_band_gap,3.1,eV,"{""code"":""VASP"",""dimensionality"":""3D"",""functional"":[""MGGA_X_SCAN""],""gap_character"":null,""gap_observable_level"":""nomad_results_summary_normalizer_output"",""geometry_state"":null,""hubbard_u_eV"":null,""magnetic_configuration"":null,""method_family"":""DFT"",""modality"":null,""pressure_GPa"":null,""relativity_method"":null,""soc"":null,""spin"":{""source_channel_index"":0},""strain_state"":null,""temperature_K"":null,""workflow"":null}","{""calculation_binding"":""unresolved"",""citation"":null,""conversion"":{""divisor"":1.602176634e-19,""from_unit"":""J"",""to_unit"":""eV""},""endpoint"":""/entries/query"",""evidence_source"":""nomad"",""evidence_source_id"":""-_jD7njBGmMLhdNkr4KF32J7gcSP#band_gap=0"",""native_field"":""results.properties.electronic.band_gap[0].value"",""origin"":""nomad_summary_aggregate"",""raw_unit"":""J"",""raw_value"":4.966747565399999e-19,""retrieved_at"":""2026-08-09T20:09:25.262918+00:00"",""selection"":{""reason"":""multiple_source_observations"",""status"":""unselected""},""source_native_context"":{""index"":0}}","[""summary_band_gap_not_bound_to_specific_calculation"",""nomad_results_band_gap_is_normalizer_derived_with_source_detection_tolerance"",""summary_method_context_not_bound_to_specific_calculation"",""multiple_summary_band_gaps_preserved_without_primary""]",sha256:403370c7a771d1ac2ef207f1f70bf5feb10b11a20dc2dada81d0c9808598d0a3
lifepo4-stability,nomad,-_jD7njBGmMLhdNkr4KF32J7gcSP#band_gap=1,FeLiO4P,band_gap_eV,electronic_band_gap,0.0,eV,"{""code"":""VASP"",""dimensionality"":""3D"",""functional"":[""MGGA_X_SCAN""],""gap_character"":null,""gap_observable_level"":""nomad_results_summary_normalizer_output"",""geometry_state"":null,""hubbard_u_eV"":null,""magnetic_configuration"":null,""method_family"":""DFT"",""modality"":null,""pressure_GPa"":null,""relativity_method"":null,""soc"":null,""spin"":{""source_channel_index"":1},""strain_state"":null,""temperature_K"":null,""workflow"":null}","{""calculation_binding"":""unresolved"",""citation"":null,""conversion"":{""divisor"":1.602176634e-19,""from_unit"":""J"",""to_unit"":""eV""},""endpoint"":""/entries/query"",""evidence_source"":""nomad"",""evidence_source_id"":""-_jD7njBGmMLhdNkr4KF32J7gcSP#band_gap=1"",""native_field"":""results.properties.electronic.band_gap[1].value"",""origin"":""nomad_summary_aggregate"",""raw_unit"":""J"",""raw_value"":0.0,""retrieved_at"":""2026-08-09T20:09:25.262918+00:00"",""selection"":{""reason"":""multiple_source_observations"",""status"":""unselected""},""source_native_context"":{""index"":1}}","[""summary_band_gap_not_bound_to_specific_calculation"",""nomad_results_band_gap_is_normalizer_derived_with_source_detection_tolerance"",""summary_method_context_not_bound_to_specific_calculation"",""multiple_summary_band_gaps_preserved_without_primary""]",sha256:403370c7a771d1ac2ef207f1f70bf5feb10b11a20dc2dada81d0c9808598d0a3
lifepo4-stability,materials_project,aaadorqi,LiFePO4,band_gap_eV,electronic_band_gap,3.4733000000000005,eV,"{""code"":null,""dimensionality"":null,""functional"":null,""gap_character"":null,""gap_observable_level"":null,""geometry_state"":null,""hubbard_u_eV"":null,""magnetic_configuration"":null,""method_family"":null,""modality"":null,""pressure_GPa"":null,""relativity_method"":null,""soc"":null,""spin"":null,""strain_state"":null,""temperature_K"":null,""workflow"":null}","{""citation"":null,""endpoint"":""/materials/summary/"",""evidence_source"":""materials_project"",""evidence_source_id"":""aaadorqi"",""native_field"":""band_gap"",""origin"":""materials_project_summary"",""raw_unit"":""eV"",""raw_value"":3.4733000000000005,""retrieved_at"":""2026-08-09T20:09:36.218475+00:00"",""summary_property_origin"":{""last_updated"":""2021-02-24T04:10:29.893000Z"",""name"":""electronic_structure"",""task_id"":""aaadorqi""},""summary_property_origin_candidates"":[{""last_updated"":""2021-02-24T04:10:29.893000Z"",""name"":""electronic_structure"",""task_id"":""aaadorqi""}],""summary_property_origin_family"":""electronic_structure""}","[""scientific_context_not_reported_by_summary_endpoint""]",sha256:4097dfae9980da4538bac965ef0853178087828d61f916e04eba1f2538d9dd2a
lifepo4-stability,materials_project,mp-772906,LiFePO4,energy_above_hull_eV,energy_above_convex_hull_per_atom,0.05973284642857024,eV/atom,"{""code"":null,""corrections"":null,""dimensionality"":null,""functional"":null,""geometry_state"":null,""hubbard_u_eV"":null,""hull_construction"":null,""magnetic_configuration"":null,""method_family"":null,""pressure_GPa"":null,""reference_state"":null,""spin"":null,""strain_state"":null,""temperature_K"":null,""thermodynamic_ensemble"":null,""workflow"":null}","{""citation"":null,""endpoint"":""/materials/summary/"",""evidence_source"":null,""evidence_source_id"":null,""native_field"":""energy_above_hull"",""origin"":""materials_project_summary"",""raw_unit"":""eV/atom"",""raw_value"":0.05973284642857024,""retrieved_at"":""2026-08-09T20:09:36.218475+00:00"",""summary_property_origin"":null,""summary_property_origin_candidates"":[],""summary_property_origin_family"":""thermo""}","[""scientific_context_not_reported_by_summary_endpoint"",""summary_property_not_bound_to_calculation_task""]",sha256:4097dfae9980da4538bac965ef0853178087828d61f916e04eba1f2538d9dd2a
lifepo4-stability,materials_project,mp-772906,LiFePO4,formation_energy_per_atom_eV,formation_energy_per_atom,-2.4201631682823126,eV/atom,"{""code"":null,""corrections"":null,""dimensionality"":null,""functional"":null,""geometry_state"":null,""hubbard_u_eV"":null,""magnetic_configuration"":null,""method_family"":null,""pressure_GPa"":null,""reference_state"":null,""spin"":null,""strain_state"":null,""temperature_K"":null,""workflow"":null}","{""citation"":null,""endpoint"":""/materials/summary/"",""evidence_source"":null,""evidence_source_id"":null,""native_field"":""formation_energy_per_atom"",""origin"":""materials_project_summary"",""raw_unit"":""eV/atom"",""raw_value"":-2.4201631682823126,""retrieved_at"":""2026-08-09T20:09:36.218475+00:00"",""summary_property_origin"":null,""summary_property_origin_candidates"":[],""summary_property_origin_family"":""thermo""}","[""scientific_context_not_reported_by_summary_endpoint"",""summary_property_not_bound_to_calculation_task""]",sha256:4097dfae9980da4538bac965ef0853178087828d61f916e04eba1f2538d9dd2a
lifepo4-stability,materials_project,mp-772906,LiFePO4,is_stable,thermodynamic_stability_label,false,,"{""code"":null,""dimensionality"":null,""functional"":null,""geometry_state"":null,""hull_construction"":null,""magnetic_configuration"":null,""method_family"":null,""pressure_GPa"":null,""reference_state"":null,""spin"":null,""stability_definition"":""Materials Project SummaryDoc: true means the source-selected thermodynamic entry is a stable entry on the source phase-diagram convex hull"",""strain_state"":null,""temperature_K"":null,""thermodynamic_ensemble"":null,""workflow"":null}","{""citation"":null,""endpoint"":""/materials/summary/"",""evidence_source"":null,""evidence_source_id"":null,""native_field"":""is_stable"",""native_semantic"":""materials_project_summary_source_native_stability_label"",""origin"":""materials_project_summary"",""raw_unit"":null,""raw_value"":false,""retrieved_at"":""2026-08-09T20:09:36.218475+00:00"",""summary_property_origin"":null,""summary_property_origin_candidates"":[],""summary_property_origin_family"":""thermo""}","[""scientific_context_not_reported_by_summary_endpoint"",""summary_property_not_bound_to_calculation_task"",""source_definition_not_recomputed_by_matrouter"",""summary_stability_not_bound_to_exact_thermo_type_entry_set_or_energy_frame""]",sha256:4097dfae9980da4538bac965ef0853178087828d61f916e04eba1f2538d9dd2a
lifepo4-stability,materials_project,aaadosmm,LiFePO4,band_gap_eV,electronic_band_gap,0.0,eV,"{""code"":null,""dimensionality"":null,""functional"":null,""gap_character"":null,""gap_observable_level"":null,""geometry_state"":null,""hubbard_u_eV"":null,""magnetic_configuration"":null,""method_family"":null,""modality"":null,""pressure_GPa"":null,""relativity_method"":null,""soc"":null,""spin"":null,""strain_state"":null,""temperature_K"":null,""workflow"":null}","{""citation"":null,""endpoint"":""/materials/summary/"",""evidence_source"":""materials_project"",""evidence_source_id"":""aaadosmm"",""native_field"":""band_gap"",""origin"":""materials_project_summary"",""raw_unit"":""eV"",""raw_value"":0.0,""retrieved_at"":""2026-08-09T20:09:36.214086+00:00"",""summary_property_origin"":{""last_updated"":""2021-02-22T20:56:22.883000Z"",""name"":""electronic_structure"",""task_id"":""aaadosmm""},""summary_property_origin_candidates"":[{""last_updated"":""2021-02-22T20:56:22.883000Z"",""name"":""electronic_structure"",""task_id"":""aaadosmm""}],""summary_property_origin_family"":""electronic_structure""}","[""scientific_context_not_reported_by_summary_endpoint""]",sha256:431b0e25d78fbb89693c12f029883361afb74c340cce730316dc492d4b290375
lifepo4-stability,materials_project,mp-772146,LiFePO4,energy_above_hull_eV,energy_above_convex_hull_per_atom,0.06899344178571276,eV/atom,"{""code"":null,""corrections"":null,""dimensionality"":null,""functional"":null,""geometry_state"":null,""hubbard_u_eV"":null,""hull_construction"":null,""magnetic_configuration"":null,""method_family"":null,""pressure_GPa"":null,""reference_state"":null,""spin"":null,""strain_state"":null,""temperature_K"":null,""thermodynamic_ensemble"":null,""workflow"":null}","{""citation"":null,""endpoint"":""/materials/summary/"",""evidence_source"":null,""evidence_source_id"":null,""native_field"":""energy_above_hull"",""origin"":""materials_project_summary"",""raw_unit"":""eV/atom"",""raw_value"":0.06899344178571276,""retrieved_at"":""2026-08-09T20:09:36.214086+00:00"",""summary_property_origin"":null,""summary_property_origin_candidates"":[],""summary_property_origin_family"":""thermo""}","[""scientific_context_not_reported_by_summary_endpoint"",""summary_property_not_bound_to_calculation_task""]",sha256:431b0e25d78fbb89693c12f029883361afb74c340cce730316dc492d4b290375
lifepo4-stability,materials_project,mp-772146,LiFePO4,formation_energy_per_atom_eV,formation_energy_per_atom,-2.4109025729251705,eV/atom,"{""code"":null,""corrections"":null,""dimensionality"":null,""functional"":null,""geometry_state"":null,""hubbard_u_eV"":null,""magnetic_configuration"":null,""method_family"":null,""pressure_GPa"":null,""reference_state"":null,""spin"":null,""strain_state"":null,""temperature_K"":null,""workflow"":null}","{""citation"":null,""endpoint"":""/materials/summary/"",""evidence_source"":null,""evidence_source_id"":null,""native_field"":""formation_energy_per_atom"",""origin"":""materials_project_summary"",""raw_unit"":""eV/atom"",""raw_value"":-2.4109025729251705,""retrieved_at"":""2026-08-09T20:09:36.214086+00:00"",""summary_property_origin"":null,""summary_property_origin_candidates"":[],""summary_property_origin_family"":""thermo""}","[""scientific_context_not_reported_by_summary_endpoint"",""summary_property_not_bound_to_calculation_task""]",sha256:431b0e25d78fbb89693c12f029883361afb74c340cce730316dc492d4b290375
lifepo4-stability,materials_project,mp-772146,LiFePO4,is_stable,thermodynamic_stability_label,false,,"{""code"":null,""dimensionality"":null,""functional"":null,""geometry_state"":null,""hull_construction"":null,""magnetic_configuration"":null,""method_family"":null,""pressure_GPa"":null,""reference_state"":null,""spin"":null,""stability_definition"":""Materials Project SummaryDoc: true means the source-selected thermodynamic entry is a stable entry on the source phase-diagram convex hull"",""strain_state"":null,""temperature_K"":null,""thermodynamic_ensemble"":null,""workflow"":null}","{""citation"":null,""endpoint"":""/materials/summary/"",""evidence_source"":null,""evidence_source_id"":null,""native_field"":""is_stable"",""native_semantic"":""materials_project_summary_source_native_stability_label"",""origin"":""materials_project_summary"",""raw_unit"":null,""raw_value"":false,""retrieved_at"":""2026-08-09T20:09:36.214086+00:00"",""summary_property_origin"":null,""summary_property_origin_candidates"":[],""summary_property_origin_family"":""thermo""}","[""scientific_context_not_reported_by_summary_endpoint"",""summary_property_not_bound_to_calculation_task"",""source_definition_not_recomputed_by_matrouter"",""summary_stability_not_bound_to_exact_thermo_type_entry_set_or_energy_frame""]",sha256:431b0e25d78fbb89693c12f029883361afb74c340cce730316dc492d4b290375
lifepo4-stability,aflow,aflowlib.duke.edu:AFLOWDATA/ICSD_WEB/ORC/Fe1Li1O4P1_ICSD_181342,Fe4Li4O16P4,band_gap_eV,electronic_band_gap,3.6372,eV,"{""code"":null,""dimensionality"":null,""functional"":null,""gap_character"":null,""gap_observable_level"":null,""geometry_state"":null,""hubbard_u_eV"":{""j_eV"":[0,0,0,0],""orbital_l"":[2,0,0,0],""source_type"":2,""species"":[""Fe"",""Li"",""O"",""P""],""u_eV"":[4.6,0,0,0]},""magnetic_configuration"":null,""method_family"":""DFT"",""modality"":null,""pressure_GPa"":null,""relativity_method"":null,""soc"":null,""spin"":null,""strain_state"":null,""temperature_K"":null,""workflow"":""AFLOW automated calculation""}","{""citation"":null,""endpoint"":""https://aflow.org/API/aflux"",""evidence_source"":""aflow"",""evidence_source_id"":""aflowlib.duke.edu:AFLOWDATA/ICSD_WEB/ORC/Fe1Li1O4P1_ICSD_181342"",""link"":""https://aflowlib.duke.edu/AFLOWDATA/ICSD_WEB/ORC/Fe1Li1O4P1_ICSD_181342"",""native_field"":""Egap"",""native_semantic"":""electronic_band_gap"",""origin"":""aflow_aflux"",""raw_unit"":""eV"",""raw_value"":3.6372,""retrieved_at"":""2026-08-09T20:09:25.620617+00:00"",""source_native_method_context"":{""dft_type"":[""PAW_PBE""],""ldau_j"":[0,0,0,0],""ldau_l"":[2,0,0,0],""ldau_type"":2,""ldau_u"":[4.6,0,0,0]}}","[""code_functional_and_soc_are_not_canonicalized_from_the_aflux_record""]",sha256:434057ce2710f431e2a7aa8e4f69387e2d07fe52fa761d05b91e5fa14a3a31fc
lifepo4-stability,alexandria,agm003236726,LiFePO4,band_gap_eV,electronic_band_gap,3.5487,eV,"{""code"":null,""dimensionality"":null,""functional"":null,""gap_character"":null,""gap_observable_level"":null,""geometry_state"":null,""hubbard_u_eV"":null,""magnetic_configuration"":null,""method_family"":null,""modality"":null,""pressure_GPa"":null,""relativity_method"":null,""soc"":null,""spin"":null,""strain_state"":null,""temperature_K"":null,""workflow"":null}","{""citation"":null,""endpoint"":""https://alexandria.icams.rub.de"",""evidence_source"":""alexandria"",""evidence_source_id"":""agm003236726"",""link"":""https://alexandria.icams.rub.de"",""native_field"":""band_gap_ind"",""origin"":""alexandria_public_website"",""raw_unit"":""eV"",""raw_value"":3.5487,""retrieved_at"":""2026-08-09T20:09:24.880109+00:00""}","[""functional_not_provided_by_public_website""]",sha256:4d034ad77048efae92f9f1936efcec01695889930f1a5e4e88615460025b5be1
lifepo4-stability,alexandria,agm003236726,LiFePO4,energy_above_hull_eV,energy_above_convex_hull_per_atom,0.010647145,eV/atom,"{""code"":null,""corrections"":null,""dimensionality"":null,""functional"":null,""geometry_state"":null,""hubbard_u_eV"":null,""hull_construction"":null,""magnetic_configuration"":null,""method_family"":null,""pressure_GPa"":null,""reference_state"":null,""spin"":null,""strain_state"":null,""temperature_K"":null,""thermodynamic_ensemble"":null,""workflow"":null}","{""citation"":null,""endpoint"":""https://alexandria.icams.rub.de"",""evidence_source"":""alexandria"",""evidence_source_id"":""agm003236726"",""link"":""https://alexandria.icams.rub.de"",""native_field"":""e_above_hull"",""origin"":""alexandria_public_website"",""raw_unit"":""eV/atom"",""raw_value"":0.010647145,""retrieved_at"":""2026-08-09T20:09:24.880109+00:00""}","[""functional_not_provided_by_public_website""]",sha256:4d034ad77048efae92f9f1936efcec01695889930f1a5e4e88615460025b5be1
lifepo4-stability,optimade:optimade-misc.odbx.science,camd-oqmd_6955,FeLiO4P,energy_above_hull_eV,energy_above_convex_hull_per_atom,0.0,eV/atom,"{""code"":null,""corrections"":null,""dimensionality"":null,""functional"":null,""geometry_state"":null,""hubbard_u_eV"":null,""hull_construction"":""global convex hull spanned by all other structures in the database"",""magnetic_configuration"":null,""method_family"":null,""pressure_GPa"":null,""reference_state"":null,""spin"":null,""strain_state"":null,""temperature_K"":null,""thermodynamic_ensemble"":null,""workflow"":null}","{""citation"":null,""contract"":""odbx_misc_optimade_extension_v1"",""endpoint"":""https://optimade-misc.odbx.science"",""evidence_source"":""optimade:optimade-misc.odbx.science"",""evidence_source_id"":""camd-oqmd_6955"",""link"":""https://optimade-misc.odbx.science"",""native_description"":""The distance that this structure lies from the global convex hull spanned by all other structures in the database."",""native_field"":""_odbx_hull_distance"",""origin"":""optimade_provider_extension"",""raw_unit"":""eV/atom"",""raw_value"":0.0,""retrieved_at"":""2026-08-09T20:09:28.243775+00:00""}","[""provider_extension_not_optimade_core_property"",""calculation_model_not_declared_by_provider_info"",""provider_serves_miscellaneous_datasets""]",sha256:5ae19fc3c5f52fa6b440da0631ec6f4ff2242bffa7d2aebd645749cd2ce380fd
lifepo4-stability,optimade:optimade-misc.odbx.science,camd-oqmd_6955,FeLiO4P,formation_energy_per_atom_eV,formation_energy_per_atom,-2.40994314262703,eV/atom,"{""code"":null,""corrections"":null,""dimensionality"":null,""functional"":null,""geometry_state"":null,""hubbard_u_eV"":null,""magnetic_configuration"":null,""method_family"":null,""pressure_GPa"":null,""reference_state"":""elemental chemical potentials"",""spin"":null,""strain_state"":null,""temperature_K"":null,""workflow"":null}","{""citation"":null,""contract"":""odbx_misc_optimade_extension_v1"",""endpoint"":""https://optimade-misc.odbx.science"",""evidence_source"":""optimade:optimade-misc.odbx.science"",""evidence_source_id"":""camd-oqmd_6955"",""link"":""https://optimade-misc.odbx.science"",""native_description"":""The formation energy of the structure, computed versus the elemental chemical potentials."",""native_field"":""_odbx_formation_energy"",""origin"":""optimade_provider_extension"",""raw_unit"":""eV/atom"",""raw_value"":-2.40994314262703,""retrieved_at"":""2026-08-09T20:09:28.243775+00:00""}","[""provider_extension_not_optimade_core_property"",""calculation_model_not_declared_by_provider_info"",""provider_serves_miscellaneous_datasets""]",sha256:5ae19fc3c5f52fa6b440da0631ec6f4ff2242bffa7d2aebd645749cd2ce380fd
lifepo4-stability,aflow,aflowlib.duke.edu:AFLOWDATA/ICSD_WEB/ORC/Fe1Li1O4P1_ICSD_183874,Fe4Li4O16P4,band_gap_eV,electronic_band_gap,3.6418,eV,"{""code"":null,""dimensionality"":null,""functional"":null,""gap_character"":null,""gap_observable_level"":null,""geometry_state"":null,""hubbard_u_eV"":{""j_eV"":[0,0,0,0],""orbital_l"":[2,0,0,0],""source_type"":2,""species"":[""Fe"",""Li"",""O"",""P""],""u_eV"":[4.6,0,0,0]},""magnetic_configuration"":null,""method_family"":""DFT"",""modality"":null,""pressure_GPa"":null,""relativity_method"":null,""soc"":null,""spin"":null,""strain_state"":null,""temperature_K"":null,""workflow"":""AFLOW automated calculation""}","{""citation"":null,""endpoint"":""https://aflow.org/API/aflux"",""evidence_source"":""aflow"",""evidence_source_id"":""aflowlib.duke.edu:AFLOWDATA/ICSD_WEB/ORC/Fe1Li1O4P1_ICSD_183874"",""link"":""https://aflowlib.duke.edu/AFLOWDATA/ICSD_WEB/ORC/Fe1Li1O4P1_ICSD_183874"",""native_field"":""Egap"",""native_semantic"":""electronic_band_gap"",""origin"":""aflow_aflux"",""raw_unit"":""eV"",""raw_value"":3.6418,""retrieved_at"":""2026-08-09T20:09:25.620578+00:00"",""source_native_method_context"":{""dft_type"":[""PAW_PBE""],""ldau_j"":[0,0,0,0],""ldau_l"":[2,0,0,0],""ldau_type"":2,""ldau_u"":[4.6,0,0,0]}}","[""code_functional_and_soc_are_not_canonicalized_from_the_aflux_record""]",sha256:5b14bf8305dd525a166514e5c4c3eec63c29752eb234ec60748f464d3e7ec327
lifepo4-stability,aflow,aflowlib.duke.edu:AFLOWDATA/ICSD_WEB/ORC/Fe1Li1O4P1_ICSD_160776,Fe4Li4O16P4,band_gap_eV,electronic_band_gap,3.6403,eV,"{""code"":null,""dimensionality"":null,""functional"":null,""gap_character"":null,""gap_observable_level"":null,""geometry_state"":null,""hubbard_u_eV"":{""j_eV"":[0,0,0,0],""orbital_l"":[2,0,0,0],""source_type"":2,""species"":[""Fe"",""Li"",""O"",""P""],""u_eV"":[4.6,0,0,0]},""magnetic_configuration"":null,""method_family"":""DFT"",""modality"":null,""pressure_GPa"":null,""relativity_method"":null,""soc"":null,""spin"":null,""strain_state"":null,""temperature_K"":null,""workflow"":""AFLOW automated calculation""}","{""citation"":null,""endpoint"":""https://aflow.org/API/aflux"",""evidence_source"":""aflow"",""evidence_source_id"":""aflowlib.duke.edu:AFLOWDATA/ICSD_WEB/ORC/Fe1Li1O4P1_ICSD_160776"",""link"":""https://aflowlib.duke.edu/AFLOWDATA/ICSD_WEB/ORC/Fe1Li1O4P1_ICSD_160776"",""native_field"":""Egap"",""native_semantic"":""electronic_band_gap"",""origin"":""aflow_aflux"",""raw_unit"":""eV"",""raw_value"":3.6403,""retrieved_at"":""2026-08-09T20:09:25.620654+00:00"",""source_native_method_context"":{""dft_type"":[""PAW_PBE""],""ldau_j"":[0,0,0,0],""ldau_l"":[2,0,0,0],""ldau_type"":2,""ldau_u"":[4.6,0,0,0]}}","[""code_functional_and_soc_are_not_canonicalized_from_the_aflux_record""]",sha256:5c208fbbbe7b4911ffa5d55183dc9ebc842669688e2fc86b5f3a1447544c6d39
lifepo4-stability,alexandria,agm005262715,LiFePO4,band_gap_eV,electronic_band_gap,3.6935,eV,"{""code"":null,""dimensionality"":null,""functional"":null,""gap_character"":null,""gap_observable_level"":null,""geometry_state"":null,""hubbard_u_eV"":null,""magnetic_configuration"":null,""method_family"":null,""modality"":null,""pressure_GPa"":null,""relativity_method"":null,""soc"":null,""spin"":null,""strain_state"":null,""temperature_K"":null,""workflow"":null}","{""citation"":null,""endpoint"":""https://alexandria.icams.rub.de"",""evidence_source"":""alexandria"",""evidence_source_id"":""agm005262715"",""link"":""https://alexandria.icams.rub.de"",""native_field"":""band_gap_ind"",""origin"":""alexandria_public_website"",""raw_unit"":""eV"",""raw_value"":3.6935,""retrieved_at"":""2026-08-09T20:09:24.880416+00:00""}","[""functional_not_provided_by_public_website""]",sha256:63611f2417fb9d91cb015014d08e26532c4b79a90eff4ee123a2cced3dc3f86f
lifepo4-stability,alexandria,agm005262715,LiFePO4,energy_above_hull_eV,energy_above_convex_hull_per_atom,0.02833295,eV/atom,"{""code"":null,""corrections"":null,""dimensionality"":null,""functional"":null,""geometry_state"":null,""hubbard_u_eV"":null,""hull_construction"":null,""magnetic_configuration"":null,""method_family"":null,""pressure_GPa"":null,""reference_state"":null,""spin"":null,""strain_state"":null,""temperature_K"":null,""thermodynamic_ensemble"":null,""workflow"":null}","{""citation"":null,""endpoint"":""https://alexandria.icams.rub.de"",""evidence_source"":""alexandria"",""evidence_source_id"":""agm005262715"",""link"":""https://alexandria.icams.rub.de"",""native_field"":""e_above_hull"",""origin"":""alexandria_public_website"",""raw_unit"":""eV/atom"",""raw_value"":0.02833295,""retrieved_at"":""2026-08-09T20:09:24.880416+00:00""}","[""functional_not_provided_by_public_website""]",sha256:63611f2417fb9d91cb015014d08e26532c4b79a90eff4ee123a2cced3dc3f86f
lifepo4-stability,alexandria,agm005289895,LiFePO4,band_gap_eV,electronic_band_gap,3.5346,eV,"{""code"":null,""dimensionality"":null,""functional"":null,""gap_character"":null,""gap_observable_level"":null,""geometry_state"":null,""hubbard_u_eV"":null,""magnetic_configuration"":null,""method_family"":null,""modality"":null,""pressure_GPa"":null,""relativity_method"":null,""soc"":null,""spin"":null,""strain_state"":null,""temperature_K"":null,""workflow"":null}","{""citation"":null,""endpoint"":""https://alexandria.icams.rub.de"",""evidence_source"":""alexandria"",""evidence_source_id"":""agm005289895"",""link"":""https://alexandria.icams.rub.de"",""native_field"":""band_gap_ind"",""origin"":""alexandria_public_website"",""raw_unit"":""eV"",""raw_value"":3.5346,""retrieved_at"":""2026-08-09T20:09:24.880266+00:00""}","[""functional_not_provided_by_public_website""]",sha256:637f809fab6591625d3659328f846d523343eecd49363cc3a8fd2a407c88abaa
lifepo4-stability,alexandria,agm005289895,LiFePO4,energy_above_hull_eV,energy_above_convex_hull_per_atom,0.013953152,eV/atom,"{""code"":null,""corrections"":null,""dimensionality"":null,""functional"":null,""geometry_state"":null,""hubbard_u_eV"":null,""hull_construction"":null,""magnetic_configuration"":null,""method_family"":null,""pressure_GPa"":null,""reference_state"":null,""spin"":null,""strain_state"":null,""temperature_K"":null,""thermodynamic_ensemble"":null,""workflow"":null}","{""citation"":null,""endpoint"":""https://alexandria.icams.rub.de"",""evidence_source"":""alexandria"",""evidence_source_id"":""agm005289895"",""link"":""https://alexandria.icams.rub.de"",""native_field"":""e_above_hull"",""origin"":""alexandria_public_website"",""raw_unit"":""eV/atom"",""raw_value"":0.013953152,""retrieved_at"":""2026-08-09T20:09:24.880266+00:00""}","[""functional_not_provided_by_public_website""]",sha256:637f809fab6591625d3659328f846d523343eecd49363cc3a8fd2a407c88abaa
lifepo4-stability,alexandria,agm003236723,LiFePO4,band_gap_eV,electronic_band_gap,3.5252,eV,"{""code"":null,""dimensionality"":null,""functional"":null,""gap_character"":null,""gap_observable_level"":null,""geometry_state"":null,""hubbard_u_eV"":null,""magnetic_configuration"":null,""method_family"":null,""modality"":null,""pressure_GPa"":null,""relativity_method"":null,""soc"":null,""spin"":null,""strain_state"":null,""temperature_K"":null,""workflow"":null}","{""citation"":null,""endpoint"":""https://alexandria.icams.rub.de"",""evidence_source"":""alexandria"",""evidence_source_id"":""agm003236723"",""link"":""https://alexandria.icams.rub.de"",""native_field"":""band_gap_ind"",""origin"":""alexandria_public_website"",""raw_unit"":""eV"",""raw_value"":3.5252,""retrieved_at"":""2026-08-09T20:09:24.880210+00:00""}","[""functional_not_provided_by_public_website""]",sha256:649bee8ad65a38a0a340ae83ecedf9c0c04042943fae144216ba712989d406c1
lifepo4-stability,alexandria,agm003236723,LiFePO4,energy_above_hull_eV,energy_above_convex_hull_per_atom,0.013213704,eV/atom,"{""code"":null,""corrections"":null,""dimensionality"":null,""functional"":null,""geometry_state"":null,""hubbard_u_eV"":null,""hull_construction"":null,""magnetic_configuration"":null,""method_family"":null,""pressure_GPa"":null,""reference_state"":null,""spin"":null,""strain_state"":null,""temperature_K"":null,""thermodynamic_ensemble"":null,""workflow"":null}","{""citation"":null,""endpoint"":""https://alexandria.icams.rub.de"",""evidence_source"":""alexandria"",""evidence_source_id"":""agm003236723"",""link"":""https://alexandria.icams.rub.de"",""native_field"":""e_above_hull"",""origin"":""alexandria_public_website"",""raw_unit"":""eV/atom"",""raw_value"":0.013213704,""retrieved_at"":""2026-08-09T20:09:24.880210+00:00""}","[""functional_not_provided_by_public_website""]",sha256:649bee8ad65a38a0a340ae83ecedf9c0c04042943fae144216ba712989d406c1
lifepo4-stability,aflow,aflowlib.duke.edu:AFLOWDATA/ICSD_WEB/ORC/Fe1Li1O4P1_ICSD_185308,Fe4Li4O16P4,band_gap_eV,electronic_band_gap,3.6331,eV,"{""code"":null,""dimensionality"":null,""functional"":null,""gap_character"":null,""gap_observable_level"":null,""geometry_state"":null,""hubbard_u_eV"":{""j_eV"":[0,0,0,0],""orbital_l"":[2,0,0,0],""source_type"":2,""species"":[""Fe"",""Li"",""O"",""P""],""u_eV"":[4.6,0,0,0]},""magnetic_configuration"":null,""method_family"":""DFT"",""modality"":null,""pressure_GPa"":null,""relativity_method"":null,""soc"":null,""spin"":null,""strain_state"":null,""temperature_K"":null,""workflow"":""AFLOW automated calculation""}","{""citation"":null,""endpoint"":""https://aflow.org/API/aflux"",""evidence_source"":""aflow"",""evidence_source_id"":""aflowlib.duke.edu:AFLOWDATA/ICSD_WEB/ORC/Fe1Li1O4P1_ICSD_185308"",""link"":""https://aflowlib.duke.edu/AFLOWDATA/ICSD_WEB/ORC/Fe1Li1O4P1_ICSD_185308"",""native_field"":""Egap"",""native_semantic"":""electronic_band_gap"",""origin"":""aflow_aflux"",""raw_unit"":""eV"",""raw_value"":3.6331,""retrieved_at"":""2026-08-09T20:09:25.620728+00:00"",""source_native_method_context"":{""dft_type"":[""PAW_PBE""],""ldau_j"":[0,0,0,0],""ldau_l"":[2,0,0,0],""ldau_type"":2,""ldau_u"":[4.6,0,0,0]}}","[""code_functional_and_soc_are_not_canonicalized_from_the_aflux_record""]",sha256:652142b632664fd38fc19927b7aca683de96890fd7a4a1efe789d611c8877bf9
lifepo4-stability,aflow,aflowlib.duke.edu:AFLOWDATA/ICSD_WEB/ORC/Fe1Li1O4P1_ICSD_246855,Fe4Li4O16P4,band_gap_eV,electronic_band_gap,3.2254,eV,"{""code"":null,""dimensionality"":null,""functional"":null,""gap_character"":null,""gap_observable_level"":null,""geometry_state"":null,""hubbard_u_eV"":{""j_eV"":[0,0,0,0],""orbital_l"":[2,0,0,0],""source_type"":2,""species"":[""Fe"",""Li"",""O"",""P""],""u_eV"":[4.6,0,0,0]},""magnetic_configuration"":null,""method_family"":""DFT"",""modality"":null,""pressure_GPa"":null,""relativity_method"":null,""soc"":null,""spin"":null,""strain_state"":null,""temperature_K"":null,""workflow"":""AFLOW automated calculation""}","{""citation"":null,""endpoint"":""https://aflow.org/API/aflux"",""evidence_source"":""aflow"",""evidence_source_id"":""aflowlib.duke.edu:AFLOWDATA/ICSD_WEB/ORC/Fe1Li1O4P1_ICSD_246855"",""link"":""https://aflowlib.duke.edu/AFLOWDATA/ICSD_WEB/ORC/Fe1Li1O4P1_ICSD_246855"",""native_field"":""Egap"",""native_semantic"":""electronic_band_gap"",""origin"":""aflow_aflux"",""raw_unit"":""eV"",""raw_value"":3.2254,""retrieved_at"":""2026-08-09T20:09:25.620949+00:00"",""source_native_method_context"":{""dft_type"":[""PAW_PBE""],""ldau_j"":[0,0,0,0],""ldau_l"":[2,0,0,0],""ldau_type"":2,""ldau_u"":[4.6,0,0,0]}}","[""code_functional_and_soc_are_not_canonicalized_from_the_aflux_record""]",sha256:672b0a3640c2e1775e29f0da1bab35e7bc9a9bc1dcfafc7dac5440a203c70c30
lifepo4-stability,nomad,14VtntFqJxJnGVZ1W0Adbf9WnS_H#band_gap=0,FeLiO4P,band_gap_eV,electronic_band_gap,3.2549,eV,"{""code"":""VASP"",""dimensionality"":""3D"",""functional"":[""GGA_C_PBE"",""GGA_X_PBE""],""gap_character"":null,""gap_observable_level"":""nomad_results_summary_normalizer_output"",""geometry_state"":null,""hubbard_u_eV"":[{""energy_conversion"":{""divisor"":1.602176634e-19,""from_unit"":""J"",""to_unit"":""eV""},""source_energy_values_J"":{""u_J"":8.491536160199999e-19,""u_effective_J"":8.491536160199999e-19},""u_eV"":5.3,""u_effective_eV"":5.3}],""magnetic_configuration"":null,""method_family"":""DFT"",""modality"":null,""pressure_GPa"":null,""relativity_method"":null,""soc"":null,""spin"":{""source_channel_index"":0},""strain_state"":null,""temperature_K"":null,""workflow"":null}","{""calculation_binding"":""unresolved"",""citation"":null,""conversion"":{""divisor"":1.602176634e-19,""from_unit"":""J"",""to_unit"":""eV""},""endpoint"":""/entries/query"",""evidence_source"":""nomad"",""evidence_source_id"":""14VtntFqJxJnGVZ1W0Adbf9WnS_H#band_gap=0"",""native_field"":""results.properties.electronic.band_gap[0].value"",""origin"":""nomad_summary_aggregate"",""raw_unit"":""J"",""raw_value"":5.2149247260066e-19,""retrieved_at"":""2026-08-09T20:09:25.263284+00:00"",""selection"":{""reason"":""multiple_source_observations"",""status"":""unselected""},""source_native_context"":{""index"":0}}","[""summary_band_gap_not_bound_to_specific_calculation"",""nomad_results_band_gap_is_normalizer_derived_with_source_detection_tolerance"",""summary_method_context_not_bound_to_specific_calculation"",""multiple_summary_band_gaps_preserved_without_primary""]",sha256:6816b5e41b8d6d5ad48da50dcf226901b1ee9c608dbd005b31fdd6fc5a7d9d5d
lifepo4-stability,nomad,14VtntFqJxJnGVZ1W0Adbf9WnS_H#band_gap=1,FeLiO4P,band_gap_eV,electronic_band_gap,3.2549,eV,"{""code"":""VASP"",""dimensionality"":""3D"",""functional"":[""GGA_C_PBE"",""GGA_X_PBE""],""gap_character"":null,""gap_observable_level"":""nomad_results_summary_normalizer_output"",""geometry_state"":null,""hubbard_u_eV"":[{""energy_conversion"":{""divisor"":1.602176634e-19,""from_unit"":""J"",""to_unit"":""eV""},""source_energy_values_J"":{""u_J"":8.491536160199999e-19,""u_effective_J"":8.491536160199999e-19},""u_eV"":5.3,""u_effective_eV"":5.3}],""magnetic_configuration"":null,""method_family"":""DFT"",""modality"":null,""pressure_GPa"":null,""relativity_method"":null,""soc"":null,""spin"":{""source_channel_index"":1},""strain_state"":null,""temperature_K"":null,""workflow"":null}","{""calculation_binding"":""unresolved"",""citation"":null,""conversion"":{""divisor"":1.602176634e-19,""from_unit"":""J"",""to_unit"":""eV""},""endpoint"":""/entries/query"",""evidence_source"":""nomad"",""evidence_source_id"":""14VtntFqJxJnGVZ1W0Adbf9WnS_H#band_gap=1"",""native_field"":""results.properties.electronic.band_gap[1].value"",""origin"":""nomad_summary_aggregate"",""raw_unit"":""J"",""raw_value"":5.2149247260066e-19,""retrieved_at"":""2026-08-09T20:09:25.263284+00:00"",""selection"":{""reason"":""multiple_source_observations"",""status"":""unselected""},""source_native_context"":{""index"":1}}","[""summary_band_gap_not_bound_to_specific_calculation"",""nomad_results_band_gap_is_normalizer_derived_with_source_detection_tolerance"",""summary_method_context_not_bound_to_specific_calculation"",""multiple_summary_band_gaps_preserved_without_primary""]",sha256:6816b5e41b8d6d5ad48da50dcf226901b1ee9c608dbd005b31fdd6fc5a7d9d5d
lifepo4-stability,nomad,-PRG0Pcfy7iJsN6pYRLTg2CvvpRY#band_gap=0,FeLiO4P,band_gap_eV,electronic_band_gap,4.3969,eV,"{""code"":""VASP"",""dimensionality"":""3D"",""functional"":[""GGA_C_PBE"",""GGA_X_PBE""],""gap_character"":null,""gap_observable_level"":""nomad_results_summary_normalizer_output"",""geometry_state"":null,""hubbard_u_eV"":[{""energy_conversion"":{""divisor"":1.602176634e-19,""from_unit"":""J"",""to_unit"":""eV""},""source_energy_values_J"":{""u_J"":8.491536160199999e-19,""u_effective_J"":8.491536160199999e-19},""u_eV"":5.3,""u_effective_eV"":5.3}],""magnetic_configuration"":null,""method_family"":""DFT"",""modality"":null,""pressure_GPa"":null,""relativity_method"":null,""soc"":null,""spin"":{""source_channel_index"":0},""strain_state"":null,""temperature_K"":null,""workflow"":null}","{""calculation_binding"":""unresolved"",""citation"":null,""conversion"":{""divisor"":1.602176634e-19,""from_unit"":""J"",""to_unit"":""eV""},""endpoint"":""/entries/query"",""evidence_source"":""nomad"",""evidence_source_id"":""-PRG0Pcfy7iJsN6pYRLTg2CvvpRY#band_gap=0"",""native_field"":""results.properties.electronic.band_gap[0].value"",""origin"":""nomad_summary_aggregate"",""raw_unit"":""J"",""raw_value"":7.0446104420346e-19,""retrieved_at"":""2026-08-09T20:09:25.262714+00:00"",""selection"":{""reason"":""multiple_source_observations"",""status"":""unselected""},""source_native_context"":{""index"":0}}","[""summary_band_gap_not_bound_to_specific_calculation"",""nomad_results_band_gap_is_normalizer_derived_with_source_detection_tolerance"",""summary_method_context_not_bound_to_specific_calculation"",""multiple_summary_band_gaps_preserved_without_primary""]",sha256:69367bf62798145614ab0d3ec5d6eee667cbb8738a434ed36cc6f862894c3060
lifepo4-stability,nomad,-PRG0Pcfy7iJsN6pYRLTg2CvvpRY#band_gap=1,FeLiO4P,band_gap_eV,electronic_band_gap,4.3969,eV,"{""code"":""VASP"",""dimensionality"":""3D"",""functional"":[""GGA_C_PBE"",""GGA_X_PBE""],""gap_character"":null,""gap_observable_level"":""nomad_results_summary_normalizer_output"",""geometry_state"":null,""hubbard_u_eV"":[{""energy_conversion"":{""divisor"":1.602176634e-19,""from_unit"":""J"",""to_unit"":""eV""},""source_energy_values_J"":{""u_J"":8.491536160199999e-19,""u_effective_J"":8.491536160199999e-19},""u_eV"":5.3,""u_effective_eV"":5.3}],""magnetic_configuration"":null,""method_family"":""DFT"",""modality"":null,""pressure_GPa"":null,""relativity_method"":null,""soc"":null,""spin"":{""source_channel_index"":1},""strain_state"":null,""temperature_K"":null,""workflow"":null}","{""calculation_binding"":""unresolved"",""citation"":null,""conversion"":{""divisor"":1.602176634e-19,""from_unit"":""J"",""to_unit"":""eV""},""endpoint"":""/entries/query"",""evidence_source"":""nomad"",""evidence_source_id"":""-PRG0Pcfy7iJsN6pYRLTg2CvvpRY#band_gap=1"",""native_field"":""results.properties.electronic.band_gap[1].value"",""origin"":""nomad_summary_aggregate"",""raw_unit"":""J"",""raw_value"":7.0446104420346e-19,""retrieved_at"":""2026-08-09T20:09:25.262714+00:00"",""selection"":{""reason"":""multiple_source_observations"",""status"":""unselected""},""source_native_context"":{""index"":1}}","[""summary_band_gap_not_bound_to_specific_calculation"",""nomad_results_band_gap_is_normalizer_derived_with_source_detection_tolerance"",""summary_method_context_not_bound_to_specific_calculation"",""multiple_summary_band_gaps_preserved_without_primary""]",sha256:69367bf62798145614ab0d3ec5d6eee667cbb8738a434ed36cc6f862894c3060
lifepo4-stability,materials_project,aaadqrfq,LiFePO4,band_gap_eV,electronic_band_gap,3.7629,eV,"{""code"":null,""dimensionality"":null,""functional"":null,""gap_character"":null,""gap_observable_level"":null,""geometry_state"":null,""hubbard_u_eV"":null,""magnetic_configuration"":null,""method_family"":null,""modality"":null,""pressure_GPa"":null,""relativity_method"":null,""soc"":null,""spin"":null,""strain_state"":null,""temperature_K"":null,""workflow"":null}","{""citation"":null,""endpoint"":""/materials/summary/"",""evidence_source"":""materials_project"",""evidence_source_id"":""aaadqrfq"",""native_field"":""band_gap"",""origin"":""materials_project_summary"",""raw_unit"":""eV"",""raw_value"":3.7629,""retrieved_at"":""2026-08-09T20:09:36.210145+00:00"",""summary_property_origin"":{""last_updated"":""2020-06-05T04:41:54.064000Z"",""name"":""electronic_structure"",""task_id"":""aaadqrfq""},""summary_property_origin_candidates"":[{""last_updated"":""2020-06-05T04:41:54.064000Z"",""name"":""electronic_structure"",""task_id"":""aaadqrfq""}],""summary_property_origin_family"":""electronic_structure""}","[""scientific_context_not_reported_by_summary_endpoint""]",sha256:6a07e295a3d8acd77478b182f8ce330247fc780c40d0e09a8224dd1c851d0eee
lifepo4-stability,materials_project,mp-1661648,LiFePO4,energy_above_hull_eV,energy_above_convex_hull_per_atom,0.0657520560714282,eV/atom,"{""code"":null,""corrections"":null,""dimensionality"":null,""functional"":null,""geometry_state"":null,""hubbard_u_eV"":null,""hull_construction"":null,""magnetic_configuration"":null,""method_family"":null,""pressure_GPa"":null,""reference_state"":null,""spin"":null,""strain_state"":null,""temperature_K"":null,""thermodynamic_ensemble"":null,""workflow"":null}","{""citation"":null,""endpoint"":""/materials/summary/"",""evidence_source"":null,""evidence_source_id"":null,""native_field"":""energy_above_hull"",""origin"":""materials_project_summary"",""raw_unit"":""eV/atom"",""raw_value"":0.0657520560714282,""retrieved_at"":""2026-08-09T20:09:36.210145+00:00"",""summary_property_origin"":null,""summary_property_origin_candidates"":[],""summary_property_origin_family"":""thermo""}","[""scientific_context_not_reported_by_summary_endpoint"",""summary_property_not_bound_to_calculation_task""]",sha256:6a07e295a3d8acd77478b182f8ce330247fc780c40d0e09a8224dd1c851d0eee
lifepo4-stability,materials_project,mp-1661648,LiFePO4,formation_energy_per_atom_eV,formation_energy_per_atom,-2.4141439586394546,eV/atom,"{""code"":null,""corrections"":null,""dimensionality"":null,""functional"":null,""geometry_state"":null,""hubbard_u_eV"":null,""magnetic_configuration"":null,""method_family"":null,""pressure_GPa"":null,""reference_state"":null,""spin"":null,""strain_state"":null,""temperature_K"":null,""workflow"":null}","{""citation"":null,""endpoint"":""/materials/summary/"",""evidence_source"":null,""evidence_source_id"":null,""native_field"":""formation_energy_per_atom"",""origin"":""materials_project_summary"",""raw_unit"":""eV/atom"",""raw_value"":-2.4141439586394546,""retrieved_at"":""2026-08-09T20:09:36.210145+00:00"",""summary_property_origin"":null,""summary_property_origin_candidates"":[],""summary_property_origin_family"":""thermo""}","[""scientific_context_not_reported_by_summary_endpoint"",""summary_property_not_bound_to_calculation_task""]",sha256:6a07e295a3d8acd77478b182f8ce330247fc780c40d0e09a8224dd1c851d0eee
lifepo4-stability,materials_project,mp-1661648,LiFePO4,is_stable,thermodynamic_stability_label,false,,"{""code"":null,""dimensionality"":null,""functional"":null,""geometry_state"":null,""hull_construction"":null,""magnetic_configuration"":null,""method_family"":null,""pressure_GPa"":null,""reference_state"":null,""spin"":null,""stability_definition"":""Materials Project SummaryDoc: true means the source-selected thermodynamic entry is a stable entry on the source phase-diagram convex hull"",""strain_state"":null,""temperature_K"":null,""thermodynamic_ensemble"":null,""workflow"":null}","{""citation"":null,""endpoint"":""/materials/summary/"",""evidence_source"":null,""evidence_source_id"":null,""native_field"":""is_stable"",""native_semantic"":""materials_project_summary_source_native_stability_label"",""origin"":""materials_project_summary"",""raw_unit"":null,""raw_value"":false,""retrieved_at"":""2026-08-09T20:09:36.210145+00:00"",""summary_property_origin"":null,""summary_property_origin_candidates"":[],""summary_property_origin_family"":""thermo""}","[""scientific_context_not_reported_by_summary_endpoint"",""summary_property_not_bound_to_calculation_task"",""source_definition_not_recomputed_by_matrouter"",""summary_stability_not_bound_to_exact_thermo_type_entry_set_or_energy_frame""]",sha256:6a07e295a3d8acd77478b182f8ce330247fc780c40d0e09a8224dd1c851d0eee
lifepo4-stability,optimade:optimade.materialscloud.org/main/mc2d,7b6518cd-f819-4e22-8ced-1a068ae8f52b,FeLiO4P,band_gap_eV,electronic_band_gap,0.693163317264323,eV,"{""code"":null,""dimensionality"":null,""functional"":null,""gap_character"":null,""gap_observable_level"":null,""geometry_state"":null,""hubbard_u_eV"":null,""magnetic_configuration"":null,""method_family"":null,""modality"":null,""pressure_GPa"":null,""relativity_method"":null,""soc"":null,""spin"":null,""strain_state"":null,""temperature_K"":null,""workflow"":null}","{""citation"":null,""contract"":""materials_cloud_mc2d_optimade_extension_v1"",""endpoint"":""https://optimade.materialscloud.org/main/mc2d"",""evidence_source"":""optimade:optimade.materialscloud.org/main/mc2d"",""evidence_source_id"":""7b6518cd-f819-4e22-8ced-1a068ae8f52b"",""link"":""https://optimade.materialscloud.org/main/mc2d"",""native_description"":""Band gap of the material."",""native_field"":""_mcloud_band_gap"",""origin"":""optimade_provider_extension"",""raw_unit"":""eV"",""raw_value"":0.693163317264323,""retrieved_at"":""2026-08-09T20:09:31.323060+00:00""}","[""provider_extension_not_optimade_core_property"",""calculation_model_not_declared_by_provider_info"",""contract_limited_to_materials_cloud_mc2d""]",sha256:714590f72b4ca5a0c0bf7b9b1bc439df3b2583f3c6ee7d34df30d4964ff32cc1
lifepo4-stability,aflow,aflowlib.duke.edu:AFLOWDATA/ICSD_WEB/ORC/Fe1Li1O4P1_ICSD_56291,Fe4Li4O16P4,band_gap_eV,electronic_band_gap,3.6307,eV,"{""code"":null,""dimensionality"":null,""functional"":null,""gap_character"":null,""gap_observable_level"":null,""geometry_state"":null,""hubbard_u_eV"":{""j_eV"":[0,0,0,0],""orbital_l"":[2,0,0,0],""source_type"":2,""species"":[""Fe"",""Li"",""O"",""P""],""u_eV"":[4.6,0,0,0]},""magnetic_configuration"":null,""method_family"":""DFT"",""modality"":null,""pressure_GPa"":null,""relativity_method"":null,""soc"":null,""spin"":null,""strain_state"":null,""temperature_K"":null,""workflow"":""AFLOW automated calculation""}","{""citation"":null,""endpoint"":""https://aflow.org/API/aflux"",""evidence_source"":""aflow"",""evidence_source_id"":""aflowlib.duke.edu:AFLOWDATA/ICSD_WEB/ORC/Fe1Li1O4P1_ICSD_56291"",""link"":""https://aflowlib.duke.edu/AFLOWDATA/ICSD_WEB/ORC/Fe1Li1O4P1_ICSD_56291"",""native_field"":""Egap"",""native_semantic"":""electronic_band_gap"",""origin"":""aflow_aflux"",""raw_unit"":""eV"",""raw_value"":3.6307,""retrieved_at"":""2026-08-09T20:09:25.620491+00:00"",""source_native_method_context"":{""dft_type"":[""PAW_PBE""],""ldau_j"":[0,0,0,0],""ldau_l"":[2,0,0,0],""ldau_type"":2,""ldau_u"":[4.6,0,0,0]}}","[""code_functional_and_soc_are_not_canonicalized_from_the_aflux_record""]",sha256:75418bb71ebe21ce5251323ddf7dc2f3bb963e12261ccb0416bc1b9e3632d4c8
lifepo4-stability,alexandria,agm003236721,LiFePO4,band_gap_eV,electronic_band_gap,3.9241,eV,"{""code"":null,""dimensionality"":null,""functional"":null,""gap_character"":null,""gap_observable_level"":null,""geometry_state"":null,""hubbard_u_eV"":null,""magnetic_configuration"":null,""method_family"":null,""modality"":null,""pressure_GPa"":null,""relativity_method"":null,""soc"":null,""spin"":null,""strain_state"":null,""temperature_K"":null,""workflow"":null}","{""citation"":null,""endpoint"":""https://alexandria.icams.rub.de"",""evidence_source"":""alexandria"",""evidence_source_id"":""agm003236721"",""link"":""https://alexandria.icams.rub.de"",""native_field"":""band_gap_ind"",""origin"":""alexandria_public_website"",""raw_unit"":""eV"",""raw_value"":3.9241,""retrieved_at"":""2026-08-09T20:09:24.879587+00:00""}","[""functional_not_provided_by_public_website""]",sha256:7a1a9d65fc074f1b1cc240c8b7e858236ad56c3a08a093b2171296f995812cd6
lifepo4-stability,alexandria,agm003236721,LiFePO4,energy_above_hull_eV,energy_above_convex_hull_per_atom,0.0,eV/atom,"{""code"":null,""corrections"":null,""dimensionality"":null,""functional"":null,""geometry_state"":null,""hubbard_u_eV"":null,""hull_construction"":null,""magnetic_configuration"":null,""method_family"":null,""pressure_GPa"":null,""reference_state"":null,""spin"":null,""strain_state"":null,""temperature_K"":null,""thermodynamic_ensemble"":null,""workflow"":null}","{""citation"":null,""endpoint"":""https://alexandria.icams.rub.de"",""evidence_source"":""alexandria"",""evidence_source_id"":""agm003236721"",""link"":""https://alexandria.icams.rub.de"",""native_field"":""e_above_hull"",""origin"":""alexandria_public_website"",""raw_unit"":""eV/atom"",""raw_value"":0.0,""retrieved_at"":""2026-08-09T20:09:24.879587+00:00""}","[""functional_not_provided_by_public_website""]",sha256:7a1a9d65fc074f1b1cc240c8b7e858236ad56c3a08a093b2171296f995812cd6
lifepo4-stability,nomad,-0WLGMXIAzWMdptBwdg_oIm6mwIE#band_gap=0,FeLiO4P,band_gap_eV,electronic_band_gap,3.6375,eV,"{""code"":""VASP"",""dimensionality"":""3D"",""functional"":[""GGA_C_PBE"",""GGA_X_PBE""],""gap_character"":null,""gap_observable_level"":""nomad_results_summary_normalizer_output"",""geometry_state"":null,""hubbard_u_eV"":[{""energy_conversion"":{""divisor"":1.602176634e-19,""from_unit"":""J"",""to_unit"":""eV""},""source_energy_values_J"":{""u_J"":8.491536160199999e-19,""u_effective_J"":8.491536160199999e-19},""u_eV"":5.3,""u_effective_eV"":5.3}],""magnetic_configuration"":null,""method_family"":""DFT"",""modality"":null,""pressure_GPa"":null,""relativity_method"":null,""soc"":null,""spin"":{""source_channel_index"":0},""strain_state"":null,""temperature_K"":null,""workflow"":null}","{""calculation_binding"":""unresolved"",""citation"":null,""conversion"":{""divisor"":1.602176634e-19,""from_unit"":""J"",""to_unit"":""eV""},""endpoint"":""/entries/query"",""evidence_source"":""nomad"",""evidence_source_id"":""-0WLGMXIAzWMdptBwdg_oIm6mwIE#band_gap=0"",""native_field"":""results.properties.electronic.band_gap[0].value"",""origin"":""nomad_summary_aggregate"",""raw_unit"":""J"",""raw_value"":5.827917506175e-19,""retrieved_at"":""2026-08-09T20:09:25.262362+00:00"",""selection"":{""reason"":""multiple_source_observations"",""status"":""unselected""},""source_native_context"":{""index"":0}}","[""summary_band_gap_not_bound_to_specific_calculation"",""nomad_results_band_gap_is_normalizer_derived_with_source_detection_tolerance"",""summary_method_context_not_bound_to_specific_calculation"",""multiple_summary_band_gaps_preserved_without_primary""]",sha256:7f3e010c0709c852ba810685735080acd18afe4430b62f46f31b72ae23b0713c
lifepo4-stability,nomad,-0WLGMXIAzWMdptBwdg_oIm6mwIE#band_gap=1,FeLiO4P,band_gap_eV,electronic_band_gap,3.6375,eV,"{""code"":""VASP"",""dimensionality"":""3D"",""functional"":[""GGA_C_PBE"",""GGA_X_PBE""],""gap_character"":null,""gap_observable_level"":""nomad_results_summary_normalizer_output"",""geometry_state"":null,""hubbard_u_eV"":[{""energy_conversion"":{""divisor"":1.602176634e-19,""from_unit"":""J"",""to_unit"":""eV""},""source_energy_values_J"":{""u_J"":8.491536160199999e-19,""u_effective_J"":8.491536160199999e-19},""u_eV"":5.3,""u_effective_eV"":5.3}],""magnetic_configuration"":null,""method_family"":""DFT"",""modality"":null,""pressure_GPa"":null,""relativity_method"":null,""soc"":null,""spin"":{""source_channel_index"":1},""strain_state"":null,""temperature_K"":null,""workflow"":null}","{""calculation_binding"":""unresolved"",""citation"":null,""conversion"":{""divisor"":1.602176634e-19,""from_unit"":""J"",""to_unit"":""eV""},""endpoint"":""/entries/query"",""evidence_source"":""nomad"",""evidence_source_id"":""-0WLGMXIAzWMdptBwdg_oIm6mwIE#band_gap=1"",""native_field"":""results.properties.electronic.band_gap[1].value"",""origin"":""nomad_summary_aggregate"",""raw_unit"":""J"",""raw_value"":5.827917506175e-19,""retrieved_at"":""2026-08-09T20:09:25.262362+00:00"",""selection"":{""reason"":""multiple_source_observations"",""status"":""unselected""},""source_native_context"":{""index"":1}}","[""summary_band_gap_not_bound_to_specific_calculation"",""nomad_results_band_gap_is_normalizer_derived_with_source_detection_tolerance"",""summary_method_context_not_bound_to_specific_calculation"",""multiple_summary_band_gaps_preserved_without_primary""]",sha256:7f3e010c0709c852ba810685735080acd18afe4430b62f46f31b72ae23b0713c
lifepo4-stability,optimade:optimade-misc.odbx.science,camd-oqmd_122672,FeLiO4P,energy_above_hull_eV,energy_above_convex_hull_per_atom,0.05204690321428984,eV/atom,"{""code"":null,""corrections"":null,""dimensionality"":null,""functional"":null,""geometry_state"":null,""hubbard_u_eV"":null,""hull_construction"":""global convex hull spanned by all other structures in the database"",""magnetic_configuration"":null,""method_family"":null,""pressure_GPa"":null,""reference_state"":null,""spin"":null,""strain_state"":null,""temperature_K"":null,""thermodynamic_ensemble"":null,""workflow"":null}","{""citation"":null,""contract"":""odbx_misc_optimade_extension_v1"",""endpoint"":""https://optimade-misc.odbx.science"",""evidence_source"":""optimade:optimade-misc.odbx.science"",""evidence_source_id"":""camd-oqmd_122672"",""link"":""https://optimade-misc.odbx.science"",""native_description"":""The distance that this structure lies from the global convex hull spanned by all other structures in the database."",""native_field"":""_odbx_hull_distance"",""origin"":""optimade_provider_extension"",""raw_unit"":""eV/atom"",""raw_value"":0.05204690321428984,""retrieved_at"":""2026-08-09T20:09:28.243905+00:00""}","[""provider_extension_not_optimade_core_property"",""calculation_model_not_declared_by_provider_info"",""provider_serves_miscellaneous_datasets""]",sha256:801e1e7a8c78587c7a7be3847422469af66c5b07b8c20815e33f3d18c6741acb
lifepo4-stability,optimade:optimade-misc.odbx.science,camd-oqmd_122672,FeLiO4P,formation_energy_per_atom_eV,formation_energy_per_atom,-2.35789623941274,eV/atom,"{""code"":null,""corrections"":null,""dimensionality"":null,""functional"":null,""geometry_state"":null,""hubbard_u_eV"":null,""magnetic_configuration"":null,""method_family"":null,""pressure_GPa"":null,""reference_state"":""elemental chemical potentials"",""spin"":null,""strain_state"":null,""temperature_K"":null,""workflow"":null}","{""citation"":null,""contract"":""odbx_misc_optimade_extension_v1"",""endpoint"":""https://optimade-misc.odbx.science"",""evidence_source"":""optimade:optimade-misc.odbx.science"",""evidence_source_id"":""camd-oqmd_122672"",""link"":""https://optimade-misc.odbx.science"",""native_description"":""The formation energy of the structure, computed versus the elemental chemical potentials."",""native_field"":""_odbx_formation_energy"",""origin"":""optimade_provider_extension"",""raw_unit"":""eV/atom"",""raw_value"":-2.35789623941274,""retrieved_at"":""2026-08-09T20:09:28.243905+00:00""}","[""provider_extension_not_optimade_core_property"",""calculation_model_not_declared_by_provider_info"",""provider_serves_miscellaneous_datasets""]",sha256:801e1e7a8c78587c7a7be3847422469af66c5b07b8c20815e33f3d18c6741acb
lifepo4-stability,materials_project,aaadquuw,LiFePO4,band_gap_eV,electronic_band_gap,3.8287,eV,"{""code"":null,""dimensionality"":null,""functional"":null,""gap_character"":null,""gap_observable_level"":null,""geometry_state"":null,""hubbard_u_eV"":null,""magnetic_configuration"":null,""method_family"":null,""modality"":null,""pressure_GPa"":null,""relativity_method"":null,""soc"":null,""spin"":null,""strain_state"":null,""temperature_K"":null,""workflow"":null}","{""citation"":null,""endpoint"":""/materials/summary/"",""evidence_source"":""materials_project"",""evidence_source_id"":""aaadquuw"",""native_field"":""band_gap"",""origin"":""materials_project_summary"",""raw_unit"":""eV"",""raw_value"":3.8287,""retrieved_at"":""2026-08-09T20:09:36.210844+00:00"",""summary_property_origin"":{""last_updated"":""2020-06-05T06:45:14.335000Z"",""name"":""electronic_structure"",""task_id"":""aaadquuw""},""summary_property_origin_candidates"":[{""last_updated"":""2020-06-05T06:45:14.335000Z"",""name"":""electronic_structure"",""task_id"":""aaadquuw""}],""summary_property_origin_family"":""electronic_structure""}","[""scientific_context_not_reported_by_summary_endpoint""]",sha256:8455e32540d58d2d07eb380d711251d33357d1b0f9518a42c9109b23840ec653
lifepo4-stability,materials_project,mp-1661570,LiFePO4,energy_above_hull_eV,energy_above_convex_hull_per_atom,0.02875341428571332,eV/atom,"{""code"":null,""corrections"":null,""dimensionality"":null,""functional"":null,""geometry_state"":null,""hubbard_u_eV"":null,""hull_construction"":null,""magnetic_configuration"":null,""method_family"":null,""pressure_GPa"":null,""reference_state"":null,""spin"":null,""strain_state"":null,""temperature_K"":null,""thermodynamic_ensemble"":null,""workflow"":null}","{""citation"":null,""endpoint"":""/materials/summary/"",""evidence_source"":null,""evidence_source_id"":null,""native_field"":""energy_above_hull"",""origin"":""materials_project_summary"",""raw_unit"":""eV/atom"",""raw_value"":0.02875341428571332,""retrieved_at"":""2026-08-09T20:09:36.210844+00:00"",""summary_property_origin"":null,""summary_property_origin_candidates"":[],""summary_property_origin_family"":""thermo""}","[""scientific_context_not_reported_by_summary_endpoint"",""summary_property_not_bound_to_calculation_task""]",sha256:8455e32540d58d2d07eb380d711251d33357d1b0f9518a42c9109b23840ec653
lifepo4-stability,materials_project,mp-1661570,LiFePO4,formation_energy_per_atom_eV,formation_energy_per_atom,-2.4511426004251695,eV/atom,"{""code"":null,""corrections"":null,""dimensionality"":null,""functional"":null,""geometry_state"":null,""hubbard_u_eV"":null,""magnetic_configuration"":null,""method_family"":null,""pressure_GPa"":null,""reference_state"":null,""spin"":null,""strain_state"":null,""temperature_K"":null,""workflow"":null}","{""citation"":null,""endpoint"":""/materials/summary/"",""evidence_source"":null,""evidence_source_id"":null,""native_field"":""formation_energy_per_atom"",""origin"":""materials_project_summary"",""raw_unit"":""eV/atom"",""raw_value"":-2.4511426004251695,""retrieved_at"":""2026-08-09T20:09:36.210844+00:00"",""summary_property_origin"":null,""summary_property_origin_candidates"":[],""summary_property_origin_family"":""thermo""}","[""scientific_context_not_reported_by_summary_endpoint"",""summary_property_not_bound_to_calculation_task""]",sha256:8455e32540d58d2d07eb380d711251d33357d1b0f9518a42c9109b23840ec653
lifepo4-stability,materials_project,mp-1661570,LiFePO4,is_stable,thermodynamic_stability_label,false,,"{""code"":null,""dimensionality"":null,""functional"":null,""geometry_state"":null,""hull_construction"":null,""magnetic_configuration"":null,""method_family"":null,""pressure_GPa"":null,""reference_state"":null,""spin"":null,""stability_definition"":""Materials Project SummaryDoc: true means the source-selected thermodynamic entry is a stable entry on the source phase-diagram convex hull"",""strain_state"":null,""temperature_K"":null,""thermodynamic_ensemble"":null,""workflow"":null}","{""citation"":null,""endpoint"":""/materials/summary/"",""evidence_source"":null,""evidence_source_id"":null,""native_field"":""is_stable"",""native_semantic"":""materials_project_summary_source_native_stability_label"",""origin"":""materials_project_summary"",""raw_unit"":null,""raw_value"":false,""retrieved_at"":""2026-08-09T20:09:36.210844+00:00"",""summary_property_origin"":null,""summary_property_origin_candidates"":[],""summary_property_origin_family"":""thermo""}","[""scientific_context_not_reported_by_summary_endpoint"",""summary_property_not_bound_to_calculation_task"",""source_definition_not_recomputed_by_matrouter"",""summary_stability_not_bound_to_exact_thermo_type_entry_set_or_energy_frame""]",sha256:8455e32540d58d2d07eb380d711251d33357d1b0f9518a42c9109b23840ec653
lifepo4-stability,aflow,aflowlib.duke.edu:AFLOWDATA/ICSD_WEB/ORC/Fe1Li1O4P1_ICSD_181341,Fe4Li4O16P4,band_gap_eV,electronic_band_gap,3.6367,eV,"{""code"":null,""dimensionality"":null,""functional"":null,""gap_character"":null,""gap_observable_level"":null,""geometry_state"":null,""hubbard_u_eV"":{""j_eV"":[0,0,0,0],""orbital_l"":[2,0,0,0],""source_type"":2,""species"":[""Fe"",""Li"",""O"",""P""],""u_eV"":[4.6,0,0,0]},""magnetic_configuration"":null,""method_family"":""DFT"",""modality"":null,""pressure_GPa"":null,""relativity_method"":null,""soc"":null,""spin"":null,""strain_state"":null,""temperature_K"":null,""workflow"":""AFLOW automated calculation""}","{""citation"":null,""endpoint"":""https://aflow.org/API/aflux"",""evidence_source"":""aflow"",""evidence_source_id"":""aflowlib.duke.edu:AFLOWDATA/ICSD_WEB/ORC/Fe1Li1O4P1_ICSD_181341"",""link"":""https://aflowlib.duke.edu/AFLOWDATA/ICSD_WEB/ORC/Fe1Li1O4P1_ICSD_181341"",""native_field"":""Egap"",""native_semantic"":""electronic_band_gap"",""origin"":""aflow_aflux"",""raw_unit"":""eV"",""raw_value"":3.6367,""retrieved_at"":""2026-08-09T20:09:25.620873+00:00"",""source_native_method_context"":{""dft_type"":[""PAW_PBE""],""ldau_j"":[0,0,0,0],""ldau_l"":[2,0,0,0],""ldau_type"":2,""ldau_u"":[4.6,0,0,0]}}","[""code_functional_and_soc_are_not_canonicalized_from_the_aflux_record""]",sha256:89ed58074b251e8270ddeb93f73c14c05768d45759d5f8a0977d617cffd7926a
lifepo4-stability,materials_project,aaabuisp,LiFePO4,band_gap_eV,electronic_band_gap,3.3545,eV,"{""code"":null,""dimensionality"":null,""functional"":null,""gap_character"":null,""gap_observable_level"":null,""geometry_state"":null,""hubbard_u_eV"":null,""magnetic_configuration"":null,""method_family"":null,""modality"":null,""pressure_GPa"":null,""relativity_method"":null,""soc"":null,""spin"":null,""strain_state"":null,""temperature_K"":null,""workflow"":null}","{""citation"":null,""endpoint"":""/materials/summary/"",""evidence_source"":""materials_project"",""evidence_source_id"":""aaabuisp"",""native_field"":""band_gap"",""origin"":""materials_project_summary"",""raw_unit"":""eV"",""raw_value"":3.3545,""retrieved_at"":""2026-08-09T20:09:36.219151+00:00"",""summary_property_origin"":{""last_updated"":""2021-02-15T23:07:59.705000Z"",""name"":""electronic_structure"",""task_id"":""aaabuisp""},""summary_property_origin_candidates"":[{""last_updated"":""2021-02-15T23:07:59.705000Z"",""name"":""electronic_structure"",""task_id"":""aaabuisp""}],""summary_property_origin_family"":""electronic_structure""}","[""scientific_context_not_reported_by_summary_endpoint""]",sha256:8da529b6c3c1d5000b6fe1f20b0f72024d60470a251d466a370a0c6d48ddc0d2
lifepo4-stability,materials_project,mp-774251,LiFePO4,energy_above_hull_eV,energy_above_convex_hull_per_atom,0.045523612499999366,eV/atom,"{""code"":null,""corrections"":null,""dimensionality"":null,""functional"":null,""geometry_state"":null,""hubbard_u_eV"":null,""hull_construction"":null,""magnetic_configuration"":null,""method_family"":null,""pressure_GPa"":null,""reference_state"":null,""spin"":null,""strain_state"":null,""temperature_K"":null,""thermodynamic_ensemble"":null,""workflow"":null}","{""citation"":null,""endpoint"":""/materials/summary/"",""evidence_source"":null,""evidence_source_id"":null,""native_field"":""energy_above_hull"",""origin"":""materials_project_summary"",""raw_unit"":""eV/atom"",""raw_value"":0.045523612499999366,""retrieved_at"":""2026-08-09T20:09:36.219151+00:00"",""summary_property_origin"":null,""summary_property_origin_candidates"":[],""summary_property_origin_family"":""thermo""}","[""scientific_context_not_reported_by_summary_endpoint"",""summary_property_not_bound_to_calculation_task""]",sha256:8da529b6c3c1d5000b6fe1f20b0f72024d60470a251d466a370a0c6d48ddc0d2
lifepo4-stability,materials_project,mp-774251,LiFePO4,formation_energy_per_atom_eV,formation_energy_per_atom,-2.434372402210884,eV/atom,"{""code"":null,""corrections"":null,""dimensionality"":null,""functional"":null,""geometry_state"":null,""hubbard_u_eV"":null,""magnetic_configuration"":null,""method_family"":null,""pressure_GPa"":null,""reference_state"":null,""spin"":null,""strain_state"":null,""temperature_K"":null,""workflow"":null}","{""citation"":null,""endpoint"":""/materials/summary/"",""evidence_source"":null,""evidence_source_id"":null,""native_field"":""formation_energy_per_atom"",""origin"":""materials_project_summary"",""raw_unit"":""eV/atom"",""raw_value"":-2.434372402210884,""retrieved_at"":""2026-08-09T20:09:36.219151+00:00"",""summary_property_origin"":null,""summary_property_origin_candidates"":[],""summary_property_origin_family"":""thermo""}","[""scientific_context_not_reported_by_summary_endpoint"",""summary_property_not_bound_to_calculation_task""]",sha256:8da529b6c3c1d5000b6fe1f20b0f72024d60470a251d466a370a0c6d48ddc0d2
lifepo4-stability,materials_project,mp-774251,LiFePO4,is_stable,thermodynamic_stability_label,false,,"{""code"":null,""dimensionality"":null,""functional"":null,""geometry_state"":null,""hull_construction"":null,""magnetic_configuration"":null,""method_family"":null,""pressure_GPa"":null,""reference_state"":null,""spin"":null,""stability_definition"":""Materials Project SummaryDoc: true means the source-selected thermodynamic entry is a stable entry on the source phase-diagram convex hull"",""strain_state"":null,""temperature_K"":null,""thermodynamic_ensemble"":null,""workflow"":null}","{""citation"":null,""endpoint"":""/materials/summary/"",""evidence_source"":null,""evidence_source_id"":null,""native_field"":""is_stable"",""native_semantic"":""materials_project_summary_source_native_stability_label"",""origin"":""materials_project_summary"",""raw_unit"":null,""raw_value"":false,""retrieved_at"":""2026-08-09T20:09:36.219151+00:00"",""summary_property_origin"":null,""summary_property_origin_candidates"":[],""summary_property_origin_family"":""thermo""}","[""scientific_context_not_reported_by_summary_endpoint"",""summary_property_not_bound_to_calculation_task"",""source_definition_not_recomputed_by_matrouter"",""summary_stability_not_bound_to_exact_thermo_type_entry_set_or_energy_frame""]",sha256:8da529b6c3c1d5000b6fe1f20b0f72024d60470a251d466a370a0c6d48ddc0d2
lifepo4-stability,aflow,aflowlib.duke.edu:AFLOWDATA/ICSD_WEB/ORC/Fe1Li1O4P1_ICSD_184863,Fe4Li4O16P4,band_gap_eV,electronic_band_gap,3.6357,eV,"{""code"":null,""dimensionality"":null,""functional"":null,""gap_character"":null,""gap_observable_level"":null,""geometry_state"":null,""hubbard_u_eV"":{""j_eV"":[0,0,0,0],""orbital_l"":[2,0,0,0],""source_type"":2,""species"":[""Fe"",""Li"",""O"",""P""],""u_eV"":[4.6,0,0,0]},""magnetic_configuration"":null,""method_family"":""DFT"",""modality"":null,""pressure_GPa"":null,""relativity_method"":null,""soc"":null,""spin"":null,""strain_state"":null,""temperature_K"":null,""workflow"":""AFLOW automated calculation""}","{""citation"":null,""endpoint"":""https://aflow.org/API/aflux"",""evidence_source"":""aflow"",""evidence_source_id"":""aflowlib.duke.edu:AFLOWDATA/ICSD_WEB/ORC/Fe1Li1O4P1_ICSD_184863"",""link"":""https://aflowlib.duke.edu/AFLOWDATA/ICSD_WEB/ORC/Fe1Li1O4P1_ICSD_184863"",""native_field"":""Egap"",""native_semantic"":""electronic_band_gap"",""origin"":""aflow_aflux"",""raw_unit"":""eV"",""raw_value"":3.6357,""retrieved_at"":""2026-08-09T20:09:25.620764+00:00"",""source_native_method_context"":{""dft_type"":[""PAW_PBE""],""ldau_j"":[0,0,0,0],""ldau_l"":[2,0,0,0],""ldau_type"":2,""ldau_u"":[4.6,0,0,0]}}","[""code_functional_and_soc_are_not_canonicalized_from_the_aflux_record""]",sha256:94dc8dfc4fe8d7866151d0bd123f31f4fdceb85e5f03c7c1218c2907e8bb707f
lifepo4-stability,optimade:optimade-misc.odbx.science,camd-oqmd_16690,FeLiO4P,energy_above_hull_eV,energy_above_convex_hull_per_atom,0.012576433214289917,eV/atom,"{""code"":null,""corrections"":null,""dimensionality"":null,""functional"":null,""geometry_state"":null,""hubbard_u_eV"":null,""hull_construction"":""global convex hull spanned by all other structures in the database"",""magnetic_configuration"":null,""method_family"":null,""pressure_GPa"":null,""reference_state"":null,""spin"":null,""strain_state"":null,""temperature_K"":null,""thermodynamic_ensemble"":null,""workflow"":null}","{""citation"":null,""contract"":""odbx_misc_optimade_extension_v1"",""endpoint"":""https://optimade-misc.odbx.science"",""evidence_source"":""optimade:optimade-misc.odbx.science"",""evidence_source_id"":""camd-oqmd_16690"",""link"":""https://optimade-misc.odbx.science"",""native_description"":""The distance that this structure lies from the global convex hull spanned by all other structures in the database."",""native_field"":""_odbx_hull_distance"",""origin"":""optimade_provider_extension"",""raw_unit"":""eV/atom"",""raw_value"":0.012576433214289917,""retrieved_at"":""2026-08-09T20:09:28.239657+00:00""}","[""provider_extension_not_optimade_core_property"",""calculation_model_not_declared_by_provider_info"",""provider_serves_miscellaneous_datasets""]",sha256:994b62540259fb17a8b6dfe6d18de6f3ddf43b9a3c058cb74fa9ca9774908e03
lifepo4-stability,optimade:optimade-misc.odbx.science,camd-oqmd_16690,FeLiO4P,formation_energy_per_atom_eV,formation_energy_per_atom,-2.39736670941274,eV/atom,"{""code"":null,""corrections"":null,""dimensionality"":null,""functional"":null,""geometry_state"":null,""hubbard_u_eV"":null,""magnetic_configuration"":null,""method_family"":null,""pressure_GPa"":null,""reference_state"":""elemental chemical potentials"",""spin"":null,""strain_state"":null,""temperature_K"":null,""workflow"":null}","{""citation"":null,""contract"":""odbx_misc_optimade_extension_v1"",""endpoint"":""https://optimade-misc.odbx.science"",""evidence_source"":""optimade:optimade-misc.odbx.science"",""evidence_source_id"":""camd-oqmd_16690"",""link"":""https://optimade-misc.odbx.science"",""native_description"":""The formation energy of the structure, computed versus the elemental chemical potentials."",""native_field"":""_odbx_formation_energy"",""origin"":""optimade_provider_extension"",""raw_unit"":""eV/atom"",""raw_value"":-2.39736670941274,""retrieved_at"":""2026-08-09T20:09:28.239657+00:00""}","[""provider_extension_not_optimade_core_property"",""calculation_model_not_declared_by_provider_info"",""provider_serves_miscellaneous_datasets""]",sha256:994b62540259fb17a8b6dfe6d18de6f3ddf43b9a3c058cb74fa9ca9774908e03
lifepo4-stability,nomad,1cZvUYAiTGZXVwzT_LTjIDNp0O6l#band_gap=0,FeLiO4P,band_gap_eV,electronic_band_gap,3.5245,eV,"{""code"":""VASP"",""dimensionality"":""3D"",""functional"":[""GGA_C_PBE"",""GGA_X_PBE""],""gap_character"":null,""gap_observable_level"":""nomad_results_summary_normalizer_output"",""geometry_state"":null,""hubbard_u_eV"":[{""energy_conversion"":{""divisor"":1.602176634e-19,""from_unit"":""J"",""to_unit"":""eV""},""source_energy_values_J"":{""u_J"":8.491536160199999e-19,""u_effective_J"":8.491536160199999e-19},""u_eV"":5.3,""u_effective_eV"":5.3}],""magnetic_configuration"":null,""method_family"":""DFT"",""modality"":null,""pressure_GPa"":null,""relativity_method"":null,""soc"":null,""spin"":{""source_channel_index"":0},""strain_state"":null,""temperature_K"":null,""workflow"":null}","{""calculation_binding"":""unresolved"",""citation"":null,""conversion"":{""divisor"":1.602176634e-19,""from_unit"":""J"",""to_unit"":""eV""},""endpoint"":""/entries/query"",""evidence_source"":""nomad"",""evidence_source_id"":""1cZvUYAiTGZXVwzT_LTjIDNp0O6l#band_gap=0"",""native_field"":""results.properties.electronic.band_gap[0].value"",""origin"":""nomad_summary_aggregate"",""raw_unit"":""J"",""raw_value"":5.646871546533e-19,""retrieved_at"":""2026-08-09T20:09:25.263377+00:00"",""selection"":{""reason"":""multiple_source_observations"",""status"":""unselected""},""source_native_context"":{""index"":0}}","[""summary_band_gap_not_bound_to_specific_calculation"",""nomad_results_band_gap_is_normalizer_derived_with_source_detection_tolerance"",""summary_method_context_not_bound_to_specific_calculation"",""multiple_summary_band_gaps_preserved_without_primary""]",sha256:af201f484a23843bf8740d7334966a9afa75ff3bfe6d94daefe03341bd5f7d55
lifepo4-stability,nomad,1cZvUYAiTGZXVwzT_LTjIDNp0O6l#band_gap=1,FeLiO4P,band_gap_eV,electronic_band_gap,3.5245,eV,"{""code"":""VASP"",""dimensionality"":""3D"",""functional"":[""GGA_C_PBE"",""GGA_X_PBE""],""gap_character"":null,""gap_observable_level"":""nomad_results_summary_normalizer_output"",""geometry_state"":null,""hubbard_u_eV"":[{""energy_conversion"":{""divisor"":1.602176634e-19,""from_unit"":""J"",""to_unit"":""eV""},""source_energy_values_J"":{""u_J"":8.491536160199999e-19,""u_effective_J"":8.491536160199999e-19},""u_eV"":5.3,""u_effective_eV"":5.3}],""magnetic_configuration"":null,""method_family"":""DFT"",""modality"":null,""pressure_GPa"":null,""relativity_method"":null,""soc"":null,""spin"":{""source_channel_index"":1},""strain_state"":null,""temperature_K"":null,""workflow"":null}","{""calculation_binding"":""unresolved"",""citation"":null,""conversion"":{""divisor"":1.602176634e-19,""from_unit"":""J"",""to_unit"":""eV""},""endpoint"":""/entries/query"",""evidence_source"":""nomad"",""evidence_source_id"":""1cZvUYAiTGZXVwzT_LTjIDNp0O6l#band_gap=1"",""native_field"":""results.properties.electronic.band_gap[1].value"",""origin"":""nomad_summary_aggregate"",""raw_unit"":""J"",""raw_value"":5.646871546533e-19,""retrieved_at"":""2026-08-09T20:09:25.263377+00:00"",""selection"":{""reason"":""multiple_source_observations"",""status"":""unselected""},""source_native_context"":{""index"":1}}","[""summary_band_gap_not_bound_to_specific_calculation"",""nomad_results_band_gap_is_normalizer_derived_with_source_detection_tolerance"",""summary_method_context_not_bound_to_specific_calculation"",""multiple_summary_band_gaps_preserved_without_primary""]",sha256:af201f484a23843bf8740d7334966a9afa75ff3bfe6d94daefe03341bd5f7d55
lifepo4-stability,alexandria,agm005244154,LiFePO4,band_gap_eV,electronic_band_gap,3.5041,eV,"{""code"":null,""dimensionality"":null,""functional"":null,""gap_character"":null,""gap_observable_level"":null,""geometry_state"":null,""hubbard_u_eV"":null,""magnetic_configuration"":null,""method_family"":null,""modality"":null,""pressure_GPa"":null,""relativity_method"":null,""soc"":null,""spin"":null,""strain_state"":null,""temperature_K"":null,""workflow"":null}","{""citation"":null,""endpoint"":""https://alexandria.icams.rub.de"",""evidence_source"":""alexandria"",""evidence_source_id"":""agm005244154"",""link"":""https://alexandria.icams.rub.de"",""native_field"":""band_gap_ind"",""origin"":""alexandria_public_website"",""raw_unit"":""eV"",""raw_value"":3.5041,""retrieved_at"":""2026-08-09T20:09:24.879991+00:00""}","[""functional_not_provided_by_public_website""]",sha256:b5ff4b41081985fbb063a50b3ecabba4abb2be9c83b0fa518399cf72f62f713a
lifepo4-stability,alexandria,agm005244154,LiFePO4,energy_above_hull_eV,energy_above_convex_hull_per_atom,0.008970757,eV/atom,"{""code"":null,""corrections"":null,""dimensionality"":null,""functional"":null,""geometry_state"":null,""hubbard_u_eV"":null,""hull_construction"":null,""magnetic_configuration"":null,""method_family"":null,""pressure_GPa"":null,""reference_state"":null,""spin"":null,""strain_state"":null,""temperature_K"":null,""thermodynamic_ensemble"":null,""workflow"":null}","{""citation"":null,""endpoint"":""https://alexandria.icams.rub.de"",""evidence_source"":""alexandria"",""evidence_source_id"":""agm005244154"",""link"":""https://alexandria.icams.rub.de"",""native_field"":""e_above_hull"",""origin"":""alexandria_public_website"",""raw_unit"":""eV/atom"",""raw_value"":0.008970757,""retrieved_at"":""2026-08-09T20:09:24.879991+00:00""}","[""functional_not_provided_by_public_website""]",sha256:b5ff4b41081985fbb063a50b3ecabba4abb2be9c83b0fa518399cf72f62f713a
lifepo4-stability,nomad,3QD0gLKaCET0K12lgj8st3z9YUun#band_gap=0,FeLiO4P,band_gap_eV,electronic_band_gap,3.9237,eV,"{""code"":""VASP"",""dimensionality"":""3D"",""functional"":[""GGA_C_PBE"",""GGA_X_PBE""],""gap_character"":null,""gap_observable_level"":""nomad_results_summary_normalizer_output"",""geometry_state"":null,""hubbard_u_eV"":[{""energy_conversion"":{""divisor"":1.602176634e-19,""from_unit"":""J"",""to_unit"":""eV""},""source_energy_values_J"":{""u_J"":8.491536160199999e-19,""u_effective_J"":8.491536160199999e-19},""u_eV"":5.3,""u_effective_eV"":5.3}],""magnetic_configuration"":null,""method_family"":""DFT"",""modality"":null,""pressure_GPa"":null,""relativity_method"":null,""soc"":null,""spin"":{""source_channel_index"":0},""strain_state"":null,""temperature_K"":null,""workflow"":null}","{""calculation_binding"":""unresolved"",""citation"":null,""conversion"":{""divisor"":1.602176634e-19,""from_unit"":""J"",""to_unit"":""eV""},""endpoint"":""/entries/query"",""evidence_source"":""nomad"",""evidence_source_id"":""3QD0gLKaCET0K12lgj8st3z9YUun#band_gap=0"",""native_field"":""results.properties.electronic.band_gap[0].value"",""origin"":""nomad_summary_aggregate"",""raw_unit"":""J"",""raw_value"":6.2864604588258e-19,""retrieved_at"":""2026-08-09T20:09:25.265007+00:00"",""selection"":{""reason"":""multiple_source_observations"",""status"":""unselected""},""source_native_context"":{""index"":0}}","[""summary_band_gap_not_bound_to_specific_calculation"",""nomad_results_band_gap_is_normalizer_derived_with_source_detection_tolerance"",""summary_method_context_not_bound_to_specific_calculation"",""multiple_summary_band_gaps_preserved_without_primary""]",sha256:b821a494cc2bf81cb0937ed4be66ff3bce5f0877c13ecacc4e767826750fadcd
lifepo4-stability,nomad,3QD0gLKaCET0K12lgj8st3z9YUun#band_gap=1,FeLiO4P,band_gap_eV,electronic_band_gap,3.9237,eV,"{""code"":""VASP"",""dimensionality"":""3D"",""functional"":[""GGA_C_PBE"",""GGA_X_PBE""],""gap_character"":null,""gap_observable_level"":""nomad_results_summary_normalizer_output"",""geometry_state"":null,""hubbard_u_eV"":[{""energy_conversion"":{""divisor"":1.602176634e-19,""from_unit"":""J"",""to_unit"":""eV""},""source_energy_values_J"":{""u_J"":8.491536160199999e-19,""u_effective_J"":8.491536160199999e-19},""u_eV"":5.3,""u_effective_eV"":5.3}],""magnetic_configuration"":null,""method_family"":""DFT"",""modality"":null,""pressure_GPa"":null,""relativity_method"":null,""soc"":null,""spin"":{""source_channel_index"":1},""strain_state"":null,""temperature_K"":null,""workflow"":null}","{""calculation_binding"":""unresolved"",""citation"":null,""conversion"":{""divisor"":1.602176634e-19,""from_unit"":""J"",""to_unit"":""eV""},""endpoint"":""/entries/query"",""evidence_source"":""nomad"",""evidence_source_id"":""3QD0gLKaCET0K12lgj8st3z9YUun#band_gap=1"",""native_field"":""results.properties.electronic.band_gap[1].value"",""origin"":""nomad_summary_aggregate"",""raw_unit"":""J"",""raw_value"":6.2864604588258e-19,""retrieved_at"":""2026-08-09T20:09:25.265007+00:00"",""selection"":{""reason"":""multiple_source_observations"",""status"":""unselected""},""source_native_context"":{""index"":1}}","[""summary_band_gap_not_bound_to_specific_calculation"",""nomad_results_band_gap_is_normalizer_derived_with_source_detection_tolerance"",""summary_method_context_not_bound_to_specific_calculation"",""multiple_summary_band_gaps_preserved_without_primary""]",sha256:b821a494cc2bf81cb0937ed4be66ff3bce5f0877c13ecacc4e767826750fadcd
lifepo4-stability,nomad,-S5lLVd4mms2DNIbvDFTgkamoMQH#band_gap=0,FeLiO4P,band_gap_eV,electronic_band_gap,3.2766,eV,"{""code"":""VASP"",""dimensionality"":""3D"",""functional"":[""GGA_C_PBE"",""GGA_X_PBE""],""gap_character"":null,""gap_observable_level"":""nomad_results_summary_normalizer_output"",""geometry_state"":null,""hubbard_u_eV"":[{""energy_conversion"":{""divisor"":1.602176634e-19,""from_unit"":""J"",""to_unit"":""eV""},""source_energy_values_J"":{""u_J"":8.491536160199999e-19,""u_effective_J"":8.491536160199999e-19},""u_eV"":5.3,""u_effective_eV"":5.3}],""magnetic_configuration"":null,""method_family"":""DFT"",""modality"":null,""pressure_GPa"":null,""relativity_method"":null,""soc"":null,""spin"":{""source_channel_index"":0},""strain_state"":null,""temperature_K"":null,""workflow"":null}","{""calculation_binding"":""unresolved"",""citation"":null,""conversion"":{""divisor"":1.602176634e-19,""from_unit"":""J"",""to_unit"":""eV""},""endpoint"":""/entries/query"",""evidence_source"":""nomad"",""evidence_source_id"":""-S5lLVd4mms2DNIbvDFTgkamoMQH#band_gap=0"",""native_field"":""results.properties.electronic.band_gap[0].value"",""origin"":""nomad_summary_aggregate"",""raw_unit"":""J"",""raw_value"":5.2496919589644e-19,""retrieved_at"":""2026-08-09T20:09:25.262817+00:00"",""selection"":{""reason"":""multiple_source_observations"",""status"":""unselected""},""source_native_context"":{""index"":0}}","[""summary_band_gap_not_bound_to_specific_calculation"",""nomad_results_band_gap_is_normalizer_derived_with_source_detection_tolerance"",""summary_method_context_not_bound_to_specific_calculation"",""multiple_summary_band_gaps_preserved_without_primary""]",sha256:ba853c2eb4f1a278c2fb767a15a5cdd97ed85a3a7164d809e9fb7aa475550e7e
lifepo4-stability,nomad,-S5lLVd4mms2DNIbvDFTgkamoMQH#band_gap=1,FeLiO4P,band_gap_eV,electronic_band_gap,3.2766,eV,"{""code"":""VASP"",""dimensionality"":""3D"",""functional"":[""GGA_C_PBE"",""GGA_X_PBE""],""gap_character"":null,""gap_observable_level"":""nomad_results_summary_normalizer_output"",""geometry_state"":null,""hubbard_u_eV"":[{""energy_conversion"":{""divisor"":1.602176634e-19,""from_unit"":""J"",""to_unit"":""eV""},""source_energy_values_J"":{""u_J"":8.491536160199999e-19,""u_effective_J"":8.491536160199999e-19},""u_eV"":5.3,""u_effective_eV"":5.3}],""magnetic_configuration"":null,""method_family"":""DFT"",""modality"":null,""pressure_GPa"":null,""relativity_method"":null,""soc"":null,""spin"":{""source_channel_index"":1},""strain_state"":null,""temperature_K"":null,""workflow"":null}","{""calculation_binding"":""unresolved"",""citation"":null,""conversion"":{""divisor"":1.602176634e-19,""from_unit"":""J"",""to_unit"":""eV""},""endpoint"":""/entries/query"",""evidence_source"":""nomad"",""evidence_source_id"":""-S5lLVd4mms2DNIbvDFTgkamoMQH#band_gap=1"",""native_field"":""results.properties.electronic.band_gap[1].value"",""origin"":""nomad_summary_aggregate"",""raw_unit"":""J"",""raw_value"":5.2496919589644e-19,""retrieved_at"":""2026-08-09T20:09:25.262817+00:00"",""selection"":{""reason"":""multiple_source_observations"",""status"":""unselected""},""source_native_context"":{""index"":1}}","[""summary_band_gap_not_bound_to_specific_calculation"",""nomad_results_band_gap_is_normalizer_derived_with_source_detection_tolerance"",""summary_method_context_not_bound_to_specific_calculation"",""multiple_summary_band_gaps_preserved_without_primary""]",sha256:ba853c2eb4f1a278c2fb767a15a5cdd97ed85a3a7164d809e9fb7aa475550e7e
lifepo4-stability,materials_project,aaadoshr,LiFePO4,band_gap_eV,electronic_band_gap,3.55,eV,"{""code"":null,""dimensionality"":null,""functional"":null,""gap_character"":null,""gap_observable_level"":null,""geometry_state"":null,""hubbard_u_eV"":null,""magnetic_configuration"":null,""method_family"":null,""modality"":null,""pressure_GPa"":null,""relativity_method"":null,""soc"":null,""spin"":null,""strain_state"":null,""temperature_K"":null,""workflow"":null}","{""citation"":null,""endpoint"":""/materials/summary/"",""evidence_source"":""materials_project"",""evidence_source_id"":""aaadoshr"",""native_field"":""band_gap"",""origin"":""materials_project_summary"",""raw_unit"":""eV"",""raw_value"":3.55,""retrieved_at"":""2026-08-09T20:09:36.215995+00:00"",""summary_property_origin"":{""last_updated"":""2021-02-22T11:28:42.264000Z"",""name"":""electronic_structure"",""task_id"":""aaadoshr""},""summary_property_origin_candidates"":[{""last_updated"":""2021-02-22T11:28:42.264000Z"",""name"":""electronic_structure"",""task_id"":""aaadoshr""}],""summary_property_origin_family"":""electronic_structure""}","[""scientific_context_not_reported_by_summary_endpoint""]",sha256:bc03699adb5ef299f27fdbf81fe9cb4c4f7bed452f863d8949f14081216477df
lifepo4-stability,materials_project,mp-772286,LiFePO4,energy_above_hull_eV,energy_above_convex_hull_per_atom,0.06950861785714224,eV/atom,"{""code"":null,""corrections"":null,""dimensionality"":null,""functional"":null,""geometry_state"":null,""hubbard_u_eV"":null,""hull_construction"":null,""magnetic_configuration"":null,""method_family"":null,""pressure_GPa"":null,""reference_state"":null,""spin"":null,""strain_state"":null,""temperature_K"":null,""thermodynamic_ensemble"":null,""workflow"":null}","{""citation"":null,""endpoint"":""/materials/summary/"",""evidence_source"":null,""evidence_source_id"":null,""native_field"":""energy_above_hull"",""origin"":""materials_project_summary"",""raw_unit"":""eV/atom"",""raw_value"":0.06950861785714224,""retrieved_at"":""2026-08-09T20:09:36.215995+00:00"",""summary_property_origin"":null,""summary_property_origin_candidates"":[],""summary_property_origin_family"":""thermo""}","[""scientific_context_not_reported_by_summary_endpoint"",""summary_property_not_bound_to_calculation_task""]",sha256:bc03699adb5ef299f27fdbf81fe9cb4c4f7bed452f863d8949f14081216477df
lifepo4-stability,materials_project,mp-772286,LiFePO4,formation_energy_per_atom_eV,formation_energy_per_atom,-2.410387396853741,eV/atom,"{""code"":null,""corrections"":null,""dimensionality"":null,""functional"":null,""geometry_state"":null,""hubbard_u_eV"":null,""magnetic_configuration"":null,""method_family"":null,""pressure_GPa"":null,""reference_state"":null,""spin"":null,""strain_state"":null,""temperature_K"":null,""workflow"":null}","{""citation"":null,""endpoint"":""/materials/summary/"",""evidence_source"":null,""evidence_source_id"":null,""native_field"":""formation_energy_per_atom"",""origin"":""materials_project_summary"",""raw_unit"":""eV/atom"",""raw_value"":-2.410387396853741,""retrieved_at"":""2026-08-09T20:09:36.215995+00:00"",""summary_property_origin"":null,""summary_property_origin_candidates"":[],""summary_property_origin_family"":""thermo""}","[""scientific_context_not_reported_by_summary_endpoint"",""summary_property_not_bound_to_calculation_task""]",sha256:bc03699adb5ef299f27fdbf81fe9cb4c4f7bed452f863d8949f14081216477df
lifepo4-stability,materials_project,mp-772286,LiFePO4,is_stable,thermodynamic_stability_label,false,,"{""code"":null,""dimensionality"":null,""functional"":null,""geometry_state"":null,""hull_construction"":null,""magnetic_configuration"":null,""method_family"":null,""pressure_GPa"":null,""reference_state"":null,""spin"":null,""stability_definition"":""Materials Project SummaryDoc: true means the source-selected thermodynamic entry is a stable entry on the source phase-diagram convex hull"",""strain_state"":null,""temperature_K"":null,""thermodynamic_ensemble"":null,""workflow"":null}","{""citation"":null,""endpoint"":""/materials/summary/"",""evidence_source"":null,""evidence_source_id"":null,""native_field"":""is_stable"",""native_semantic"":""materials_project_summary_source_native_stability_label"",""origin"":""materials_project_summary"",""raw_unit"":null,""raw_value"":false,""retrieved_at"":""2026-08-09T20:09:36.215995+00:00"",""summary_property_origin"":null,""summary_property_origin_candidates"":[],""summary_property_origin_family"":""thermo""}","[""scientific_context_not_reported_by_summary_endpoint"",""summary_property_not_bound_to_calculation_task"",""source_definition_not_recomputed_by_matrouter"",""summary_stability_not_bound_to_exact_thermo_type_entry_set_or_energy_frame""]",sha256:bc03699adb5ef299f27fdbf81fe9cb4c4f7bed452f863d8949f14081216477df
lifepo4-stability,optimade:optimade-gnome.odbx.science,ebe63467b8,FeLiO4P,formation_energy_per_atom_eV,formation_energy_per_atom,-2.4818,eV/atom,"{""code"":null,""corrections"":null,""dimensionality"":null,""functional"":""PBE"",""geometry_state"":null,""hubbard_u_eV"":null,""magnetic_configuration"":null,""method_family"":""DFT"",""pressure_GPa"":null,""reference_state"":""elemental references"",""spin"":null,""strain_state"":null,""temperature_K"":null,""workflow"":null}","{""citation"":null,""contract"":""gnome_optimade_extension_v1"",""derivation"":{""description"":""The registered field name and provider description define a per-atom value while the provider declares the native unit as eV."",""type"":""provider_declared_per_atom_semantic""},""endpoint"":""https://optimade-gnome.odbx.science"",""evidence_source"":""optimade:optimade-gnome.odbx.science"",""evidence_source_id"":""ebe63467b8"",""link"":""https://optimade-gnome.odbx.science"",""native_description"":""Formation energy per atom, computed versus elemental references with PBE"",""native_field"":""_gnome_formation_energy_per_atom"",""origin"":""optimade_provider_extension"",""raw_unit"":""eV"",""raw_value"":-2.4818,""retrieved_at"":""2026-08-09T20:09:28.288695+00:00""}","[""provider_extension_not_optimade_core_property"",""provider_declares_eV_for_per_atom_property"",""unofficial_noncommercial_provider_dataset""]",sha256:bcec32192ed22260e7b92eafab90ac29c182d33d120049ba9d785aa9cea2ffcb
lifepo4-stability,aflow,aflowlib.duke.edu:AFLOWDATA/ICSD_WEB/ORC/Fe1Li1O4P1_ICSD_189057,Fe4Li4O16P4,band_gap_eV,electronic_band_gap,3.635,eV,"{""code"":null,""dimensionality"":null,""functional"":null,""gap_character"":null,""gap_observable_level"":null,""geometry_state"":null,""hubbard_u_eV"":{""j_eV"":[0,0,0,0],""orbital_l"":[2,0,0,0],""source_type"":2,""species"":[""Fe"",""Li"",""O"",""P""],""u_eV"":[4.6,0,0,0]},""magnetic_configuration"":null,""method_family"":""DFT"",""modality"":null,""pressure_GPa"":null,""relativity_method"":null,""soc"":null,""spin"":null,""strain_state"":null,""temperature_K"":null,""workflow"":""AFLOW automated calculation""}","{""citation"":null,""endpoint"":""https://aflow.org/API/aflux"",""evidence_source"":""aflow"",""evidence_source_id"":""aflowlib.duke.edu:AFLOWDATA/ICSD_WEB/ORC/Fe1Li1O4P1_ICSD_189057"",""link"":""https://aflowlib.duke.edu/AFLOWDATA/ICSD_WEB/ORC/Fe1Li1O4P1_ICSD_189057"",""native_field"":""Egap"",""native_semantic"":""electronic_band_gap"",""origin"":""aflow_aflux"",""raw_unit"":""eV"",""raw_value"":3.635,""retrieved_at"":""2026-08-09T20:09:25.620437+00:00"",""source_native_method_context"":{""dft_type"":[""PAW_PBE""],""ldau_j"":[0,0,0,0],""ldau_l"":[2,0,0,0],""ldau_type"":2,""ldau_u"":[4.6,0,0,0]}}","[""code_functional_and_soc_are_not_canonicalized_from_the_aflux_record""]",sha256:beca5a06067f87ba70b0b525f2819ed5ea97c1664a9add5eb51a37e91fcd5e9e
lifepo4-stability,materials_project,aaabwblc,LiFePO4,band_gap_eV,electronic_band_gap,0.0,eV,"{""code"":null,""dimensionality"":null,""functional"":null,""gap_character"":null,""gap_observable_level"":null,""geometry_state"":null,""hubbard_u_eV"":null,""magnetic_configuration"":null,""method_family"":null,""modality"":null,""pressure_GPa"":null,""relativity_method"":null,""soc"":null,""spin"":null,""strain_state"":null,""temperature_K"":null,""workflow"":null}","{""citation"":null,""endpoint"":""/materials/summary/"",""evidence_source"":""materials_project"",""evidence_source_id"":""aaabwblc"",""native_field"":""band_gap"",""origin"":""materials_project_summary"",""raw_unit"":""eV"",""raw_value"":0.0,""retrieved_at"":""2026-08-09T20:09:36.219710+00:00"",""summary_property_origin"":{""last_updated"":""2021-02-16T21:55:20.969000Z"",""name"":""electronic_structure"",""task_id"":""aaabwblc""},""summary_property_origin_candidates"":[{""last_updated"":""2021-02-16T21:55:20.969000Z"",""name"":""electronic_structure"",""task_id"":""aaabwblc""}],""summary_property_origin_family"":""electronic_structure""}","[""scientific_context_not_reported_by_summary_endpoint""]",sha256:bee31a7a10ac20e51f1342eceed28d3ec01058ccd8d8194f9315dc8efcd60c51
lifepo4-stability,materials_project,mp-797419,LiFePO4,energy_above_hull_eV,energy_above_convex_hull_per_atom,2.1078574567857142,eV/atom,"{""code"":null,""corrections"":null,""dimensionality"":null,""functional"":null,""geometry_state"":null,""hubbard_u_eV"":null,""hull_construction"":null,""magnetic_configuration"":null,""method_family"":null,""pressure_GPa"":null,""reference_state"":null,""spin"":null,""strain_state"":null,""temperature_K"":null,""thermodynamic_ensemble"":null,""workflow"":null}","{""citation"":null,""endpoint"":""/materials/summary/"",""evidence_source"":null,""evidence_source_id"":null,""native_field"":""energy_above_hull"",""origin"":""materials_project_summary"",""raw_unit"":""eV/atom"",""raw_value"":2.1078574567857142,""retrieved_at"":""2026-08-09T20:09:36.219710+00:00"",""summary_property_origin"":null,""summary_property_origin_candidates"":[],""summary_property_origin_family"":""thermo""}","[""scientific_context_not_reported_by_summary_endpoint"",""summary_property_not_bound_to_calculation_task""]",sha256:bee31a7a10ac20e51f1342eceed28d3ec01058ccd8d8194f9315dc8efcd60c51
lifepo4-stability,materials_project,mp-797419,LiFePO4,formation_energy_per_atom_eV,formation_energy_per_atom,-0.37203855792516954,eV/atom,"{""code"":null,""corrections"":null,""dimensionality"":null,""functional"":null,""geometry_state"":null,""hubbard_u_eV"":null,""magnetic_configuration"":null,""method_family"":null,""pressure_GPa"":null,""reference_state"":null,""spin"":null,""strain_state"":null,""temperature_K"":null,""workflow"":null}","{""citation"":null,""endpoint"":""/materials/summary/"",""evidence_source"":null,""evidence_source_id"":null,""native_field"":""formation_energy_per_atom"",""origin"":""materials_project_summary"",""raw_unit"":""eV/atom"",""raw_value"":-0.37203855792516954,""retrieved_at"":""2026-08-09T20:09:36.219710+00:00"",""summary_property_origin"":null,""summary_property_origin_candidates"":[],""summary_property_origin_family"":""thermo""}","[""scientific_context_not_reported_by_summary_endpoint"",""summary_property_not_bound_to_calculation_task""]",sha256:bee31a7a10ac20e51f1342eceed28d3ec01058ccd8d8194f9315dc8efcd60c51
lifepo4-stability,materials_project,mp-797419,LiFePO4,is_stable,thermodynamic_stability_label,false,,"{""code"":null,""dimensionality"":null,""functional"":null,""geometry_state"":null,""hull_construction"":null,""magnetic_configuration"":null,""method_family"":null,""pressure_GPa"":null,""reference_state"":null,""spin"":null,""stability_definition"":""Materials Project SummaryDoc: true means the source-selected thermodynamic entry is a stable entry on the source phase-diagram convex hull"",""strain_state"":null,""temperature_K"":null,""thermodynamic_ensemble"":null,""workflow"":null}","{""citation"":null,""endpoint"":""/materials/summary/"",""evidence_source"":null,""evidence_source_id"":null,""native_field"":""is_stable"",""native_semantic"":""materials_project_summary_source_native_stability_label"",""origin"":""materials_project_summary"",""raw_unit"":null,""raw_value"":false,""retrieved_at"":""2026-08-09T20:09:36.219710+00:00"",""summary_property_origin"":null,""summary_property_origin_candidates"":[],""summary_property_origin_family"":""thermo""}","[""scientific_context_not_reported_by_summary_endpoint"",""summary_property_not_bound_to_calculation_task"",""source_definition_not_recomputed_by_matrouter"",""summary_stability_not_bound_to_exact_thermo_type_entry_set_or_energy_frame""]",sha256:bee31a7a10ac20e51f1342eceed28d3ec01058ccd8d8194f9315dc8efcd60c51
lifepo4-stability,nomad,-8cUk0FONcmvFwnVeDP7LJknbdUg#band_gap=0,FeLiO4P,band_gap_eV,electronic_band_gap,3.5521,eV,"{""code"":""VASP"",""dimensionality"":""3D"",""functional"":[""GGA_C_PBE"",""GGA_X_PBE""],""gap_character"":null,""gap_observable_level"":""nomad_results_summary_normalizer_output"",""geometry_state"":null,""hubbard_u_eV"":[{""energy_conversion"":{""divisor"":1.602176634e-19,""from_unit"":""J"",""to_unit"":""eV""},""source_energy_values_J"":{""u_J"":8.491536160199999e-19,""u_effective_J"":8.491536160199999e-19},""u_eV"":5.3,""u_effective_eV"":5.3}],""magnetic_configuration"":null,""method_family"":""DFT"",""modality"":null,""pressure_GPa"":null,""relativity_method"":null,""soc"":null,""spin"":{""source_channel_index"":0},""strain_state"":null,""temperature_K"":null,""workflow"":null}","{""calculation_binding"":""unresolved"",""citation"":null,""conversion"":{""divisor"":1.602176634e-19,""from_unit"":""J"",""to_unit"":""eV""},""endpoint"":""/entries/query"",""evidence_source"":""nomad"",""evidence_source_id"":""-8cUk0FONcmvFwnVeDP7LJknbdUg#band_gap=0"",""native_field"":""results.properties.electronic.band_gap[0].value"",""origin"":""nomad_summary_aggregate"",""raw_unit"":""J"",""raw_value"":5.691091621631399e-19,""retrieved_at"":""2026-08-09T20:09:25.262592+00:00"",""selection"":{""reason"":""multiple_source_observations"",""status"":""unselected""},""source_native_context"":{""index"":0}}","[""summary_band_gap_not_bound_to_specific_calculation"",""nomad_results_band_gap_is_normalizer_derived_with_source_detection_tolerance"",""summary_method_context_not_bound_to_specific_calculation"",""multiple_summary_band_gaps_preserved_without_primary""]",sha256:c190a274359df9c92db35a7b7dffbe056402668ac94dbd6bfb8ca78eb7397eb5
lifepo4-stability,nomad,-8cUk0FONcmvFwnVeDP7LJknbdUg#band_gap=1,FeLiO4P,band_gap_eV,electronic_band_gap,3.5521,eV,"{""code"":""VASP"",""dimensionality"":""3D"",""functional"":[""GGA_C_PBE"",""GGA_X_PBE""],""gap_character"":null,""gap_observable_level"":""nomad_results_summary_normalizer_output"",""geometry_state"":null,""hubbard_u_eV"":[{""energy_conversion"":{""divisor"":1.602176634e-19,""from_unit"":""J"",""to_unit"":""eV""},""source_energy_values_J"":{""u_J"":8.491536160199999e-19,""u_effective_J"":8.491536160199999e-19},""u_eV"":5.3,""u_effective_eV"":5.3}],""magnetic_configuration"":null,""method_family"":""DFT"",""modality"":null,""pressure_GPa"":null,""relativity_method"":null,""soc"":null,""spin"":{""source_channel_index"":1},""strain_state"":null,""temperature_K"":null,""workflow"":null}","{""calculation_binding"":""unresolved"",""citation"":null,""conversion"":{""divisor"":1.602176634e-19,""from_unit"":""J"",""to_unit"":""eV""},""endpoint"":""/entries/query"",""evidence_source"":""nomad"",""evidence_source_id"":""-8cUk0FONcmvFwnVeDP7LJknbdUg#band_gap=1"",""native_field"":""results.properties.electronic.band_gap[1].value"",""origin"":""nomad_summary_aggregate"",""raw_unit"":""J"",""raw_value"":5.691091621631399e-19,""retrieved_at"":""2026-08-09T20:09:25.262592+00:00"",""selection"":{""reason"":""multiple_source_observations"",""status"":""unselected""},""source_native_context"":{""index"":1}}","[""summary_band_gap_not_bound_to_specific_calculation"",""nomad_results_band_gap_is_normalizer_derived_with_source_detection_tolerance"",""summary_method_context_not_bound_to_specific_calculation"",""multiple_summary_band_gaps_preserved_without_primary""]",sha256:c190a274359df9c92db35a7b7dffbe056402668ac94dbd6bfb8ca78eb7397eb5
lifepo4-stability,nomad,0j_ItjHHdveAusconu_h2ObRyT0_#band_gap=0,FeLiO4P,band_gap_eV,electronic_band_gap,3.6875,eV,"{""code"":""VASP"",""dimensionality"":""3D"",""functional"":[""GGA_C_PBE"",""GGA_X_PBE""],""gap_character"":null,""gap_observable_level"":""nomad_results_summary_normalizer_output"",""geometry_state"":null,""hubbard_u_eV"":[{""energy_conversion"":{""divisor"":1.602176634e-19,""from_unit"":""J"",""to_unit"":""eV""},""source_energy_values_J"":{""u_J"":8.491536160199999e-19,""u_effective_J"":8.491536160199999e-19},""u_eV"":5.3,""u_effective_eV"":5.3}],""magnetic_configuration"":null,""method_family"":""DFT"",""modality"":null,""pressure_GPa"":null,""relativity_method"":null,""soc"":null,""spin"":{""source_channel_index"":0},""strain_state"":null,""temperature_K"":null,""workflow"":null}","{""calculation_binding"":""unresolved"",""citation"":null,""conversion"":{""divisor"":1.602176634e-19,""from_unit"":""J"",""to_unit"":""eV""},""endpoint"":""/entries/query"",""evidence_source"":""nomad"",""evidence_source_id"":""0j_ItjHHdveAusconu_h2ObRyT0_#band_gap=0"",""native_field"":""results.properties.electronic.band_gap[0].value"",""origin"":""nomad_summary_aggregate"",""raw_unit"":""J"",""raw_value"":5.908026337874999e-19,""retrieved_at"":""2026-08-09T20:09:25.263193+00:00"",""selection"":{""reason"":""multiple_source_observations"",""status"":""unselected""},""source_native_context"":{""index"":0}}","[""summary_band_gap_not_bound_to_specific_calculation"",""nomad_results_band_gap_is_normalizer_derived_with_source_detection_tolerance"",""summary_method_context_not_bound_to_specific_calculation"",""multiple_summary_band_gaps_preserved_without_primary""]",sha256:c58db2418496032df0f0a54d78ca9da161198c8ba908274582975dafb41d3530
lifepo4-stability,nomad,0j_ItjHHdveAusconu_h2ObRyT0_#band_gap=1,FeLiO4P,band_gap_eV,electronic_band_gap,3.6875,eV,"{""code"":""VASP"",""dimensionality"":""3D"",""functional"":[""GGA_C_PBE"",""GGA_X_PBE""],""gap_character"":null,""gap_observable_level"":""nomad_results_summary_normalizer_output"",""geometry_state"":null,""hubbard_u_eV"":[{""energy_conversion"":{""divisor"":1.602176634e-19,""from_unit"":""J"",""to_unit"":""eV""},""source_energy_values_J"":{""u_J"":8.491536160199999e-19,""u_effective_J"":8.491536160199999e-19},""u_eV"":5.3,""u_effective_eV"":5.3}],""magnetic_configuration"":null,""method_family"":""DFT"",""modality"":null,""pressure_GPa"":null,""relativity_method"":null,""soc"":null,""spin"":{""source_channel_index"":1},""strain_state"":null,""temperature_K"":null,""workflow"":null}","{""calculation_binding"":""unresolved"",""citation"":null,""conversion"":{""divisor"":1.602176634e-19,""from_unit"":""J"",""to_unit"":""eV""},""endpoint"":""/entries/query"",""evidence_source"":""nomad"",""evidence_source_id"":""0j_ItjHHdveAusconu_h2ObRyT0_#band_gap=1"",""native_field"":""results.properties.electronic.band_gap[1].value"",""origin"":""nomad_summary_aggregate"",""raw_unit"":""J"",""raw_value"":5.908026337874999e-19,""retrieved_at"":""2026-08-09T20:09:25.263193+00:00"",""selection"":{""reason"":""multiple_source_observations"",""status"":""unselected""},""source_native_context"":{""index"":1}}","[""summary_band_gap_not_bound_to_specific_calculation"",""nomad_results_band_gap_is_normalizer_derived_with_source_detection_tolerance"",""summary_method_context_not_bound_to_specific_calculation"",""multiple_summary_band_gaps_preserved_without_primary""]",sha256:c58db2418496032df0f0a54d78ca9da161198c8ba908274582975dafb41d3530
lifepo4-stability,aflow,aflowlib.duke.edu:AFLOWDATA/ICSD_WEB/ORC/Fe1Li1O4P1_ICSD_200155,Fe4Li4O16P4,band_gap_eV,electronic_band_gap,3.6351,eV,"{""code"":null,""dimensionality"":null,""functional"":null,""gap_character"":null,""gap_observable_level"":null,""geometry_state"":null,""hubbard_u_eV"":{""j_eV"":[0,0,0,0],""orbital_l"":[2,0,0,0],""source_type"":2,""species"":[""Fe"",""Li"",""O"",""P""],""u_eV"":[4.6,0,0,0]},""magnetic_configuration"":null,""method_family"":""DFT"",""modality"":null,""pressure_GPa"":null,""relativity_method"":null,""soc"":null,""spin"":null,""strain_state"":null,""temperature_K"":null,""workflow"":""AFLOW automated calculation""}","{""citation"":null,""endpoint"":""https://aflow.org/API/aflux"",""evidence_source"":""aflow"",""evidence_source_id"":""aflowlib.duke.edu:AFLOWDATA/ICSD_WEB/ORC/Fe1Li1O4P1_ICSD_200155"",""link"":""https://aflowlib.duke.edu/AFLOWDATA/ICSD_WEB/ORC/Fe1Li1O4P1_ICSD_200155"",""native_field"":""Egap"",""native_semantic"":""electronic_band_gap"",""origin"":""aflow_aflux"",""raw_unit"":""eV"",""raw_value"":3.6351,""retrieved_at"":""2026-08-09T20:09:25.620691+00:00"",""source_native_method_context"":{""dft_type"":[""PAW_PBE""],""ldau_j"":[0,0,0,0],""ldau_l"":[2,0,0,0],""ldau_type"":2,""ldau_u"":[4.6,0,0,0]}}","[""code_functional_and_soc_are_not_canonicalized_from_the_aflux_record""]",sha256:c6d0667917c73699b14431f4235e1af75d31f8d47a0629795144c578cbe2083a
lifepo4-stability,aflow,aflowlib.duke.edu:AFLOWDATA/ICSD_WEB/ORC/Fe1Li1O4P1_ICSD_260571,Fe4Li4O16P4,band_gap_eV,electronic_band_gap,3.6315,eV,"{""code"":null,""dimensionality"":null,""functional"":null,""gap_character"":null,""gap_observable_level"":null,""geometry_state"":null,""hubbard_u_eV"":{""j_eV"":[0,0,0,0],""orbital_l"":[2,0,0,0],""source_type"":2,""species"":[""Fe"",""Li"",""O"",""P""],""u_eV"":[4.6,0,0,0]},""magnetic_configuration"":null,""method_family"":""DFT"",""modality"":null,""pressure_GPa"":null,""relativity_method"":null,""soc"":null,""spin"":null,""strain_state"":null,""temperature_K"":null,""workflow"":""AFLOW automated calculation""}","{""citation"":null,""endpoint"":""https://aflow.org/API/aflux"",""evidence_source"":""aflow"",""evidence_source_id"":""aflowlib.duke.edu:AFLOWDATA/ICSD_WEB/ORC/Fe1Li1O4P1_ICSD_260571"",""link"":""https://aflowlib.duke.edu/AFLOWDATA/ICSD_WEB/ORC/Fe1Li1O4P1_ICSD_260571"",""native_field"":""Egap"",""native_semantic"":""electronic_band_gap"",""origin"":""aflow_aflux"",""raw_unit"":""eV"",""raw_value"":3.6315,""retrieved_at"":""2026-08-09T20:09:25.620342+00:00"",""source_native_method_context"":{""dft_type"":[""PAW_PBE""],""ldau_j"":[0,0,0,0],""ldau_l"":[2,0,0,0],""ldau_type"":2,""ldau_u"":[4.6,0,0,0]}}","[""code_functional_and_soc_are_not_canonicalized_from_the_aflux_record""]",sha256:c9d24bd822a5de2220b03e27bb117eceb5ba85e63d5f4a51755e57cee774a804
lifepo4-stability,aflow,aflowlib.duke.edu:AFLOWDATA/ICSD_WEB/ORC/Fe1Li1O4P1_ICSD_166815,Fe4Li4O16P4,band_gap_eV,electronic_band_gap,3.6366,eV,"{""code"":null,""dimensionality"":null,""functional"":null,""gap_character"":null,""gap_observable_level"":null,""geometry_state"":null,""hubbard_u_eV"":{""j_eV"":[0,0,0,0],""orbital_l"":[2,0,0,0],""source_type"":2,""species"":[""Fe"",""Li"",""O"",""P""],""u_eV"":[4.6,0,0,0]},""magnetic_configuration"":null,""method_family"":""DFT"",""modality"":null,""pressure_GPa"":null,""relativity_method"":null,""soc"":null,""spin"":null,""strain_state"":null,""temperature_K"":null,""workflow"":""AFLOW automated calculation""}","{""citation"":null,""endpoint"":""https://aflow.org/API/aflux"",""evidence_source"":""aflow"",""evidence_source_id"":""aflowlib.duke.edu:AFLOWDATA/ICSD_WEB/ORC/Fe1Li1O4P1_ICSD_166815"",""link"":""https://aflowlib.duke.edu/AFLOWDATA/ICSD_WEB/ORC/Fe1Li1O4P1_ICSD_166815"",""native_field"":""Egap"",""native_semantic"":""electronic_band_gap"",""origin"":""aflow_aflux"",""raw_unit"":""eV"",""raw_value"":3.6366,""retrieved_at"":""2026-08-09T20:09:25.620802+00:00"",""source_native_method_context"":{""dft_type"":[""PAW_PBE""],""ldau_j"":[0,0,0,0],""ldau_l"":[2,0,0,0],""ldau_type"":2,""ldau_u"":[4.6,0,0,0]}}","[""code_functional_and_soc_are_not_canonicalized_from_the_aflux_record""]",sha256:caf969f93bfb1d1e5e0f8cb2fb0c949aa24de7a962dcd7b8f8d65dbff1d9fb68
lifepo4-stability,alexandria,agm005240347,LiFePO4,band_gap_eV,electronic_band_gap,3.5721,eV,"{""code"":null,""dimensionality"":null,""functional"":null,""gap_character"":null,""gap_observable_level"":null,""geometry_state"":null,""hubbard_u_eV"":null,""magnetic_configuration"":null,""method_family"":null,""modality"":null,""pressure_GPa"":null,""relativity_method"":null,""soc"":null,""spin"":null,""strain_state"":null,""temperature_K"":null,""workflow"":null}","{""citation"":null,""endpoint"":""https://alexandria.icams.rub.de"",""evidence_source"":""alexandria"",""evidence_source_id"":""agm005240347"",""link"":""https://alexandria.icams.rub.de"",""native_field"":""band_gap_ind"",""origin"":""alexandria_public_website"",""raw_unit"":""eV"",""raw_value"":3.5721,""retrieved_at"":""2026-08-09T20:09:24.880314+00:00""}","[""functional_not_provided_by_public_website""]",sha256:ce90820b8de4d1094ed1d417cd0af4104749d7059a582bf6fb8f2bb2ead68b09
lifepo4-stability,alexandria,agm005240347,LiFePO4,energy_above_hull_eV,energy_above_convex_hull_per_atom,0.0148077905,eV/atom,"{""code"":null,""corrections"":null,""dimensionality"":null,""functional"":null,""geometry_state"":null,""hubbard_u_eV"":null,""hull_construction"":null,""magnetic_configuration"":null,""method_family"":null,""pressure_GPa"":null,""reference_state"":null,""spin"":null,""strain_state"":null,""temperature_K"":null,""thermodynamic_ensemble"":null,""workflow"":null}","{""citation"":null,""endpoint"":""https://alexandria.icams.rub.de"",""evidence_source"":""alexandria"",""evidence_source_id"":""agm005240347"",""link"":""https://alexandria.icams.rub.de"",""native_field"":""e_above_hull"",""origin"":""alexandria_public_website"",""raw_unit"":""eV/atom"",""raw_value"":0.0148077905,""retrieved_at"":""2026-08-09T20:09:24.880314+00:00""}","[""functional_not_provided_by_public_website""]",sha256:ce90820b8de4d1094ed1d417cd0af4104749d7059a582bf6fb8f2bb2ead68b09
lifepo4-stability,nomad,3QJdstaLs7pC3VN51tYBKM5XBTnA#band_gap=0,FeLiO4P,band_gap_eV,electronic_band_gap,3.0338,eV,"{""code"":""VASP"",""dimensionality"":null,""functional"":[""GGA_C_PBE"",""GGA_X_PBE""],""gap_character"":null,""gap_observable_level"":""nomad_results_summary_normalizer_output"",""geometry_state"":null,""hubbard_u_eV"":[{""energy_conversion"":{""divisor"":1.602176634e-19,""from_unit"":""J"",""to_unit"":""eV""},""source_energy_values_J"":{""u_J"":8.491536160199999e-19,""u_effective_J"":8.491536160199999e-19},""u_eV"":5.3,""u_effective_eV"":5.3}],""magnetic_configuration"":null,""method_family"":""DFT"",""modality"":null,""pressure_GPa"":null,""relativity_method"":null,""soc"":null,""spin"":{""source_channel_index"":0},""strain_state"":null,""temperature_K"":null,""workflow"":null}","{""calculation_binding"":""unresolved"",""citation"":null,""conversion"":{""divisor"":1.602176634e-19,""from_unit"":""J"",""to_unit"":""eV""},""endpoint"":""/entries/query"",""evidence_source"":""nomad"",""evidence_source_id"":""3QJdstaLs7pC3VN51tYBKM5XBTnA#band_gap=0"",""native_field"":""results.properties.electronic.band_gap[0].value"",""origin"":""nomad_summary_aggregate"",""raw_unit"":""J"",""raw_value"":4.860683472229199e-19,""retrieved_at"":""2026-08-09T20:09:25.265611+00:00"",""selection"":{""reason"":""multiple_source_observations"",""status"":""unselected""},""source_native_context"":{""index"":0}}","[""summary_band_gap_not_bound_to_specific_calculation"",""nomad_results_band_gap_is_normalizer_derived_with_source_detection_tolerance"",""summary_method_context_not_bound_to_specific_calculation"",""multiple_summary_band_gaps_preserved_without_primary""]",sha256:cfc559bf90e90405a09b478c2ee5237000e5458c8f5660620cf615701d9f16fb
lifepo4-stability,nomad,3QJdstaLs7pC3VN51tYBKM5XBTnA#band_gap=1,FeLiO4P,band_gap_eV,electronic_band_gap,3.0338,eV,"{""code"":""VASP"",""dimensionality"":null,""functional"":[""GGA_C_PBE"",""GGA_X_PBE""],""gap_character"":null,""gap_observable_level"":""nomad_results_summary_normalizer_output"",""geometry_state"":null,""hubbard_u_eV"":[{""energy_conversion"":{""divisor"":1.602176634e-19,""from_unit"":""J"",""to_unit"":""eV""},""source_energy_values_J"":{""u_J"":8.491536160199999e-19,""u_effective_J"":8.491536160199999e-19},""u_eV"":5.3,""u_effective_eV"":5.3}],""magnetic_configuration"":null,""method_family"":""DFT"",""modality"":null,""pressure_GPa"":null,""relativity_method"":null,""soc"":null,""spin"":{""source_channel_index"":1},""strain_state"":null,""temperature_K"":null,""workflow"":null}","{""calculation_binding"":""unresolved"",""citation"":null,""conversion"":{""divisor"":1.602176634e-19,""from_unit"":""J"",""to_unit"":""eV""},""endpoint"":""/entries/query"",""evidence_source"":""nomad"",""evidence_source_id"":""3QJdstaLs7pC3VN51tYBKM5XBTnA#band_gap=1"",""native_field"":""results.properties.electronic.band_gap[1].value"",""origin"":""nomad_summary_aggregate"",""raw_unit"":""J"",""raw_value"":4.860683472229199e-19,""retrieved_at"":""2026-08-09T20:09:25.265611+00:00"",""selection"":{""reason"":""multiple_source_observations"",""status"":""unselected""},""source_native_context"":{""index"":1}}","[""summary_band_gap_not_bound_to_specific_calculation"",""nomad_results_band_gap_is_normalizer_derived_with_source_detection_tolerance"",""summary_method_context_not_bound_to_specific_calculation"",""multiple_summary_band_gaps_preserved_without_primary""]",sha256:cfc559bf90e90405a09b478c2ee5237000e5458c8f5660620cf615701d9f16fb
lifepo4-stability,alexandria,agm005287696,LiFePO4,band_gap_eV,electronic_band_gap,3.5131,eV,"{""code"":null,""dimensionality"":null,""functional"":null,""gap_character"":null,""gap_observable_level"":null,""geometry_state"":null,""hubbard_u_eV"":null,""magnetic_configuration"":null,""method_family"":null,""modality"":null,""pressure_GPa"":null,""relativity_method"":null,""soc"":null,""spin"":null,""strain_state"":null,""temperature_K"":null,""workflow"":null}","{""citation"":null,""endpoint"":""https://alexandria.icams.rub.de"",""evidence_source"":""alexandria"",""evidence_source_id"":""agm005287696"",""link"":""https://alexandria.icams.rub.de"",""native_field"":""band_gap_ind"",""origin"":""alexandria_public_website"",""raw_unit"":""eV"",""raw_value"":3.5131,""retrieved_at"":""2026-08-09T20:09:24.880044+00:00""}","[""functional_not_provided_by_public_website""]",sha256:d8f32b75239949657f9f39ec3b602916fb4d40b0ae89299f75e801cbfd0cb279
lifepo4-stability,alexandria,agm005287696,LiFePO4,energy_above_hull_eV,energy_above_convex_hull_per_atom,0.0093819415,eV/atom,"{""code"":null,""corrections"":null,""dimensionality"":null,""functional"":null,""geometry_state"":null,""hubbard_u_eV"":null,""hull_construction"":null,""magnetic_configuration"":null,""method_family"":null,""pressure_GPa"":null,""reference_state"":null,""spin"":null,""strain_state"":null,""temperature_K"":null,""thermodynamic_ensemble"":null,""workflow"":null}","{""citation"":null,""endpoint"":""https://alexandria.icams.rub.de"",""evidence_source"":""alexandria"",""evidence_source_id"":""agm005287696"",""link"":""https://alexandria.icams.rub.de"",""native_field"":""e_above_hull"",""origin"":""alexandria_public_website"",""raw_unit"":""eV/atom"",""raw_value"":0.0093819415,""retrieved_at"":""2026-08-09T20:09:24.880044+00:00""}","[""functional_not_provided_by_public_website""]",sha256:d8f32b75239949657f9f39ec3b602916fb4d40b0ae89299f75e801cbfd0cb279
lifepo4-stability,nomad,0KhH9_CG7qDXqICK0ScZrRm1JuJy#band_gap=0,FeLiO4P,band_gap_eV,electronic_band_gap,3.3629,eV,"{""code"":""VASP"",""dimensionality"":""3D"",""functional"":[""GGA_C_PBE"",""GGA_X_PBE""],""gap_character"":null,""gap_observable_level"":""nomad_results_summary_normalizer_output"",""geometry_state"":null,""hubbard_u_eV"":[{""energy_conversion"":{""divisor"":1.602176634e-19,""from_unit"":""J"",""to_unit"":""eV""},""source_energy_values_J"":{""u_J"":8.491536160199999e-19,""u_effective_J"":8.491536160199999e-19},""u_eV"":5.3,""u_effective_eV"":5.3}],""magnetic_configuration"":null,""method_family"":""DFT"",""modality"":null,""pressure_GPa"":null,""relativity_method"":null,""soc"":null,""spin"":{""source_channel_index"":0},""strain_state"":null,""temperature_K"":null,""workflow"":null}","{""calculation_binding"":""unresolved"",""citation"":null,""conversion"":{""divisor"":1.602176634e-19,""from_unit"":""J"",""to_unit"":""eV""},""endpoint"":""/entries/query"",""evidence_source"":""nomad"",""evidence_source_id"":""0KhH9_CG7qDXqICK0ScZrRm1JuJy#band_gap=0"",""native_field"":""results.properties.electronic.band_gap[0].value"",""origin"":""nomad_summary_aggregate"",""raw_unit"":""J"",""raw_value"":5.3879598024786e-19,""retrieved_at"":""2026-08-09T20:09:25.262998+00:00"",""selection"":{""reason"":""multiple_source_observations"",""status"":""unselected""},""source_native_context"":{""index"":0}}","[""summary_band_gap_not_bound_to_specific_calculation"",""nomad_results_band_gap_is_normalizer_derived_with_source_detection_tolerance"",""summary_method_context_not_bound_to_specific_calculation"",""multiple_summary_band_gaps_preserved_without_primary""]",sha256:d92bb57a185f16f2d39bd5ca49672cab109cf318f60cc629e311cff63b1c6fec
lifepo4-stability,nomad,0KhH9_CG7qDXqICK0ScZrRm1JuJy#band_gap=1,FeLiO4P,band_gap_eV,electronic_band_gap,3.3629,eV,"{""code"":""VASP"",""dimensionality"":""3D"",""functional"":[""GGA_C_PBE"",""GGA_X_PBE""],""gap_character"":null,""gap_observable_level"":""nomad_results_summary_normalizer_output"",""geometry_state"":null,""hubbard_u_eV"":[{""energy_conversion"":{""divisor"":1.602176634e-19,""from_unit"":""J"",""to_unit"":""eV""},""source_energy_values_J"":{""u_J"":8.491536160199999e-19,""u_effective_J"":8.491536160199999e-19},""u_eV"":5.3,""u_effective_eV"":5.3}],""magnetic_configuration"":null,""method_family"":""DFT"",""modality"":null,""pressure_GPa"":null,""relativity_method"":null,""soc"":null,""spin"":{""source_channel_index"":1},""strain_state"":null,""temperature_K"":null,""workflow"":null}","{""calculation_binding"":""unresolved"",""citation"":null,""conversion"":{""divisor"":1.602176634e-19,""from_unit"":""J"",""to_unit"":""eV""},""endpoint"":""/entries/query"",""evidence_source"":""nomad"",""evidence_source_id"":""0KhH9_CG7qDXqICK0ScZrRm1JuJy#band_gap=1"",""native_field"":""results.properties.electronic.band_gap[1].value"",""origin"":""nomad_summary_aggregate"",""raw_unit"":""J"",""raw_value"":5.3879598024786e-19,""retrieved_at"":""2026-08-09T20:09:25.262998+00:00"",""selection"":{""reason"":""multiple_source_observations"",""status"":""unselected""},""source_native_context"":{""index"":1}}","[""summary_band_gap_not_bound_to_specific_calculation"",""nomad_results_band_gap_is_normalizer_derived_with_source_detection_tolerance"",""summary_method_context_not_bound_to_specific_calculation"",""multiple_summary_band_gaps_preserved_without_primary""]",sha256:d92bb57a185f16f2d39bd5ca49672cab109cf318f60cc629e311cff63b1c6fec
lifepo4-stability,materials_project,aaaebbwc,LiFePO4,band_gap_eV,electronic_band_gap,3.0663,eV,"{""code"":null,""dimensionality"":null,""functional"":null,""gap_character"":null,""gap_observable_level"":null,""geometry_state"":null,""hubbard_u_eV"":null,""magnetic_configuration"":null,""method_family"":null,""modality"":null,""pressure_GPa"":null,""relativity_method"":null,""soc"":null,""spin"":null,""strain_state"":null,""temperature_K"":null,""workflow"":null}","{""citation"":null,""endpoint"":""/materials/summary/"",""evidence_source"":""materials_project"",""evidence_source_id"":""aaaebbwc"",""native_field"":""band_gap"",""origin"":""materials_project_summary"",""raw_unit"":""eV"",""raw_value"":3.0663,""retrieved_at"":""2026-08-09T20:09:36.217578+00:00"",""summary_property_origin"":{""last_updated"":""2021-02-05T22:05:27.186000Z"",""name"":""electronic_structure"",""task_id"":""aaaebbwc""},""summary_property_origin_candidates"":[{""last_updated"":""2021-02-05T22:05:27.186000Z"",""name"":""electronic_structure"",""task_id"":""aaaebbwc""}],""summary_property_origin_family"":""electronic_structure""}","[""scientific_context_not_reported_by_summary_endpoint""]",sha256:dafbee09f93217aef7cabb031e1cbf26ef079bca7740b7a28fd73e4b967cf149
lifepo4-stability,materials_project,mp-772406,LiFePO4,energy_above_hull_eV,energy_above_convex_hull_per_atom,0.058029589047618124,eV/atom,"{""code"":null,""corrections"":null,""dimensionality"":null,""functional"":null,""geometry_state"":null,""hubbard_u_eV"":null,""hull_construction"":null,""magnetic_configuration"":null,""method_family"":null,""pressure_GPa"":null,""reference_state"":null,""spin"":null,""strain_state"":null,""temperature_K"":null,""thermodynamic_ensemble"":null,""workflow"":null}","{""citation"":null,""endpoint"":""/materials/summary/"",""evidence_source"":null,""evidence_source_id"":null,""native_field"":""energy_above_hull"",""origin"":""materials_project_summary"",""raw_unit"":""eV/atom"",""raw_value"":0.058029589047618124,""retrieved_at"":""2026-08-09T20:09:36.217578+00:00"",""summary_property_origin"":null,""summary_property_origin_candidates"":[],""summary_property_origin_family"":""thermo""}","[""scientific_context_not_reported_by_summary_endpoint"",""summary_property_not_bound_to_calculation_task""]",sha256:dafbee09f93217aef7cabb031e1cbf26ef079bca7740b7a28fd73e4b967cf149
lifepo4-stability,materials_project,mp-772406,LiFePO4,formation_energy_per_atom_eV,formation_energy_per_atom,-2.421866425663265,eV/atom,"{""code"":null,""corrections"":null,""dimensionality"":null,""functional"":null,""geometry_state"":null,""hubbard_u_eV"":null,""magnetic_configuration"":null,""method_family"":null,""pressure_GPa"":null,""reference_state"":null,""spin"":null,""strain_state"":null,""temperature_K"":null,""workflow"":null}","{""citation"":null,""endpoint"":""/materials/summary/"",""evidence_source"":null,""evidence_source_id"":null,""native_field"":""formation_energy_per_atom"",""origin"":""materials_project_summary"",""raw_unit"":""eV/atom"",""raw_value"":-2.421866425663265,""retrieved_at"":""2026-08-09T20:09:36.217578+00:00"",""summary_property_origin"":null,""summary_property_origin_candidates"":[],""summary_property_origin_family"":""thermo""}","[""scientific_context_not_reported_by_summary_endpoint"",""summary_property_not_bound_to_calculation_task""]",sha256:dafbee09f93217aef7cabb031e1cbf26ef079bca7740b7a28fd73e4b967cf149
lifepo4-stability,materials_project,mp-772406,LiFePO4,is_stable,thermodynamic_stability_label,false,,"{""code"":null,""dimensionality"":null,""functional"":null,""geometry_state"":null,""hull_construction"":null,""magnetic_configuration"":null,""method_family"":null,""pressure_GPa"":null,""reference_state"":null,""spin"":null,""stability_definition"":""Materials Project SummaryDoc: true means the source-selected thermodynamic entry is a stable entry on the source phase-diagram convex hull"",""strain_state"":null,""temperature_K"":null,""thermodynamic_ensemble"":null,""workflow"":null}","{""citation"":null,""endpoint"":""/materials/summary/"",""evidence_source"":null,""evidence_source_id"":null,""native_field"":""is_stable"",""native_semantic"":""materials_project_summary_source_native_stability_label"",""origin"":""materials_project_summary"",""raw_unit"":null,""raw_value"":false,""retrieved_at"":""2026-08-09T20:09:36.217578+00:00"",""summary_property_origin"":null,""summary_property_origin_candidates"":[],""summary_property_origin_family"":""thermo""}","[""scientific_context_not_reported_by_summary_endpoint"",""summary_property_not_bound_to_calculation_task"",""source_definition_not_recomputed_by_matrouter"",""summary_stability_not_bound_to_exact_thermo_type_entry_set_or_energy_frame""]",sha256:dafbee09f93217aef7cabb031e1cbf26ef079bca7740b7a28fd73e4b967cf149
lifepo4-stability,nomad,0XnhQqEKMVWdWTq3tlQVEXGSzBZh#band_gap=0,FeLiO4P,band_gap_eV,electronic_band_gap,3.4003,eV,"{""code"":""VASP"",""dimensionality"":""3D"",""functional"":[""GGA_C_PBE"",""GGA_X_PBE""],""gap_character"":null,""gap_observable_level"":""nomad_results_summary_normalizer_output"",""geometry_state"":null,""hubbard_u_eV"":[{""energy_conversion"":{""divisor"":1.602176634e-19,""from_unit"":""J"",""to_unit"":""eV""},""source_energy_values_J"":{""u_J"":8.491536160199999e-19,""u_effective_J"":8.491536160199999e-19},""u_eV"":5.3,""u_effective_eV"":5.3}],""magnetic_configuration"":null,""method_family"":""DFT"",""modality"":null,""pressure_GPa"":null,""relativity_method"":null,""soc"":null,""spin"":{""source_channel_index"":0},""strain_state"":null,""temperature_K"":null,""workflow"":null}","{""calculation_binding"":""unresolved"",""citation"":null,""conversion"":{""divisor"":1.602176634e-19,""from_unit"":""J"",""to_unit"":""eV""},""endpoint"":""/entries/query"",""evidence_source"":""nomad"",""evidence_source_id"":""0XnhQqEKMVWdWTq3tlQVEXGSzBZh#band_gap=0"",""native_field"":""results.properties.electronic.band_gap[0].value"",""origin"":""nomad_summary_aggregate"",""raw_unit"":""J"",""raw_value"":5.447881208590199e-19,""retrieved_at"":""2026-08-09T20:09:25.263099+00:00"",""selection"":{""reason"":""multiple_source_observations"",""status"":""unselected""},""source_native_context"":{""index"":0}}","[""summary_band_gap_not_bound_to_specific_calculation"",""nomad_results_band_gap_is_normalizer_derived_with_source_detection_tolerance"",""summary_method_context_not_bound_to_specific_calculation"",""multiple_summary_band_gaps_preserved_without_primary""]",sha256:e08bfe92d5e6d1fe76bf05b02fc8137fe5a76ff13897fa846610e7265663ae37
lifepo4-stability,nomad,0XnhQqEKMVWdWTq3tlQVEXGSzBZh#band_gap=1,FeLiO4P,band_gap_eV,electronic_band_gap,3.4003,eV,"{""code"":""VASP"",""dimensionality"":""3D"",""functional"":[""GGA_C_PBE"",""GGA_X_PBE""],""gap_character"":null,""gap_observable_level"":""nomad_results_summary_normalizer_output"",""geometry_state"":null,""hubbard_u_eV"":[{""energy_conversion"":{""divisor"":1.602176634e-19,""from_unit"":""J"",""to_unit"":""eV""},""source_energy_values_J"":{""u_J"":8.491536160199999e-19,""u_effective_J"":8.491536160199999e-19},""u_eV"":5.3,""u_effective_eV"":5.3}],""magnetic_configuration"":null,""method_family"":""DFT"",""modality"":null,""pressure_GPa"":null,""relativity_method"":null,""soc"":null,""spin"":{""source_channel_index"":1},""strain_state"":null,""temperature_K"":null,""workflow"":null}","{""calculation_binding"":""unresolved"",""citation"":null,""conversion"":{""divisor"":1.602176634e-19,""from_unit"":""J"",""to_unit"":""eV""},""endpoint"":""/entries/query"",""evidence_source"":""nomad"",""evidence_source_id"":""0XnhQqEKMVWdWTq3tlQVEXGSzBZh#band_gap=1"",""native_field"":""results.properties.electronic.band_gap[1].value"",""origin"":""nomad_summary_aggregate"",""raw_unit"":""J"",""raw_value"":5.447881208590199e-19,""retrieved_at"":""2026-08-09T20:09:25.263099+00:00"",""selection"":{""reason"":""multiple_source_observations"",""status"":""unselected""},""source_native_context"":{""index"":1}}","[""summary_band_gap_not_bound_to_specific_calculation"",""nomad_results_band_gap_is_normalizer_derived_with_source_detection_tolerance"",""summary_method_context_not_bound_to_specific_calculation"",""multiple_summary_band_gaps_preserved_without_primary""]",sha256:e08bfe92d5e6d1fe76bf05b02fc8137fe5a76ff13897fa846610e7265663ae37
lifepo4-stability,aflow,aflowlib.duke.edu:AFLOWDATA/ICSD_WEB/ORC/Fe1Li1O4P1_ICSD_97764,Fe4Li4O16P4,band_gap_eV,electronic_band_gap,3.6318,eV,"{""code"":null,""dimensionality"":null,""functional"":null,""gap_character"":null,""gap_observable_level"":null,""geometry_state"":null,""hubbard_u_eV"":{""j_eV"":[0,0,0,0],""orbital_l"":[2,0,0,0],""source_type"":2,""species"":[""Fe"",""Li"",""O"",""P""],""u_eV"":[4.6,0,0,0]},""magnetic_configuration"":null,""method_family"":""DFT"",""modality"":null,""pressure_GPa"":null,""relativity_method"":null,""soc"":null,""spin"":null,""strain_state"":null,""temperature_K"":null,""workflow"":""AFLOW automated calculation""}","{""citation"":null,""endpoint"":""https://aflow.org/API/aflux"",""evidence_source"":""aflow"",""evidence_source_id"":""aflowlib.duke.edu:AFLOWDATA/ICSD_WEB/ORC/Fe1Li1O4P1_ICSD_97764"",""link"":""https://aflowlib.duke.edu/AFLOWDATA/ICSD_WEB/ORC/Fe1Li1O4P1_ICSD_97764"",""native_field"":""Egap"",""native_semantic"":""electronic_band_gap"",""origin"":""aflow_aflux"",""raw_unit"":""eV"",""raw_value"":3.6318,""retrieved_at"":""2026-08-09T20:09:25.620536+00:00"",""source_native_method_context"":{""dft_type"":[""PAW_PBE""],""ldau_j"":[0,0,0,0],""ldau_l"":[2,0,0,0],""ldau_type"":2,""ldau_u"":[4.6,0,0,0]}}","[""code_functional_and_soc_are_not_canonicalized_from_the_aflux_record""]",sha256:e3771674908e69c7090da60cd4dd9a3db16d8c82e7a9d3194f085754411a13d6
lifepo4-stability,aflow,aflowlib.duke.edu:AFLOWDATA/ICSD_WEB/ORC/Fe1Li1O4P1_ICSD_260570,Fe4Li4O16P4,band_gap_eV,electronic_band_gap,3.6338,eV,"{""code"":null,""dimensionality"":null,""functional"":null,""gap_character"":null,""gap_observable_level"":null,""geometry_state"":null,""hubbard_u_eV"":{""j_eV"":[0,0,0,0],""orbital_l"":[2,0,0,0],""source_type"":2,""species"":[""Fe"",""Li"",""O"",""P""],""u_eV"":[4.6,0,0,0]},""magnetic_configuration"":null,""method_family"":""DFT"",""modality"":null,""pressure_GPa"":null,""relativity_method"":null,""soc"":null,""spin"":null,""strain_state"":null,""temperature_K"":null,""workflow"":""AFLOW automated calculation""}","{""citation"":null,""endpoint"":""https://aflow.org/API/aflux"",""evidence_source"":""aflow"",""evidence_source_id"":""aflowlib.duke.edu:AFLOWDATA/ICSD_WEB/ORC/Fe1Li1O4P1_ICSD_260570"",""link"":""https://aflowlib.duke.edu/AFLOWDATA/ICSD_WEB/ORC/Fe1Li1O4P1_ICSD_260570"",""native_field"":""Egap"",""native_semantic"":""electronic_band_gap"",""origin"":""aflow_aflux"",""raw_unit"":""eV"",""raw_value"":3.6338,""retrieved_at"":""2026-08-09T20:09:25.620837+00:00"",""source_native_method_context"":{""dft_type"":[""PAW_PBE""],""ldau_j"":[0,0,0,0],""ldau_l"":[2,0,0,0],""ldau_type"":2,""ldau_u"":[4.6,0,0,0]}}","[""code_functional_and_soc_are_not_canonicalized_from_the_aflux_record""]",sha256:e529d0519284401037750a6a1eaa1e5ec5c71d3fc6be0216a75802a236a4742e
lifepo4-stability,nomad,3CDg2K-Bsq8Yab9XfJ5YAe2a7JP4#band_gap=0,FeLiO4P,band_gap_eV,electronic_band_gap,3.457,eV,"{""code"":""VASP"",""dimensionality"":""3D"",""functional"":[""GGA_C_PBE"",""GGA_X_PBE""],""gap_character"":null,""gap_observable_level"":""nomad_results_summary_normalizer_output"",""geometry_state"":null,""hubbard_u_eV"":[{""energy_conversion"":{""divisor"":1.602176634e-19,""from_unit"":""J"",""to_unit"":""eV""},""source_energy_values_J"":{""u_J"":8.491536160199999e-19,""u_effective_J"":8.491536160199999e-19},""u_eV"":5.3,""u_effective_eV"":5.3}],""magnetic_configuration"":null,""method_family"":""DFT"",""modality"":null,""pressure_GPa"":null,""relativity_method"":null,""soc"":null,""spin"":{""source_channel_index"":0},""strain_state"":null,""temperature_K"":null,""workflow"":null}","{""calculation_binding"":""unresolved"",""citation"":null,""conversion"":{""divisor"":1.602176634e-19,""from_unit"":""J"",""to_unit"":""eV""},""endpoint"":""/entries/query"",""evidence_source"":""nomad"",""evidence_source_id"":""3CDg2K-Bsq8Yab9XfJ5YAe2a7JP4#band_gap=0"",""native_field"":""results.properties.electronic.band_gap[0].value"",""origin"":""nomad_summary_aggregate"",""raw_unit"":""J"",""raw_value"":5.538724623738e-19,""retrieved_at"":""2026-08-09T20:09:25.264776+00:00"",""selection"":{""reason"":""multiple_source_observations"",""status"":""unselected""},""source_native_context"":{""index"":0}}","[""summary_band_gap_not_bound_to_specific_calculation"",""nomad_results_band_gap_is_normalizer_derived_with_source_detection_tolerance"",""summary_method_context_not_bound_to_specific_calculation"",""multiple_summary_band_gaps_preserved_without_primary""]",sha256:ea20edc007b00c7c795da39aadc8c024787757ffdc7fa49448e190059c3dc178
lifepo4-stability,nomad,3CDg2K-Bsq8Yab9XfJ5YAe2a7JP4#band_gap=1,FeLiO4P,band_gap_eV,electronic_band_gap,3.457,eV,"{""code"":""VASP"",""dimensionality"":""3D"",""functional"":[""GGA_C_PBE"",""GGA_X_PBE""],""gap_character"":null,""gap_observable_level"":""nomad_results_summary_normalizer_output"",""geometry_state"":null,""hubbard_u_eV"":[{""energy_conversion"":{""divisor"":1.602176634e-19,""from_unit"":""J"",""to_unit"":""eV""},""source_energy_values_J"":{""u_J"":8.491536160199999e-19,""u_effective_J"":8.491536160199999e-19},""u_eV"":5.3,""u_effective_eV"":5.3}],""magnetic_configuration"":null,""method_family"":""DFT"",""modality"":null,""pressure_GPa"":null,""relativity_method"":null,""soc"":null,""spin"":{""source_channel_index"":1},""strain_state"":null,""temperature_K"":null,""workflow"":null}","{""calculation_binding"":""unresolved"",""citation"":null,""conversion"":{""divisor"":1.602176634e-19,""from_unit"":""J"",""to_unit"":""eV""},""endpoint"":""/entries/query"",""evidence_source"":""nomad"",""evidence_source_id"":""3CDg2K-Bsq8Yab9XfJ5YAe2a7JP4#band_gap=1"",""native_field"":""results.properties.electronic.band_gap[1].value"",""origin"":""nomad_summary_aggregate"",""raw_unit"":""J"",""raw_value"":5.538724623738e-19,""retrieved_at"":""2026-08-09T20:09:25.264776+00:00"",""selection"":{""reason"":""multiple_source_observations"",""status"":""unselected""},""source_native_context"":{""index"":1}}","[""summary_band_gap_not_bound_to_specific_calculation"",""nomad_results_band_gap_is_normalizer_derived_with_source_detection_tolerance"",""summary_method_context_not_bound_to_specific_calculation"",""multiple_summary_band_gaps_preserved_without_primary""]",sha256:ea20edc007b00c7c795da39aadc8c024787757ffdc7fa49448e190059c3dc178
lifepo4-stability,alexandria,agm003236722,LiFePO4,band_gap_eV,electronic_band_gap,3.7338,eV,"{""code"":null,""dimensionality"":null,""functional"":null,""gap_character"":null,""gap_observable_level"":null,""geometry_state"":null,""hubbard_u_eV"":null,""magnetic_configuration"":null,""method_family"":null,""modality"":null,""pressure_GPa"":null,""relativity_method"":null,""soc"":null,""spin"":null,""strain_state"":null,""temperature_K"":null,""workflow"":null}","{""citation"":null,""endpoint"":""https://alexandria.icams.rub.de"",""evidence_source"":""alexandria"",""evidence_source_id"":""agm003236722"",""link"":""https://alexandria.icams.rub.de"",""native_field"":""band_gap_ind"",""origin"":""alexandria_public_website"",""raw_unit"":""eV"",""raw_value"":3.7338,""retrieved_at"":""2026-08-09T20:09:24.880369+00:00""}","[""functional_not_provided_by_public_website""]",sha256:eaec7c95af5bd5bd2c89390ae4ad7ef29259b5d3de055b28b5c3e8310176f4db
lifepo4-stability,alexandria,agm003236722,LiFePO4,energy_above_hull_eV,energy_above_convex_hull_per_atom,0.028147912,eV/atom,"{""code"":null,""corrections"":null,""dimensionality"":null,""functional"":null,""geometry_state"":null,""hubbard_u_eV"":null,""hull_construction"":null,""magnetic_configuration"":null,""method_family"":null,""pressure_GPa"":null,""reference_state"":null,""spin"":null,""strain_state"":null,""temperature_K"":null,""thermodynamic_ensemble"":null,""workflow"":null}","{""citation"":null,""endpoint"":""https://alexandria.icams.rub.de"",""evidence_source"":""alexandria"",""evidence_source_id"":""agm003236722"",""link"":""https://alexandria.icams.rub.de"",""native_field"":""e_above_hull"",""origin"":""alexandria_public_website"",""raw_unit"":""eV/atom"",""raw_value"":0.028147912,""retrieved_at"":""2026-08-09T20:09:24.880369+00:00""}","[""functional_not_provided_by_public_website""]",sha256:eaec7c95af5bd5bd2c89390ae4ad7ef29259b5d3de055b28b5c3e8310176f4db
lifepo4-stability,materials_project,aaabuiam,LiFePO4,band_gap_eV,electronic_band_gap,3.4778999999999995,eV,"{""code"":null,""dimensionality"":null,""functional"":null,""gap_character"":null,""gap_observable_level"":null,""geometry_state"":null,""hubbard_u_eV"":null,""magnetic_configuration"":null,""method_family"":null,""modality"":null,""pressure_GPa"":null,""relativity_method"":null,""soc"":null,""spin"":null,""strain_state"":null,""temperature_K"":null,""workflow"":null}","{""citation"":null,""endpoint"":""/materials/summary/"",""evidence_source"":""materials_project"",""evidence_source_id"":""aaabuiam"",""native_field"":""band_gap"",""origin"":""materials_project_summary"",""raw_unit"":""eV"",""raw_value"":3.4778999999999995,""retrieved_at"":""2026-08-09T20:09:36.214688+00:00"",""summary_property_origin"":{""last_updated"":""2021-02-15T23:39:09.382000Z"",""name"":""electronic_structure"",""task_id"":""aaabuiam""},""summary_property_origin_candidates"":[{""last_updated"":""2021-02-15T23:39:09.382000Z"",""name"":""electronic_structure"",""task_id"":""aaabuiam""}],""summary_property_origin_family"":""electronic_structure""}","[""scientific_context_not_reported_by_summary_endpoint""]",sha256:ef0f84986c37ce3616573e10d60541955745be7919fff754c05a83b60d6ecb7a
lifepo4-stability,materials_project,mp-772210,LiFePO4,energy_above_hull_eV,energy_above_convex_hull_per_atom,0.014891454999999887,eV/atom,"{""code"":null,""corrections"":null,""dimensionality"":null,""functional"":null,""geometry_state"":null,""hubbard_u_eV"":null,""hull_construction"":null,""magnetic_configuration"":null,""method_family"":null,""pressure_GPa"":null,""reference_state"":null,""spin"":null,""strain_state"":null,""temperature_K"":null,""thermodynamic_ensemble"":null,""workflow"":null}","{""citation"":null,""endpoint"":""/materials/summary/"",""evidence_source"":null,""evidence_source_id"":null,""native_field"":""energy_above_hull"",""origin"":""materials_project_summary"",""raw_unit"":""eV/atom"",""raw_value"":0.014891454999999887,""retrieved_at"":""2026-08-09T20:09:36.214688+00:00"",""summary_property_origin"":null,""summary_property_origin_candidates"":[],""summary_property_origin_family"":""thermo""}","[""scientific_context_not_reported_by_summary_endpoint"",""summary_property_not_bound_to_calculation_task""]",sha256:ef0f84986c37ce3616573e10d60541955745be7919fff754c05a83b60d6ecb7a
lifepo4-stability,materials_project,mp-772210,LiFePO4,formation_energy_per_atom_eV,formation_energy_per_atom,-2.4650045597108834,eV/atom,"{""code"":null,""corrections"":null,""dimensionality"":null,""functional"":null,""geometry_state"":null,""hubbard_u_eV"":null,""magnetic_configuration"":null,""method_family"":null,""pressure_GPa"":null,""reference_state"":null,""spin"":null,""strain_state"":null,""temperature_K"":null,""workflow"":null}","{""citation"":null,""endpoint"":""/materials/summary/"",""evidence_source"":null,""evidence_source_id"":null,""native_field"":""formation_energy_per_atom"",""origin"":""materials_project_summary"",""raw_unit"":""eV/atom"",""raw_value"":-2.4650045597108834,""retrieved_at"":""2026-08-09T20:09:36.214688+00:00"",""summary_property_origin"":null,""summary_property_origin_candidates"":[],""summary_property_origin_family"":""thermo""}","[""scientific_context_not_reported_by_summary_endpoint"",""summary_property_not_bound_to_calculation_task""]",sha256:ef0f84986c37ce3616573e10d60541955745be7919fff754c05a83b60d6ecb7a
lifepo4-stability,materials_project,mp-772210,LiFePO4,is_stable,thermodynamic_stability_label,false,,"{""code"":null,""dimensionality"":null,""functional"":null,""geometry_state"":null,""hull_construction"":null,""magnetic_configuration"":null,""method_family"":null,""pressure_GPa"":null,""reference_state"":null,""spin"":null,""stability_definition"":""Materials Project SummaryDoc: true means the source-selected thermodynamic entry is a stable entry on the source phase-diagram convex hull"",""strain_state"":null,""temperature_K"":null,""thermodynamic_ensemble"":null,""workflow"":null}","{""citation"":null,""endpoint"":""/materials/summary/"",""evidence_source"":null,""evidence_source_id"":null,""native_field"":""is_stable"",""native_semantic"":""materials_project_summary_source_native_stability_label"",""origin"":""materials_project_summary"",""raw_unit"":null,""raw_value"":false,""retrieved_at"":""2026-08-09T20:09:36.214688+00:00"",""summary_property_origin"":null,""summary_property_origin_candidates"":[],""summary_property_origin_family"":""thermo""}","[""scientific_context_not_reported_by_summary_endpoint"",""summary_property_not_bound_to_calculation_task"",""source_definition_not_recomputed_by_matrouter"",""summary_stability_not_bound_to_exact_thermo_type_entry_set_or_energy_frame""]",sha256:ef0f84986c37ce3616573e10d60541955745be7919fff754c05a83b60d6ecb7a
lifepo4-stability,materials_project,aaabwvkf,LiFePO4,band_gap_eV,electronic_band_gap,3.6639000000000004,eV,"{""code"":null,""dimensionality"":null,""functional"":null,""gap_character"":null,""gap_observable_level"":null,""geometry_state"":null,""hubbard_u_eV"":null,""magnetic_configuration"":null,""method_family"":null,""modality"":null,""pressure_GPa"":null,""relativity_method"":null,""soc"":null,""spin"":null,""strain_state"":null,""temperature_K"":null,""workflow"":null}","{""citation"":null,""endpoint"":""/materials/summary/"",""evidence_source"":""materials_project"",""evidence_source_id"":""aaabwvkf"",""native_field"":""band_gap"",""origin"":""materials_project_summary"",""raw_unit"":""eV"",""raw_value"":3.6639000000000004,""retrieved_at"":""2026-08-09T20:09:36.220235+00:00"",""summary_property_origin"":{""last_updated"":""2021-02-23T07:18:54.851000Z"",""name"":""electronic_structure"",""task_id"":""aaabwvkf""},""summary_property_origin_candidates"":[{""last_updated"":""2021-02-23T07:18:54.851000Z"",""name"":""electronic_structure"",""task_id"":""aaabwvkf""}],""summary_property_origin_family"":""electronic_structure""}","[""scientific_context_not_reported_by_summary_endpoint""]",sha256:f09415849eccb7c62ca1b0177ecf7a64f974ab55d1d1a1ee6e5b0e97a3cbcb33
lifepo4-stability,materials_project,mp-831160,LiFePO4,energy_above_hull_eV,energy_above_convex_hull_per_atom,0.030256595357142757,eV/atom,"{""code"":null,""corrections"":null,""dimensionality"":null,""functional"":null,""geometry_state"":null,""hubbard_u_eV"":null,""hull_construction"":null,""magnetic_configuration"":null,""method_family"":null,""pressure_GPa"":null,""reference_state"":null,""spin"":null,""strain_state"":null,""temperature_K"":null,""thermodynamic_ensemble"":null,""workflow"":null}","{""citation"":null,""endpoint"":""/materials/summary/"",""evidence_source"":null,""evidence_source_id"":null,""native_field"":""energy_above_hull"",""origin"":""materials_project_summary"",""raw_unit"":""eV/atom"",""raw_value"":0.030256595357142757,""retrieved_at"":""2026-08-09T20:09:36.220235+00:00"",""summary_property_origin"":null,""summary_property_origin_candidates"":[],""summary_property_origin_family"":""thermo""}","[""scientific_context_not_reported_by_summary_endpoint"",""summary_property_not_bound_to_calculation_task""]",sha256:f09415849eccb7c62ca1b0177ecf7a64f974ab55d1d1a1ee6e5b0e97a3cbcb33
lifepo4-stability,materials_project,mp-831160,LiFePO4,formation_energy_per_atom_eV,formation_energy_per_atom,-2.449639419353741,eV/atom,"{""code"":null,""corrections"":null,""dimensionality"":null,""functional"":null,""geometry_state"":null,""hubbard_u_eV"":null,""magnetic_configuration"":null,""method_family"":null,""pressure_GPa"":null,""reference_state"":null,""spin"":null,""strain_state"":null,""temperature_K"":null,""workflow"":null}","{""citation"":null,""endpoint"":""/materials/summary/"",""evidence_source"":null,""evidence_source_id"":null,""native_field"":""formation_energy_per_atom"",""origin"":""materials_project_summary"",""raw_unit"":""eV/atom"",""raw_value"":-2.449639419353741,""retrieved_at"":""2026-08-09T20:09:36.220235+00:00"",""summary_property_origin"":null,""summary_property_origin_candidates"":[],""summary_property_origin_family"":""thermo""}","[""scientific_context_not_reported_by_summary_endpoint"",""summary_property_not_bound_to_calculation_task""]",sha256:f09415849eccb7c62ca1b0177ecf7a64f974ab55d1d1a1ee6e5b0e97a3cbcb33
lifepo4-stability,materials_project,mp-831160,LiFePO4,is_stable,thermodynamic_stability_label,false,,"{""code"":null,""dimensionality"":null,""functional"":null,""geometry_state"":null,""hull_construction"":null,""magnetic_configuration"":null,""method_family"":null,""pressure_GPa"":null,""reference_state"":null,""spin"":null,""stability_definition"":""Materials Project SummaryDoc: true means the source-selected thermodynamic entry is a stable entry on the source phase-diagram convex hull"",""strain_state"":null,""temperature_K"":null,""thermodynamic_ensemble"":null,""workflow"":null}","{""citation"":null,""endpoint"":""/materials/summary/"",""evidence_source"":null,""evidence_source_id"":null,""native_field"":""is_stable"",""native_semantic"":""materials_project_summary_source_native_stability_label"",""origin"":""materials_project_summary"",""raw_unit"":null,""raw_value"":false,""retrieved_at"":""2026-08-09T20:09:36.220235+00:00"",""summary_property_origin"":null,""summary_property_origin_candidates"":[],""summary_property_origin_family"":""thermo""}","[""scientific_context_not_reported_by_summary_endpoint"",""summary_property_not_bound_to_calculation_task"",""source_definition_not_recomputed_by_matrouter"",""summary_stability_not_bound_to_exact_thermo_type_entry_set_or_energy_frame""]",sha256:f09415849eccb7c62ca1b0177ecf7a64f974ab55d1d1a1ee6e5b0e97a3cbcb33
lifepo4-stability,alexandria,agm003236725,LiFePO4,band_gap_eV,electronic_band_gap,3.4406,eV,"{""code"":null,""dimensionality"":null,""functional"":null,""gap_character"":null,""gap_observable_level"":null,""geometry_state"":null,""hubbard_u_eV"":null,""magnetic_configuration"":null,""method_family"":null,""modality"":null,""pressure_GPa"":null,""relativity_method"":null,""soc"":null,""spin"":null,""strain_state"":null,""temperature_K"":null,""workflow"":null}","{""citation"":null,""endpoint"":""https://alexandria.icams.rub.de"",""evidence_source"":""alexandria"",""evidence_source_id"":""agm003236725"",""link"":""https://alexandria.icams.rub.de"",""native_field"":""band_gap_ind"",""origin"":""alexandria_public_website"",""raw_unit"":""eV"",""raw_value"":3.4406,""retrieved_at"":""2026-08-09T20:09:24.879878+00:00""}","[""functional_not_provided_by_public_website""]",sha256:f18960fbfe7f000bb1e777d61e299940595a7ca820790dbfb54afd439def3c12
lifepo4-stability,alexandria,agm003236725,LiFePO4,energy_above_hull_eV,energy_above_convex_hull_per_atom,0.006343698,eV/atom,"{""code"":null,""corrections"":null,""dimensionality"":null,""functional"":null,""geometry_state"":null,""hubbard_u_eV"":null,""hull_construction"":null,""magnetic_configuration"":null,""method_family"":null,""pressure_GPa"":null,""reference_state"":null,""spin"":null,""strain_state"":null,""temperature_K"":null,""thermodynamic_ensemble"":null,""workflow"":null}","{""citation"":null,""endpoint"":""https://alexandria.icams.rub.de"",""evidence_source"":""alexandria"",""evidence_source_id"":""agm003236725"",""link"":""https://alexandria.icams.rub.de"",""native_field"":""e_above_hull"",""origin"":""alexandria_public_website"",""raw_unit"":""eV/atom"",""raw_value"":0.006343698,""retrieved_at"":""2026-08-09T20:09:24.879878+00:00""}","[""functional_not_provided_by_public_website""]",sha256:f18960fbfe7f000bb1e777d61e299940595a7ca820790dbfb54afd439def3c12
lifepo4-stability,materials_project,aaabuhhb,LiFePO4,band_gap_eV,electronic_band_gap,3.3635,eV,"{""code"":null,""dimensionality"":null,""functional"":null,""gap_character"":null,""gap_observable_level"":null,""geometry_state"":null,""hubbard_u_eV"":null,""magnetic_configuration"":null,""method_family"":null,""modality"":null,""pressure_GPa"":null,""relativity_method"":null,""soc"":null,""spin"":null,""strain_state"":null,""temperature_K"":null,""workflow"":null}","{""citation"":null,""endpoint"":""/materials/summary/"",""evidence_source"":""materials_project"",""evidence_source_id"":""aaabuhhb"",""native_field"":""band_gap"",""origin"":""materials_project_summary"",""raw_unit"":""eV"",""raw_value"":3.3635,""retrieved_at"":""2026-08-09T20:09:36.212517+00:00"",""summary_property_origin"":{""last_updated"":""2021-02-20T01:36:39.776000Z"",""name"":""electronic_structure"",""task_id"":""aaabuhhb""},""summary_property_origin_candidates"":[{""last_updated"":""2021-02-20T01:36:39.776000Z"",""name"":""electronic_structure"",""task_id"":""aaabuhhb""}],""summary_property_origin_family"":""electronic_structure""}","[""scientific_context_not_reported_by_summary_endpoint""]",sha256:f18bfca0594d44a1a4020946d7ea6b4b60fc7ebbf3667490b12fc6a45cbcc9d9
lifepo4-stability,materials_project,mp-772093,LiFePO4,energy_above_hull_eV,energy_above_convex_hull_per_atom,0.09154363678571453,eV/atom,"{""code"":null,""corrections"":null,""dimensionality"":null,""functional"":null,""geometry_state"":null,""hubbard_u_eV"":null,""hull_construction"":null,""magnetic_configuration"":null,""method_family"":null,""pressure_GPa"":null,""reference_state"":null,""spin"":null,""strain_state"":null,""temperature_K"":null,""thermodynamic_ensemble"":null,""workflow"":null}","{""citation"":null,""endpoint"":""/materials/summary/"",""evidence_source"":null,""evidence_source_id"":null,""native_field"":""energy_above_hull"",""origin"":""materials_project_summary"",""raw_unit"":""eV/atom"",""raw_value"":0.09154363678571453,""retrieved_at"":""2026-08-09T20:09:36.212517+00:00"",""summary_property_origin"":null,""summary_property_origin_candidates"":[],""summary_property_origin_family"":""thermo""}","[""scientific_context_not_reported_by_summary_endpoint"",""summary_property_not_bound_to_calculation_task""]",sha256:f18bfca0594d44a1a4020946d7ea6b4b60fc7ebbf3667490b12fc6a45cbcc9d9
lifepo4-stability,materials_project,mp-772093,LiFePO4,formation_energy_per_atom_eV,formation_energy_per_atom,-2.388352377925169,eV/atom,"{""code"":null,""corrections"":null,""dimensionality"":null,""functional"":null,""geometry_state"":null,""hubbard_u_eV"":null,""magnetic_configuration"":null,""method_family"":null,""pressure_GPa"":null,""reference_state"":null,""spin"":null,""strain_state"":null,""temperature_K"":null,""workflow"":null}","{""citation"":null,""endpoint"":""/materials/summary/"",""evidence_source"":null,""evidence_source_id"":null,""native_field"":""formation_energy_per_atom"",""origin"":""materials_project_summary"",""raw_unit"":""eV/atom"",""raw_value"":-2.388352377925169,""retrieved_at"":""2026-08-09T20:09:36.212517+00:00"",""summary_property_origin"":null,""summary_property_origin_candidates"":[],""summary_property_origin_family"":""thermo""}","[""scientific_context_not_reported_by_summary_endpoint"",""summary_property_not_bound_to_calculation_task""]",sha256:f18bfca0594d44a1a4020946d7ea6b4b60fc7ebbf3667490b12fc6a45cbcc9d9
lifepo4-stability,materials_project,mp-772093,LiFePO4,is_stable,thermodynamic_stability_label,false,,"{""code"":null,""dimensionality"":null,""functional"":null,""geometry_state"":null,""hull_construction"":null,""magnetic_configuration"":null,""method_family"":null,""pressure_GPa"":null,""reference_state"":null,""spin"":null,""stability_definition"":""Materials Project SummaryDoc: true means the source-selected thermodynamic entry is a stable entry on the source phase-diagram convex hull"",""strain_state"":null,""temperature_K"":null,""thermodynamic_ensemble"":null,""workflow"":null}","{""citation"":null,""endpoint"":""/materials/summary/"",""evidence_source"":null,""evidence_source_id"":null,""native_field"":""is_stable"",""native_semantic"":""materials_project_summary_source_native_stability_label"",""origin"":""materials_project_summary"",""raw_unit"":null,""raw_value"":false,""retrieved_at"":""2026-08-09T20:09:36.212517+00:00"",""summary_property_origin"":null,""summary_property_origin_candidates"":[],""summary_property_origin_family"":""thermo""}","[""scientific_context_not_reported_by_summary_endpoint"",""summary_property_not_bound_to_calculation_task"",""source_definition_not_recomputed_by_matrouter"",""summary_stability_not_bound_to_exact_thermo_type_entry_set_or_energy_frame""]",sha256:f18bfca0594d44a1a4020946d7ea6b4b60fc7ebbf3667490b12fc6a45cbcc9d9
lifepo4-stability,nomad,3lxiQzu284zkfrjB6zxH9kvADL26#band_gap=0,FeLiO4P,band_gap_eV,electronic_band_gap,3.5486,eV,"{""code"":""VASP"",""dimensionality"":""3D"",""functional"":[""GGA_C_PBE"",""GGA_X_PBE""],""gap_character"":null,""gap_observable_level"":""nomad_results_summary_normalizer_output"",""geometry_state"":null,""hubbard_u_eV"":[{""energy_conversion"":{""divisor"":1.602176634e-19,""from_unit"":""J"",""to_unit"":""eV""},""source_energy_values_J"":{""u_J"":8.491536160199999e-19,""u_effective_J"":8.491536160199999e-19},""u_eV"":5.3,""u_effective_eV"":5.3}],""magnetic_configuration"":null,""method_family"":""DFT"",""modality"":null,""pressure_GPa"":null,""relativity_method"":null,""soc"":null,""spin"":{""source_channel_index"":0},""strain_state"":null,""temperature_K"":null,""workflow"":null}","{""calculation_binding"":""unresolved"",""citation"":null,""conversion"":{""divisor"":1.602176634e-19,""from_unit"":""J"",""to_unit"":""eV""},""endpoint"":""/entries/query"",""evidence_source"":""nomad"",""evidence_source_id"":""3lxiQzu284zkfrjB6zxH9kvADL26#band_gap=0"",""native_field"":""results.properties.electronic.band_gap[0].value"",""origin"":""nomad_summary_aggregate"",""raw_unit"":""J"",""raw_value"":5.6854840034124e-19,""retrieved_at"":""2026-08-09T20:09:25.265866+00:00"",""selection"":{""reason"":""multiple_source_observations"",""status"":""unselected""},""source_native_context"":{""index"":0}}","[""summary_band_gap_not_bound_to_specific_calculation"",""nomad_results_band_gap_is_normalizer_derived_with_source_detection_tolerance"",""summary_method_context_not_bound_to_specific_calculation"",""multiple_summary_band_gaps_preserved_without_primary""]",sha256:f230051cce649f35d8d81eacd24d16cb9b8d96079c1c8228bb88c3c285c021ad
lifepo4-stability,nomad,3lxiQzu284zkfrjB6zxH9kvADL26#band_gap=1,FeLiO4P,band_gap_eV,electronic_band_gap,3.5486,eV,"{""code"":""VASP"",""dimensionality"":""3D"",""functional"":[""GGA_C_PBE"",""GGA_X_PBE""],""gap_character"":null,""gap_observable_level"":""nomad_results_summary_normalizer_output"",""geometry_state"":null,""hubbard_u_eV"":[{""energy_conversion"":{""divisor"":1.602176634e-19,""from_unit"":""J"",""to_unit"":""eV""},""source_energy_values_J"":{""u_J"":8.491536160199999e-19,""u_effective_J"":8.491536160199999e-19},""u_eV"":5.3,""u_effective_eV"":5.3}],""magnetic_configuration"":null,""method_family"":""DFT"",""modality"":null,""pressure_GPa"":null,""relativity_method"":null,""soc"":null,""spin"":{""source_channel_index"":1},""strain_state"":null,""temperature_K"":null,""workflow"":null}","{""calculation_binding"":""unresolved"",""citation"":null,""conversion"":{""divisor"":1.602176634e-19,""from_unit"":""J"",""to_unit"":""eV""},""endpoint"":""/entries/query"",""evidence_source"":""nomad"",""evidence_source_id"":""3lxiQzu284zkfrjB6zxH9kvADL26#band_gap=1"",""native_field"":""results.properties.electronic.band_gap[1].value"",""origin"":""nomad_summary_aggregate"",""raw_unit"":""J"",""raw_value"":5.6854840034124e-19,""retrieved_at"":""2026-08-09T20:09:25.265866+00:00"",""selection"":{""reason"":""multiple_source_observations"",""status"":""unselected""},""source_native_context"":{""index"":1}}","[""summary_band_gap_not_bound_to_specific_calculation"",""nomad_results_band_gap_is_normalizer_derived_with_source_detection_tolerance"",""summary_method_context_not_bound_to_specific_calculation"",""multiple_summary_band_gaps_preserved_without_primary""]",sha256:f230051cce649f35d8d81eacd24d16cb9b8d96079c1c8228bb88c3c285c021ad
lifepo4-stability,alexandria,agm003281195,LiFePO4,band_gap_eV,electronic_band_gap,3.5229,eV,"{""code"":null,""dimensionality"":null,""functional"":null,""gap_character"":null,""gap_observable_level"":null,""geometry_state"":null,""hubbard_u_eV"":null,""magnetic_configuration"":null,""method_family"":null,""modality"":null,""pressure_GPa"":null,""relativity_method"":null,""soc"":null,""spin"":null,""strain_state"":null,""temperature_K"":null,""workflow"":null}","{""citation"":null,""endpoint"":""https://alexandria.icams.rub.de"",""evidence_source"":""alexandria"",""evidence_source_id"":""agm003281195"",""link"":""https://alexandria.icams.rub.de"",""native_field"":""band_gap_ind"",""origin"":""alexandria_public_website"",""raw_unit"":""eV"",""raw_value"":3.5229,""retrieved_at"":""2026-08-09T20:09:24.880162+00:00""}","[""functional_not_provided_by_public_website""]",sha256:f4c757f26e445cc2276ed2b96a2a004cfba5e720ce8410b447bad9183467e1de
lifepo4-stability,alexandria,agm003281195,LiFePO4,energy_above_hull_eV,energy_above_convex_hull_per_atom,0.011922791,eV/atom,"{""code"":null,""corrections"":null,""dimensionality"":null,""functional"":null,""geometry_state"":null,""hubbard_u_eV"":null,""hull_construction"":null,""magnetic_configuration"":null,""method_family"":null,""pressure_GPa"":null,""reference_state"":null,""spin"":null,""strain_state"":null,""temperature_K"":null,""thermodynamic_ensemble"":null,""workflow"":null}","{""citation"":null,""endpoint"":""https://alexandria.icams.rub.de"",""evidence_source"":""alexandria"",""evidence_source_id"":""agm003281195"",""link"":""https://alexandria.icams.rub.de"",""native_field"":""e_above_hull"",""origin"":""alexandria_public_website"",""raw_unit"":""eV/atom"",""raw_value"":0.011922791,""retrieved_at"":""2026-08-09T20:09:24.880162+00:00""}","[""functional_not_provided_by_public_website""]",sha256:f4c757f26e445cc2276ed2b96a2a004cfba5e720ce8410b447bad9183467e1de
lifepo4-stability,aflow,aflowlib.duke.edu:AFLOWDATA/ICSD_WEB/ORC/Fe1Li1O4P1_ICSD_246857,Fe4Li4O16P4,band_gap_eV,electronic_band_gap,3.2117,eV,"{""code"":null,""dimensionality"":null,""functional"":null,""gap_character"":null,""gap_observable_level"":null,""geometry_state"":null,""hubbard_u_eV"":{""j_eV"":[0,0,0,0],""orbital_l"":[2,0,0,0],""source_type"":2,""species"":[""Fe"",""Li"",""O"",""P""],""u_eV"":[4.6,0,0,0]},""magnetic_configuration"":null,""method_family"":""DFT"",""modality"":null,""pressure_GPa"":null,""relativity_method"":null,""soc"":null,""spin"":null,""strain_state"":null,""temperature_K"":null,""workflow"":""AFLOW automated calculation""}","{""citation"":null,""endpoint"":""https://aflow.org/API/aflux"",""evidence_source"":""aflow"",""evidence_source_id"":""aflowlib.duke.edu:AFLOWDATA/ICSD_WEB/ORC/Fe1Li1O4P1_ICSD_246857"",""link"":""https://aflowlib.duke.edu/AFLOWDATA/ICSD_WEB/ORC/Fe1Li1O4P1_ICSD_246857"",""native_field"":""Egap"",""native_semantic"":""electronic_band_gap"",""origin"":""aflow_aflux"",""raw_unit"":""eV"",""raw_value"":3.2117,""retrieved_at"":""2026-08-09T20:09:25.620913+00:00"",""source_native_method_context"":{""dft_type"":[""PAW_PBE""],""ldau_j"":[0,0,0,0],""ldau_l"":[2,0,0,0],""ldau_type"":2,""ldau_u"":[4.6,0,0,0]}}","[""code_functional_and_soc_are_not_canonicalized_from_the_aflux_record""]",sha256:f549ac656dd3d84f87086c9e6621481bc54fb1b98177f598fde2b3706f3b7805
lifepo4-stability,alexandria,agm005253528,LiFePO4,band_gap_eV,electronic_band_gap,3.4453,eV,"{""code"":null,""dimensionality"":null,""functional"":null,""gap_character"":null,""gap_observable_level"":null,""geometry_state"":null,""hubbard_u_eV"":null,""magnetic_configuration"":null,""method_family"":null,""modality"":null,""pressure_GPa"":null,""relativity_method"":null,""soc"":null,""spin"":null,""strain_state"":null,""temperature_K"":null,""workflow"":null}","{""citation"":null,""endpoint"":""https://alexandria.icams.rub.de"",""evidence_source"":""alexandria"",""evidence_source_id"":""agm005253528"",""link"":""https://alexandria.icams.rub.de"",""native_field"":""band_gap_ind"",""origin"":""alexandria_public_website"",""raw_unit"":""eV"",""raw_value"":3.4453,""retrieved_at"":""2026-08-09T20:09:24.879820+00:00""}","[""functional_not_provided_by_public_website""]",sha256:fc5b584f54c28c5c0ab1189c0c0ddddaecd04bd1c3fdeb2e2b0475a8dc0035e4
lifepo4-stability,alexandria,agm005253528,LiFePO4,energy_above_hull_eV,energy_above_convex_hull_per_atom,0.00620881,eV/atom,"{""code"":null,""corrections"":null,""dimensionality"":null,""functional"":null,""geometry_state"":null,""hubbard_u_eV"":null,""hull_construction"":null,""magnetic_configuration"":null,""method_family"":null,""pressure_GPa"":null,""reference_state"":null,""spin"":null,""strain_state"":null,""temperature_K"":null,""thermodynamic_ensemble"":null,""workflow"":null}","{""citation"":null,""endpoint"":""https://alexandria.icams.rub.de"",""evidence_source"":""alexandria"",""evidence_source_id"":""agm005253528"",""link"":""https://alexandria.icams.rub.de"",""native_field"":""e_above_hull"",""origin"":""alexandria_public_website"",""raw_unit"":""eV/atom"",""raw_value"":0.00620881,""retrieved_at"":""2026-08-09T20:09:24.879820+00:00""}","[""functional_not_provided_by_public_website""]",sha256:fc5b584f54c28c5c0ab1189c0c0ddddaecd04bd1c3fdeb2e2b0475a8dc0035e4
lifepo4-stability,materials_project,aaaeaqpe,LiFePO4,band_gap_eV,electronic_band_gap,3.3289999999999997,eV,"{""code"":null,""dimensionality"":null,""functional"":null,""gap_character"":null,""gap_observable_level"":null,""geometry_state"":null,""hubbard_u_eV"":null,""magnetic_configuration"":null,""method_family"":null,""modality"":null,""pressure_GPa"":null,""relativity_method"":null,""soc"":null,""spin"":null,""strain_state"":null,""temperature_K"":null,""workflow"":null}","{""citation"":null,""endpoint"":""/materials/summary/"",""evidence_source"":""materials_project"",""evidence_source_id"":""aaaeaqpe"",""native_field"":""band_gap"",""origin"":""materials_project_summary"",""raw_unit"":""eV"",""raw_value"":3.3289999999999997,""retrieved_at"":""2026-08-09T20:09:36.211403+00:00"",""summary_property_origin"":{""last_updated"":""2021-02-05T04:48:36.002000Z"",""name"":""electronic_structure"",""task_id"":""aaaeaqpe""},""summary_property_origin_candidates"":[{""last_updated"":""2021-02-05T04:48:36.002000Z"",""name"":""electronic_structure"",""task_id"":""aaaeaqpe""}],""summary_property_origin_family"":""electronic_structure""}","[""scientific_context_not_reported_by_summary_endpoint""]",sha256:fef13a4473468a6a3a90b76d239de1d17b1d2def9d67c140c157ce147c311fdd
lifepo4-stability,materials_project,mp-1662030,LiFePO4,energy_above_hull_eV,energy_above_convex_hull_per_atom,0.04104011107142824,eV/atom,"{""code"":null,""corrections"":null,""dimensionality"":null,""functional"":null,""geometry_state"":null,""hubbard_u_eV"":null,""hull_construction"":null,""magnetic_configuration"":null,""method_family"":null,""pressure_GPa"":null,""reference_state"":null,""spin"":null,""strain_state"":null,""temperature_K"":null,""thermodynamic_ensemble"":null,""workflow"":null}","{""citation"":null,""endpoint"":""/materials/summary/"",""evidence_source"":null,""evidence_source_id"":null,""native_field"":""energy_above_hull"",""origin"":""materials_project_summary"",""raw_unit"":""eV/atom"",""raw_value"":0.04104011107142824,""retrieved_at"":""2026-08-09T20:09:36.211403+00:00"",""summary_property_origin"":null,""summary_property_origin_candidates"":[],""summary_property_origin_family"":""thermo""}","[""scientific_context_not_reported_by_summary_endpoint"",""summary_property_not_bound_to_calculation_task""]",sha256:fef13a4473468a6a3a90b76d239de1d17b1d2def9d67c140c157ce147c311fdd
lifepo4-stability,materials_project,mp-1662030,LiFePO4,formation_energy_per_atom_eV,formation_energy_per_atom,-2.4388559036394546,eV/atom,"{""code"":null,""corrections"":null,""dimensionality"":null,""functional"":null,""geometry_state"":null,""hubbard_u_eV"":null,""magnetic_configuration"":null,""method_family"":null,""pressure_GPa"":null,""reference_state"":null,""spin"":null,""strain_state"":null,""temperature_K"":null,""workflow"":null}","{""citation"":null,""endpoint"":""/materials/summary/"",""evidence_source"":null,""evidence_source_id"":null,""native_field"":""formation_energy_per_atom"",""origin"":""materials_project_summary"",""raw_unit"":""eV/atom"",""raw_value"":-2.4388559036394546,""retrieved_at"":""2026-08-09T20:09:36.211403+00:00"",""summary_property_origin"":null,""summary_property_origin_candidates"":[],""summary_property_origin_family"":""thermo""}","[""scientific_context_not_reported_by_summary_endpoint"",""summary_property_not_bound_to_calculation_task""]",sha256:fef13a4473468a6a3a90b76d239de1d17b1d2def9d67c140c157ce147c311fdd
lifepo4-stability,materials_project,mp-1662030,LiFePO4,is_stable,thermodynamic_stability_label,false,,"{""code"":null,""dimensionality"":null,""functional"":null,""geometry_state"":null,""hull_construction"":null,""magnetic_configuration"":null,""method_family"":null,""pressure_GPa"":null,""reference_state"":null,""spin"":null,""stability_definition"":""Materials Project SummaryDoc: true means the source-selected thermodynamic entry is a stable entry on the source phase-diagram convex hull"",""strain_state"":null,""temperature_K"":null,""thermodynamic_ensemble"":null,""workflow"":null}","{""citation"":null,""endpoint"":""/materials/summary/"",""evidence_source"":null,""evidence_source_id"":null,""native_field"":""is_stable"",""native_semantic"":""materials_project_summary_source_native_stability_label"",""origin"":""materials_project_summary"",""raw_unit"":null,""raw_value"":false,""retrieved_at"":""2026-08-09T20:09:36.211403+00:00"",""summary_property_origin"":null,""summary_property_origin_candidates"":[],""summary_property_origin_family"":""thermo""}","[""scientific_context_not_reported_by_summary_endpoint"",""summary_property_not_bound_to_calculation_task"",""source_definition_not_recomputed_by_matrouter"",""summary_stability_not_bound_to_exact_thermo_type_entry_set_or_energy_frame""]",sha256:fef13a4473468a6a3a90b76d239de1d17b1d2def9d67c140c157ce147c311fdd
bi2se3-topology,nomad,42FZFdx7T1DGSw9KX2VWzHz9uPul#band_gap=0,Bi2Se3,band_gap_eV,electronic_band_gap,0.2722,eV,"{""code"":""VASP"",""dimensionality"":""3D"",""functional"":[""GGA_C_PBE"",""GGA_X_PBE""],""gap_character"":null,""gap_observable_level"":""nomad_results_summary_normalizer_output"",""geometry_state"":null,""hubbard_u_eV"":null,""magnetic_configuration"":null,""method_family"":""DFT"",""modality"":null,""pressure_GPa"":null,""relativity_method"":null,""soc"":null,""spin"":{""source_channel_index"":0},""strain_state"":null,""temperature_K"":null,""workflow"":null}","{""calculation_binding"":""unresolved"",""citation"":null,""conversion"":{""divisor"":1.602176634e-19,""from_unit"":""J"",""to_unit"":""eV""},""endpoint"":""/entries/query"",""evidence_source"":""nomad"",""evidence_source_id"":""42FZFdx7T1DGSw9KX2VWzHz9uPul#band_gap=0"",""native_field"":""results.properties.electronic.band_gap[0].value"",""origin"":""nomad_summary_aggregate"",""raw_unit"":""J"",""raw_value"":4.361124797747995e-20,""retrieved_at"":""2026-08-09T20:11:23.549467+00:00"",""selection"":{""reason"":""multiple_source_observations"",""status"":""unselected""},""source_native_context"":{""index"":0}}","[""summary_band_gap_not_bound_to_specific_calculation"",""nomad_results_band_gap_is_normalizer_derived_with_source_detection_tolerance"",""summary_method_context_not_bound_to_specific_calculation"",""multiple_summary_band_gaps_preserved_without_primary""]",sha256:0e5edd9cd590fd766aeb4b407eb4f903e26a6890aac099c974ce8a86adc5efff
bi2se3-topology,nomad,42FZFdx7T1DGSw9KX2VWzHz9uPul#band_gap=1,Bi2Se3,band_gap_eV,electronic_band_gap,0.2722,eV,"{""code"":""VASP"",""dimensionality"":""3D"",""functional"":[""GGA_C_PBE"",""GGA_X_PBE""],""gap_character"":null,""gap_observable_level"":""nomad_results_summary_normalizer_output"",""geometry_state"":null,""hubbard_u_eV"":null,""magnetic_configuration"":null,""method_family"":""DFT"",""modality"":null,""pressure_GPa"":null,""relativity_method"":null,""soc"":null,""spin"":{""source_channel_index"":1},""strain_state"":null,""temperature_K"":null,""workflow"":null}","{""calculation_binding"":""unresolved"",""citation"":null,""conversion"":{""divisor"":1.602176634e-19,""from_unit"":""J"",""to_unit"":""eV""},""endpoint"":""/entries/query"",""evidence_source"":""nomad"",""evidence_source_id"":""42FZFdx7T1DGSw9KX2VWzHz9uPul#band_gap=1"",""native_field"":""results.properties.electronic.band_gap[1].value"",""origin"":""nomad_summary_aggregate"",""raw_unit"":""J"",""raw_value"":4.361124797747995e-20,""retrieved_at"":""2026-08-09T20:11:23.549467+00:00"",""selection"":{""reason"":""multiple_source_observations"",""status"":""unselected""},""source_native_context"":{""index"":1}}","[""summary_band_gap_not_bound_to_specific_calculation"",""nomad_results_band_gap_is_normalizer_derived_with_source_detection_tolerance"",""summary_method_context_not_bound_to_specific_calculation"",""multiple_summary_band_gaps_preserved_without_primary""]",sha256:0e5edd9cd590fd766aeb4b407eb4f903e26a6890aac099c974ce8a86adc5efff
bi2se3-topology,oqmd,1473405,Bi2Se3,band_gap_eV,electronic_band_gap,1.0350000000000001,eV,"{""code"":null,""dimensionality"":null,""functional"":null,""gap_character"":null,""gap_observable_level"":null,""geometry_state"":null,""hubbard_u_eV"":null,""magnetic_configuration"":null,""method_family"":null,""modality"":null,""pressure_GPa"":null,""relativity_method"":null,""soc"":null,""spin"":null,""strain_state"":null,""temperature_K"":null,""workflow"":null}","{""citation"":null,""native_field"":""band_gap"",""origin"":""oqmd_formationenergy_search"",""raw_unit"":""eV"",""raw_value"":1.0350000000000001,""retrieved_at"":""2026-08-09T20:11:34.337810+00:00""}","[""scientific_context_not_reported_by_oqmd_endpoint""]",sha256:1419f45a1a0456d18e5bf4f4c11b507d2e325816a842bc03921a4d06edc7f258
bi2se3-topology,oqmd,1473405,Bi2Se3,energy_above_hull_eV,energy_above_convex_hull_per_atom,0.034704073000000335,eV/atom,"{""code"":null,""corrections"":null,""dimensionality"":null,""functional"":null,""geometry_state"":null,""hubbard_u_eV"":null,""hull_construction"":null,""magnetic_configuration"":null,""method_family"":null,""pressure_GPa"":null,""reference_state"":null,""spin"":null,""strain_state"":null,""temperature_K"":null,""thermodynamic_ensemble"":null,""workflow"":null}","{""citation"":null,""native_field"":""stability"",""origin"":""oqmd_formationenergy_search"",""raw_unit"":""eV/atom"",""raw_value"":0.034704073000000335,""retrieved_at"":""2026-08-09T20:11:34.337810+00:00""}","[""scientific_context_not_reported_by_oqmd_endpoint""]",sha256:1419f45a1a0456d18e5bf4f4c11b507d2e325816a842bc03921a4d06edc7f258
bi2se3-topology,oqmd,1473405,Bi2Se3,formation_energy_per_atom_eV,formation_energy_per_atom,-0.36141473299999943,eV/atom,"{""code"":null,""corrections"":null,""dimensionality"":null,""functional"":null,""geometry_state"":null,""hubbard_u_eV"":null,""magnetic_configuration"":null,""method_family"":null,""pressure_GPa"":null,""reference_state"":null,""spin"":null,""strain_state"":null,""temperature_K"":null,""workflow"":null}","{""citation"":null,""native_field"":""delta_e"",""origin"":""oqmd_formationenergy_search"",""raw_unit"":""eV/atom"",""raw_value"":-0.36141473299999943,""retrieved_at"":""2026-08-09T20:11:34.337810+00:00""}","[""scientific_context_not_reported_by_oqmd_endpoint""]",sha256:1419f45a1a0456d18e5bf4f4c11b507d2e325816a842bc03921a4d06edc7f258
bi2se3-topology,aflow,aflowlib.duke.edu:AFLOWDATA/ICSD_WEB/RHL/Bi2Se3_ICSD_617083,Bi2Se3,band_gap_eV,electronic_band_gap,0.4893,eV,"{""code"":null,""dimensionality"":null,""functional"":null,""gap_character"":null,""gap_observable_level"":null,""geometry_state"":null,""hubbard_u_eV"":{""source_type"":0,""species"":[""Bi"",""Se""]},""magnetic_configuration"":null,""method_family"":""DFT"",""modality"":null,""pressure_GPa"":null,""relativity_method"":null,""soc"":null,""spin"":null,""strain_state"":null,""temperature_K"":null,""workflow"":""AFLOW automated calculation""}","{""citation"":null,""endpoint"":""https://aflow.org/API/aflux"",""evidence_source"":""aflow"",""evidence_source_id"":""aflowlib.duke.edu:AFLOWDATA/ICSD_WEB/RHL/Bi2Se3_ICSD_617083"",""link"":""https://aflowlib.duke.edu/AFLOWDATA/ICSD_WEB/RHL/Bi2Se3_ICSD_617083"",""native_field"":""Egap"",""native_semantic"":""electronic_band_gap"",""origin"":""aflow_aflux"",""raw_unit"":""eV"",""raw_value"":0.4893,""retrieved_at"":""2026-08-09T20:11:29.216977+00:00"",""source_native_method_context"":{""dft_type"":[""PAW_PBE""],""ldau_type"":0}}","[""code_functional_and_soc_are_not_canonicalized_from_the_aflux_record""]",sha256:14a6e8b2a4b57d918baa958acfac2aa33193550b6a166a72cb4b1f79e4f62349
bi2se3-topology,aflow,aflowlib.duke.edu:AFLOWDATA/ICSD_WEB/RHL/Bi2Se3_ICSD_617083,Bi2Se3,formation_enthalpy_per_atom_eV,formation_enthalpy_per_atom,-0.393988,eV/atom,"{""code"":null,""corrections"":null,""dimensionality"":null,""functional"":null,""geometry_state"":null,""hubbard_u_eV"":{""source_type"":0,""species"":[""Bi"",""Se""]},""magnetic_configuration"":null,""method_family"":""DFT"",""pressure_GPa"":null,""reference_state"":null,""spin"":null,""strain_state"":null,""temperature_K"":null,""workflow"":""AFLOW automated calculation""}","{""citation"":null,""endpoint"":""https://aflow.org/API/aflux"",""evidence_source"":""aflow"",""evidence_source_id"":""aflowlib.duke.edu:AFLOWDATA/ICSD_WEB/RHL/Bi2Se3_ICSD_617083"",""link"":""https://aflowlib.duke.edu/AFLOWDATA/ICSD_WEB/RHL/Bi2Se3_ICSD_617083"",""native_field"":""enthalpy_formation_atom"",""native_semantic"":""formation_enthalpy_per_atom"",""origin"":""aflow_aflux"",""raw_unit"":""eV/atom"",""raw_value"":-0.393988,""retrieved_at"":""2026-08-09T20:11:29.216977+00:00"",""source_native_method_context"":{""dft_type"":[""PAW_PBE""],""ldau_type"":0}}","[""native_quantity_is_formation_enthalpy_per_atom"",""reference_state_and_corrections_not_reported_by_aflux_record"",""code_functional_and_soc_are_not_canonicalized_from_the_aflux_record""]",sha256:14a6e8b2a4b57d918baa958acfac2aa33193550b6a166a72cb4b1f79e4f62349
bi2se3-topology,aflow,aflowlib.duke.edu:AFLOWDATA/ICSD_WEB/RHL/Bi2Se3_ICSD_42545,Bi2Se3,band_gap_eV,electronic_band_gap,0.3242,eV,"{""code"":null,""dimensionality"":null,""functional"":null,""gap_character"":null,""gap_observable_level"":null,""geometry_state"":null,""hubbard_u_eV"":{""source_type"":0,""species"":[""Bi"",""Se""]},""magnetic_configuration"":null,""method_family"":""DFT"",""modality"":null,""pressure_GPa"":null,""relativity_method"":null,""soc"":null,""spin"":null,""strain_state"":null,""temperature_K"":null,""workflow"":""AFLOW automated calculation""}","{""citation"":null,""endpoint"":""https://aflow.org/API/aflux"",""evidence_source"":""aflow"",""evidence_source_id"":""aflowlib.duke.edu:AFLOWDATA/ICSD_WEB/RHL/Bi2Se3_ICSD_42545"",""link"":""https://aflowlib.duke.edu/AFLOWDATA/ICSD_WEB/RHL/Bi2Se3_ICSD_42545"",""native_field"":""Egap"",""native_semantic"":""electronic_band_gap"",""origin"":""aflow_aflux"",""raw_unit"":""eV"",""raw_value"":0.3242,""retrieved_at"":""2026-08-09T20:11:25.067820+00:00"",""source_native_method_context"":{""dft_type"":[""PAW_PBE""],""ldau_type"":0}}","[""code_functional_and_soc_are_not_canonicalized_from_the_aflux_record""]",sha256:164f39d07ae2225647776bbc20d712643db512ea674db8113688a0a1bef93410
bi2se3-topology,aflow,aflowlib.duke.edu:AFLOWDATA/ICSD_WEB/RHL/Bi2Se3_ICSD_42545,Bi2Se3,formation_enthalpy_per_atom_eV,formation_enthalpy_per_atom,-0.391654,eV/atom,"{""code"":null,""corrections"":null,""dimensionality"":null,""functional"":null,""geometry_state"":null,""hubbard_u_eV"":{""source_type"":0,""species"":[""Bi"",""Se""]},""magnetic_configuration"":null,""method_family"":""DFT"",""pressure_GPa"":null,""reference_state"":null,""spin"":null,""strain_state"":null,""temperature_K"":null,""workflow"":""AFLOW automated calculation""}","{""citation"":null,""endpoint"":""https://aflow.org/API/aflux"",""evidence_source"":""aflow"",""evidence_source_id"":""aflowlib.duke.edu:AFLOWDATA/ICSD_WEB/RHL/Bi2Se3_ICSD_42545"",""link"":""https://aflowlib.duke.edu/AFLOWDATA/ICSD_WEB/RHL/Bi2Se3_ICSD_42545"",""native_field"":""enthalpy_formation_atom"",""native_semantic"":""formation_enthalpy_per_atom"",""origin"":""aflow_aflux"",""raw_unit"":""eV/atom"",""raw_value"":-0.391654,""retrieved_at"":""2026-08-09T20:11:25.067820+00:00"",""source_native_method_context"":{""dft_type"":[""PAW_PBE""],""ldau_type"":0}}","[""native_quantity_is_formation_enthalpy_per_atom"",""reference_state_and_corrections_not_reported_by_aflux_record"",""code_functional_and_soc_are_not_canonicalized_from_the_aflux_record""]",sha256:164f39d07ae2225647776bbc20d712643db512ea674db8113688a0a1bef93410
bi2se3-topology,oqmd,28770,Bi2Se3,band_gap_eV,electronic_band_gap,0.627,eV,"{""code"":null,""dimensionality"":null,""functional"":null,""gap_character"":null,""gap_observable_level"":null,""geometry_state"":null,""hubbard_u_eV"":null,""magnetic_configuration"":null,""method_family"":null,""modality"":null,""pressure_GPa"":null,""relativity_method"":null,""soc"":null,""spin"":null,""strain_state"":null,""temperature_K"":null,""workflow"":null}","{""citation"":null,""native_field"":""band_gap"",""origin"":""oqmd_formationenergy_search"",""raw_unit"":""eV"",""raw_value"":0.627,""retrieved_at"":""2026-08-09T20:11:34.337280+00:00""}","[""scientific_context_not_reported_by_oqmd_endpoint""]",sha256:1c2a3b62ab42d40c22f6add1f89e70aaa7905f56bb4fa1cde068c80fcd7b07b6
bi2se3-topology,oqmd,28770,Bi2Se3,energy_above_hull_eV,energy_above_convex_hull_per_atom,0.14375525025000074,eV/atom,"{""code"":null,""corrections"":null,""dimensionality"":null,""functional"":null,""geometry_state"":null,""hubbard_u_eV"":null,""hull_construction"":null,""magnetic_configuration"":null,""method_family"":null,""pressure_GPa"":null,""reference_state"":null,""spin"":null,""strain_state"":null,""temperature_K"":null,""thermodynamic_ensemble"":null,""workflow"":null}","{""citation"":null,""native_field"":""stability"",""origin"":""oqmd_formationenergy_search"",""raw_unit"":""eV/atom"",""raw_value"":0.14375525025000074,""retrieved_at"":""2026-08-09T20:11:34.337280+00:00""}","[""scientific_context_not_reported_by_oqmd_endpoint""]",sha256:1c2a3b62ab42d40c22f6add1f89e70aaa7905f56bb4fa1cde068c80fcd7b07b6
bi2se3-topology,oqmd,28770,Bi2Se3,formation_energy_per_atom_eV,formation_energy_per_atom,-0.252363555749999,eV/atom,"{""code"":null,""corrections"":null,""dimensionality"":null,""functional"":null,""geometry_state"":null,""hubbard_u_eV"":null,""magnetic_configuration"":null,""method_family"":null,""pressure_GPa"":null,""reference_state"":null,""spin"":null,""strain_state"":null,""temperature_K"":null,""workflow"":null}","{""citation"":null,""native_field"":""delta_e"",""origin"":""oqmd_formationenergy_search"",""raw_unit"":""eV/atom"",""raw_value"":-0.252363555749999,""retrieved_at"":""2026-08-09T20:11:34.337280+00:00""}","[""scientific_context_not_reported_by_oqmd_endpoint""]",sha256:1c2a3b62ab42d40c22f6add1f89e70aaa7905f56bb4fa1cde068c80fcd7b07b6
bi2se3-topology,alexandria,agm006231048,Bi2Se3,band_gap_eV,electronic_band_gap,0.5806,eV,"{""code"":null,""dimensionality"":null,""functional"":null,""gap_character"":null,""gap_observable_level"":null,""geometry_state"":null,""hubbard_u_eV"":null,""magnetic_configuration"":null,""method_family"":null,""modality"":null,""pressure_GPa"":null,""relativity_method"":null,""soc"":null,""spin"":null,""strain_state"":null,""temperature_K"":null,""workflow"":null}","{""citation"":null,""endpoint"":""https://alexandria.icams.rub.de"",""evidence_source"":""alexandria"",""evidence_source_id"":""agm006231048"",""link"":""https://alexandria.icams.rub.de"",""native_field"":""band_gap_ind"",""origin"":""alexandria_public_website"",""raw_unit"":""eV"",""raw_value"":0.5806,""retrieved_at"":""2026-08-09T20:11:23.210176+00:00""}","[""functional_not_provided_by_public_website""]",sha256:1ce00489511c4e4c52a7b63406ad19a62e92afac64b4ad8d9f503b2210c2eb81
bi2se3-topology,alexandria,agm006231048,Bi2Se3,energy_above_hull_eV,energy_above_convex_hull_per_atom,0.14391556,eV/atom,"{""code"":null,""corrections"":null,""dimensionality"":null,""functional"":null,""geometry_state"":null,""hubbard_u_eV"":null,""hull_construction"":null,""magnetic_configuration"":null,""method_family"":null,""pressure_GPa"":null,""reference_state"":null,""spin"":null,""strain_state"":null,""temperature_K"":null,""thermodynamic_ensemble"":null,""workflow"":null}","{""citation"":null,""endpoint"":""https://alexandria.icams.rub.de"",""evidence_source"":""alexandria"",""evidence_source_id"":""agm006231048"",""link"":""https://alexandria.icams.rub.de"",""native_field"":""e_above_hull"",""origin"":""alexandria_public_website"",""raw_unit"":""eV/atom"",""raw_value"":0.14391556,""retrieved_at"":""2026-08-09T20:11:23.210176+00:00""}","[""functional_not_provided_by_public_website""]",sha256:1ce00489511c4e4c52a7b63406ad19a62e92afac64b4ad8d9f503b2210c2eb81
bi2se3-topology,oqmd,11296,Bi2Se3,band_gap_eV,electronic_band_gap,1.055,eV,"{""code"":null,""dimensionality"":null,""functional"":null,""gap_character"":null,""gap_observable_level"":null,""geometry_state"":null,""hubbard_u_eV"":null,""magnetic_configuration"":null,""method_family"":null,""modality"":null,""pressure_GPa"":null,""relativity_method"":null,""soc"":null,""spin"":null,""strain_state"":null,""temperature_K"":null,""workflow"":null}","{""citation"":null,""native_field"":""band_gap"",""origin"":""oqmd_formationenergy_search"",""raw_unit"":""eV"",""raw_value"":1.055,""retrieved_at"":""2026-08-09T20:11:34.336783+00:00""}","[""scientific_context_not_reported_by_oqmd_endpoint""]",sha256:202f39cb9ffac2ee1b9114514bcc203fc07a95783beab17f5e81630c891bd6f7
bi2se3-topology,oqmd,11296,Bi2Se3,energy_above_hull_eV,energy_above_convex_hull_per_atom,0.028881047499999757,eV/atom,"{""code"":null,""corrections"":null,""dimensionality"":null,""functional"":null,""geometry_state"":null,""hubbard_u_eV"":null,""hull_construction"":null,""magnetic_configuration"":null,""method_family"":null,""pressure_GPa"":null,""reference_state"":null,""spin"":null,""strain_state"":null,""temperature_K"":null,""thermodynamic_ensemble"":null,""workflow"":null}","{""citation"":null,""native_field"":""stability"",""origin"":""oqmd_formationenergy_search"",""raw_unit"":""eV/atom"",""raw_value"":0.028881047499999757,""retrieved_at"":""2026-08-09T20:11:34.336783+00:00""}","[""scientific_context_not_reported_by_oqmd_endpoint""]",sha256:202f39cb9ffac2ee1b9114514bcc203fc07a95783beab17f5e81630c891bd6f7
bi2se3-topology,oqmd,11296,Bi2Se3,formation_energy_per_atom_eV,formation_energy_per_atom,-0.3672377585,eV/atom,"{""code"":null,""corrections"":null,""dimensionality"":null,""functional"":null,""geometry_state"":null,""hubbard_u_eV"":null,""magnetic_configuration"":null,""method_family"":null,""pressure_GPa"":null,""reference_state"":null,""spin"":null,""strain_state"":null,""temperature_K"":null,""workflow"":null}","{""citation"":null,""native_field"":""delta_e"",""origin"":""oqmd_formationenergy_search"",""raw_unit"":""eV/atom"",""raw_value"":-0.3672377585,""retrieved_at"":""2026-08-09T20:11:34.336783+00:00""}","[""scientific_context_not_reported_by_oqmd_endpoint""]",sha256:202f39cb9ffac2ee1b9114514bcc203fc07a95783beab17f5e81630c891bd6f7
bi2se3-topology,aflow,aflowlib.duke.edu:AFLOWDATA/LIB2_WEB/Bi_dSe/ICSD_20385.AB,Bi2Se3,formation_enthalpy_per_atom_eV,formation_enthalpy_per_atom,-0.390955,eV/atom,"{""code"":null,""corrections"":null,""dimensionality"":null,""functional"":null,""geometry_state"":null,""hubbard_u_eV"":{""source_type"":0,""species"":[""Bi"",""Se""]},""magnetic_configuration"":null,""method_family"":""DFT"",""pressure_GPa"":null,""reference_state"":null,""spin"":null,""strain_state"":null,""temperature_K"":null,""workflow"":""AFLOW automated calculation""}","{""citation"":null,""endpoint"":""https://aflow.org/API/aflux"",""evidence_source"":""aflow"",""evidence_source_id"":""aflowlib.duke.edu:AFLOWDATA/LIB2_WEB/Bi_dSe/ICSD_20385.AB"",""link"":""https://aflowlib.duke.edu/AFLOWDATA/LIB2_WEB/Bi_dSe/ICSD_20385.AB"",""native_field"":""enthalpy_formation_atom"",""native_semantic"":""formation_enthalpy_per_atom"",""origin"":""aflow_aflux"",""raw_unit"":""eV/atom"",""raw_value"":-0.390955,""retrieved_at"":""2026-08-09T20:11:27.260388+00:00"",""source_native_method_context"":{""dft_type"":[""PAW_PBE""],""ldau_type"":0}}","[""native_quantity_is_formation_enthalpy_per_atom"",""reference_state_and_corrections_not_reported_by_aflux_record"",""code_functional_and_soc_are_not_canonicalized_from_the_aflux_record""]",sha256:27d286617de3b0eee05fd480aa3c2e6711a6c2c7f5fd1fc42dc77a7a42f6e7c1
bi2se3-topology,oqmd,2168843,Bi2Se3,band_gap_eV,electronic_band_gap,0.9670000000000005,eV,"{""code"":null,""dimensionality"":null,""functional"":null,""gap_character"":null,""gap_observable_level"":null,""geometry_state"":null,""hubbard_u_eV"":null,""magnetic_configuration"":null,""method_family"":null,""modality"":null,""pressure_GPa"":null,""relativity_method"":null,""soc"":null,""spin"":null,""strain_state"":null,""temperature_K"":null,""workflow"":null}","{""citation"":null,""native_field"":""band_gap"",""origin"":""oqmd_formationenergy_search"",""raw_unit"":""eV"",""raw_value"":0.9670000000000005,""retrieved_at"":""2026-08-09T20:11:34.337914+00:00""}","[""scientific_context_not_reported_by_oqmd_endpoint""]",sha256:27e162469e50392351538bb54d2695877744ce0e2f12662effa762d0b146961f
bi2se3-topology,oqmd,2168843,Bi2Se3,energy_above_hull_eV,energy_above_convex_hull_per_atom,0.05845207600000035,eV/atom,"{""code"":null,""corrections"":null,""dimensionality"":null,""functional"":null,""geometry_state"":null,""hubbard_u_eV"":null,""hull_construction"":null,""magnetic_configuration"":null,""method_family"":null,""pressure_GPa"":null,""reference_state"":null,""spin"":null,""strain_state"":null,""temperature_K"":null,""thermodynamic_ensemble"":null,""workflow"":null}","{""citation"":null,""native_field"":""stability"",""origin"":""oqmd_formationenergy_search"",""raw_unit"":""eV/atom"",""raw_value"":0.05845207600000035,""retrieved_at"":""2026-08-09T20:11:34.337914+00:00""}","[""scientific_context_not_reported_by_oqmd_endpoint""]",sha256:27e162469e50392351538bb54d2695877744ce0e2f12662effa762d0b146961f
bi2se3-topology,oqmd,2168843,Bi2Se3,formation_energy_per_atom_eV,formation_energy_per_atom,-0.3376667299999994,eV/atom,"{""code"":null,""corrections"":null,""dimensionality"":null,""functional"":null,""geometry_state"":null,""hubbard_u_eV"":null,""magnetic_configuration"":null,""method_family"":null,""pressure_GPa"":null,""reference_state"":null,""spin"":null,""strain_state"":null,""temperature_K"":null,""workflow"":null}","{""citation"":null,""native_field"":""delta_e"",""origin"":""oqmd_formationenergy_search"",""raw_unit"":""eV/atom"",""raw_value"":-0.3376667299999994,""retrieved_at"":""2026-08-09T20:11:34.337914+00:00""}","[""scientific_context_not_reported_by_oqmd_endpoint""]",sha256:27e162469e50392351538bb54d2695877744ce0e2f12662effa762d0b146961f
bi2se3-topology,materials_project,aaaeahao,Bi2Se3,band_gap_eV,electronic_band_gap,0.0,eV,"{""code"":null,""dimensionality"":null,""functional"":null,""gap_character"":null,""gap_observable_level"":null,""geometry_state"":null,""hubbard_u_eV"":null,""magnetic_configuration"":null,""method_family"":null,""modality"":null,""pressure_GPa"":null,""relativity_method"":null,""soc"":null,""spin"":null,""strain_state"":null,""temperature_K"":null,""workflow"":null}","{""citation"":null,""endpoint"":""/materials/summary/"",""evidence_source"":""materials_project"",""evidence_source_id"":""aaaeahao"",""native_field"":""band_gap"",""origin"":""materials_project_summary"",""raw_unit"":""eV"",""raw_value"":0.0,""retrieved_at"":""2026-08-09T20:11:32.593067+00:00"",""summary_property_origin"":{""last_updated"":""2021-02-05T14:15:52.032000Z"",""name"":""electronic_structure"",""task_id"":""aaaeahao""},""summary_property_origin_candidates"":[{""last_updated"":""2021-02-05T14:15:52.032000Z"",""name"":""electronic_structure"",""task_id"":""aaaeahao""}],""summary_property_origin_family"":""electronic_structure""}","[""scientific_context_not_reported_by_summary_endpoint""]",sha256:28236eb4a108ed06e24d093c3e411d95cc50ee6543a603dd3399fd5f6a4eabb5
bi2se3-topology,materials_project,mp-1182583,Bi2Se3,energy_above_hull_eV,energy_above_convex_hull_per_atom,0.6882820620000025,eV/atom,"{""code"":null,""corrections"":null,""dimensionality"":null,""functional"":null,""geometry_state"":null,""hubbard_u_eV"":null,""hull_construction"":null,""magnetic_configuration"":null,""method_family"":null,""pressure_GPa"":null,""reference_state"":null,""spin"":null,""strain_state"":null,""temperature_K"":null,""thermodynamic_ensemble"":null,""workflow"":null}","{""citation"":null,""endpoint"":""/materials/summary/"",""evidence_source"":null,""evidence_source_id"":null,""native_field"":""energy_above_hull"",""origin"":""materials_project_summary"",""raw_unit"":""eV/atom"",""raw_value"":0.6882820620000025,""retrieved_at"":""2026-08-09T20:11:32.593067+00:00"",""summary_property_origin"":null,""summary_property_origin_candidates"":[],""summary_property_origin_family"":""thermo""}","[""scientific_context_not_reported_by_summary_endpoint"",""summary_property_not_bound_to_calculation_task""]",sha256:28236eb4a108ed06e24d093c3e411d95cc50ee6543a603dd3399fd5f6a4eabb5
bi2se3-topology,materials_project,mp-1182583,Bi2Se3,formation_energy_per_atom_eV,formation_energy_per_atom,0.2542051265624991,eV/atom,"{""code"":null,""corrections"":null,""dimensionality"":null,""functional"":null,""geometry_state"":null,""hubbard_u_eV"":null,""magnetic_configuration"":null,""method_family"":null,""pressure_GPa"":null,""reference_state"":null,""spin"":null,""strain_state"":null,""temperature_K"":null,""workflow"":null}","{""citation"":null,""endpoint"":""/materials/summary/"",""evidence_source"":null,""evidence_source_id"":null,""native_field"":""formation_energy_per_atom"",""origin"":""materials_project_summary"",""raw_unit"":""eV/atom"",""raw_value"":0.2542051265624991,""retrieved_at"":""2026-08-09T20:11:32.593067+00:00"",""summary_property_origin"":null,""summary_property_origin_candidates"":[],""summary_property_origin_family"":""thermo""}","[""scientific_context_not_reported_by_summary_endpoint"",""summary_property_not_bound_to_calculation_task""]",sha256:28236eb4a108ed06e24d093c3e411d95cc50ee6543a603dd3399fd5f6a4eabb5
bi2se3-topology,materials_project,mp-1182583,Bi2Se3,is_stable,thermodynamic_stability_label,false,,"{""code"":null,""dimensionality"":null,""functional"":null,""geometry_state"":null,""hull_construction"":null,""magnetic_configuration"":null,""method_family"":null,""pressure_GPa"":null,""reference_state"":null,""spin"":null,""stability_definition"":""Materials Project SummaryDoc: true means the source-selected thermodynamic entry is a stable entry on the source phase-diagram convex hull"",""strain_state"":null,""temperature_K"":null,""thermodynamic_ensemble"":null,""workflow"":null}","{""citation"":null,""endpoint"":""/materials/summary/"",""evidence_source"":null,""evidence_source_id"":null,""native_field"":""is_stable"",""native_semantic"":""materials_project_summary_source_native_stability_label"",""origin"":""materials_project_summary"",""raw_unit"":null,""raw_value"":false,""retrieved_at"":""2026-08-09T20:11:32.593067+00:00"",""summary_property_origin"":null,""summary_property_origin_candidates"":[],""summary_property_origin_family"":""thermo""}","[""scientific_context_not_reported_by_summary_endpoint"",""summary_property_not_bound_to_calculation_task"",""source_definition_not_recomputed_by_matrouter"",""summary_stability_not_bound_to_exact_thermo_type_entry_set_or_energy_frame""]",sha256:28236eb4a108ed06e24d093c3e411d95cc50ee6543a603dd3399fd5f6a4eabb5
bi2se3-topology,materials_project,aaafsjbr,Bi2Se3,band_gap_eV,electronic_band_gap,0.9577999999999998,eV,"{""code"":null,""dimensionality"":null,""functional"":null,""gap_character"":null,""gap_observable_level"":null,""geometry_state"":null,""hubbard_u_eV"":null,""magnetic_configuration"":null,""method_family"":null,""modality"":null,""pressure_GPa"":null,""relativity_method"":null,""soc"":null,""spin"":null,""strain_state"":null,""temperature_K"":null,""workflow"":null}","{""citation"":null,""endpoint"":""/materials/summary/"",""evidence_source"":""materials_project"",""evidence_source_id"":""aaafsjbr"",""native_field"":""band_gap"",""origin"":""materials_project_summary"",""raw_unit"":""eV"",""raw_value"":0.9577999999999998,""retrieved_at"":""2026-08-09T20:11:32.594204+00:00"",""summary_property_origin"":{""last_updated"":""2022-06-21T20:21:05.180000Z"",""name"":""electronic_structure"",""task_id"":""aaafsjbr""},""summary_property_origin_candidates"":[{""last_updated"":""2022-06-21T20:21:05.180000Z"",""name"":""electronic_structure"",""task_id"":""aaafsjbr""}],""summary_property_origin_family"":""electronic_structure""}","[""scientific_context_not_reported_by_summary_endpoint""]",sha256:294a0e5939d4a192cc62ed1b85fdf2d7575874400af308af66e05e13f586acb3
bi2se3-topology,materials_project,mp-23164,Bi2Se3,energy_above_hull_eV,energy_above_convex_hull_per_atom,0.01470964100000316,eV/atom,"{""code"":null,""corrections"":null,""dimensionality"":null,""functional"":null,""geometry_state"":null,""hubbard_u_eV"":null,""hull_construction"":null,""magnetic_configuration"":null,""method_family"":null,""pressure_GPa"":null,""reference_state"":null,""spin"":null,""strain_state"":null,""temperature_K"":null,""thermodynamic_ensemble"":null,""workflow"":null}","{""citation"":null,""endpoint"":""/materials/summary/"",""evidence_source"":null,""evidence_source_id"":null,""native_field"":""energy_above_hull"",""origin"":""materials_project_summary"",""raw_unit"":""eV/atom"",""raw_value"":0.01470964100000316,""retrieved_at"":""2026-08-09T20:11:32.594204+00:00"",""summary_property_origin"":null,""summary_property_origin_candidates"":[],""summary_property_origin_family"":""thermo""}","[""scientific_context_not_reported_by_summary_endpoint"",""summary_property_not_bound_to_calculation_task""]",sha256:294a0e5939d4a192cc62ed1b85fdf2d7575874400af308af66e05e13f586acb3
bi2se3-topology,materials_project,mp-23164,Bi2Se3,formation_energy_per_atom_eV,formation_energy_per_atom,-0.419367294437501,eV/atom,"{""code"":null,""corrections"":null,""dimensionality"":null,""functional"":null,""geometry_state"":null,""hubbard_u_eV"":null,""magnetic_configuration"":null,""method_family"":null,""pressure_GPa"":null,""reference_state"":null,""spin"":null,""strain_state"":null,""temperature_K"":null,""workflow"":null}","{""citation"":null,""endpoint"":""/materials/summary/"",""evidence_source"":null,""evidence_source_id"":null,""native_field"":""formation_energy_per_atom"",""origin"":""materials_project_summary"",""raw_unit"":""eV/atom"",""raw_value"":-0.419367294437501,""retrieved_at"":""2026-08-09T20:11:32.594204+00:00"",""summary_property_origin"":null,""summary_property_origin_candidates"":[],""summary_property_origin_family"":""thermo""}","[""scientific_context_not_reported_by_summary_endpoint"",""summary_property_not_bound_to_calculation_task""]",sha256:294a0e5939d4a192cc62ed1b85fdf2d7575874400af308af66e05e13f586acb3
bi2se3-topology,materials_project,mp-23164,Bi2Se3,is_stable,thermodynamic_stability_label,false,,"{""code"":null,""dimensionality"":null,""functional"":null,""geometry_state"":null,""hull_construction"":null,""magnetic_configuration"":null,""method_family"":null,""pressure_GPa"":null,""reference_state"":null,""spin"":null,""stability_definition"":""Materials Project SummaryDoc: true means the source-selected thermodynamic entry is a stable entry on the source phase-diagram convex hull"",""strain_state"":null,""temperature_K"":null,""thermodynamic_ensemble"":null,""workflow"":null}","{""citation"":null,""endpoint"":""/materials/summary/"",""evidence_source"":null,""evidence_source_id"":null,""native_field"":""is_stable"",""native_semantic"":""materials_project_summary_source_native_stability_label"",""origin"":""materials_project_summary"",""raw_unit"":null,""raw_value"":false,""retrieved_at"":""2026-08-09T20:11:32.594204+00:00"",""summary_property_origin"":null,""summary_property_origin_candidates"":[],""summary_property_origin_family"":""thermo""}","[""scientific_context_not_reported_by_summary_endpoint"",""summary_property_not_bound_to_calculation_task"",""source_definition_not_recomputed_by_matrouter"",""summary_stability_not_bound_to_exact_thermo_type_entry_set_or_energy_frame""]",sha256:294a0e5939d4a192cc62ed1b85fdf2d7575874400af308af66e05e13f586acb3
bi2se3-topology,aflow,aflowlib.duke.edu:AFLOWDATA/ICSD_WEB/ORC/Bi2Se3_ICSD_171571,Bi8Se12,band_gap_eV,electronic_band_gap,0.9903,eV,"{""code"":null,""dimensionality"":null,""functional"":null,""gap_character"":null,""gap_observable_level"":null,""geometry_state"":null,""hubbard_u_eV"":{""source_type"":0,""species"":[""Bi"",""Se""]},""magnetic_configuration"":null,""method_family"":""DFT"",""modality"":null,""pressure_GPa"":null,""relativity_method"":null,""soc"":null,""spin"":null,""strain_state"":null,""temperature_K"":null,""workflow"":""AFLOW automated calculation""}","{""citation"":null,""endpoint"":""https://aflow.org/API/aflux"",""evidence_source"":""aflow"",""evidence_source_id"":""aflowlib.duke.edu:AFLOWDATA/ICSD_WEB/ORC/Bi2Se3_ICSD_171571"",""link"":""https://aflowlib.duke.edu/AFLOWDATA/ICSD_WEB/ORC/Bi2Se3_ICSD_171571"",""native_field"":""Egap"",""native_semantic"":""electronic_band_gap"",""origin"":""aflow_aflux"",""raw_unit"":""eV"",""raw_value"":0.9903,""retrieved_at"":""2026-08-09T20:11:25.067643+00:00"",""source_native_method_context"":{""dft_type"":[""PAW_PBE""],""ldau_type"":0}}","[""code_functional_and_soc_are_not_canonicalized_from_the_aflux_record""]",sha256:2fe5b1ee2b4ffc96eab749c6fabcc2655690b2b3f9f4ca2093a63eb49902ebff
bi2se3-topology,aflow,aflowlib.duke.edu:AFLOWDATA/ICSD_WEB/ORC/Bi2Se3_ICSD_171571,Bi8Se12,formation_enthalpy_per_atom_eV,formation_enthalpy_per_atom,-0.368139,eV/atom,"{""code"":null,""corrections"":null,""dimensionality"":null,""functional"":null,""geometry_state"":null,""hubbard_u_eV"":{""source_type"":0,""species"":[""Bi"",""Se""]},""magnetic_configuration"":null,""method_family"":""DFT"",""pressure_GPa"":null,""reference_state"":null,""spin"":null,""strain_state"":null,""temperature_K"":null,""workflow"":""AFLOW automated calculation""}","{""citation"":null,""endpoint"":""https://aflow.org/API/aflux"",""evidence_source"":""aflow"",""evidence_source_id"":""aflowlib.duke.edu:AFLOWDATA/ICSD_WEB/ORC/Bi2Se3_ICSD_171571"",""link"":""https://aflowlib.duke.edu/AFLOWDATA/ICSD_WEB/ORC/Bi2Se3_ICSD_171571"",""native_field"":""enthalpy_formation_atom"",""native_semantic"":""formation_enthalpy_per_atom"",""origin"":""aflow_aflux"",""raw_unit"":""eV/atom"",""raw_value"":-0.368139,""retrieved_at"":""2026-08-09T20:11:25.067643+00:00"",""source_native_method_context"":{""dft_type"":[""PAW_PBE""],""ldau_type"":0}}","[""native_quantity_is_formation_enthalpy_per_atom"",""reference_state_and_corrections_not_reported_by_aflux_record"",""code_functional_and_soc_are_not_canonicalized_from_the_aflux_record""]",sha256:2fe5b1ee2b4ffc96eab749c6fabcc2655690b2b3f9f4ca2093a63eb49902ebff
bi2se3-topology,aflow,aflowlib.duke.edu:AFLOWDATA/LIB2_WEB/Bi_dSe/366,Bi4Se6,formation_enthalpy_per_atom_eV,formation_enthalpy_per_atom,-0.304256,eV/atom,"{""code"":null,""corrections"":null,""dimensionality"":null,""functional"":null,""geometry_state"":null,""hubbard_u_eV"":{""source_type"":0,""species"":[""Bi"",""Se""]},""magnetic_configuration"":null,""method_family"":""DFT"",""pressure_GPa"":null,""reference_state"":null,""spin"":null,""strain_state"":null,""temperature_K"":null,""workflow"":""AFLOW automated calculation""}","{""citation"":null,""endpoint"":""https://aflow.org/API/aflux"",""evidence_source"":""aflow"",""evidence_source_id"":""aflowlib.duke.edu:AFLOWDATA/LIB2_WEB/Bi_dSe/366"",""link"":""https://aflowlib.duke.edu/AFLOWDATA/LIB2_WEB/Bi_dSe/366"",""native_field"":""enthalpy_formation_atom"",""native_semantic"":""formation_enthalpy_per_atom"",""origin"":""aflow_aflux"",""raw_unit"":""eV/atom"",""raw_value"":-0.304256,""retrieved_at"":""2026-08-09T20:11:29.217262+00:00"",""source_native_method_context"":{""dft_type"":[""PAW_PBE""],""ldau_type"":0}}","[""native_quantity_is_formation_enthalpy_per_atom"",""reference_state_and_corrections_not_reported_by_aflux_record"",""code_functional_and_soc_are_not_canonicalized_from_the_aflux_record""]",sha256:319691f90f3c6f60fa334e2ba845e0ea0d7a4ce479a0b5397d6208026033e9b7
bi2se3-topology,alexandria,agm003144817,Bi2Se3,band_gap_eV,electronic_band_gap,0.3746,eV,"{""code"":null,""dimensionality"":null,""functional"":null,""gap_character"":null,""gap_observable_level"":null,""geometry_state"":null,""hubbard_u_eV"":null,""magnetic_configuration"":null,""method_family"":null,""modality"":null,""pressure_GPa"":null,""relativity_method"":null,""soc"":null,""spin"":null,""strain_state"":null,""temperature_K"":null,""workflow"":null}","{""citation"":null,""endpoint"":""https://alexandria.icams.rub.de"",""evidence_source"":""alexandria"",""evidence_source_id"":""agm003144817"",""link"":""https://alexandria.icams.rub.de"",""native_field"":""band_gap_ind"",""origin"":""alexandria_public_website"",""raw_unit"":""eV"",""raw_value"":0.3746,""retrieved_at"":""2026-08-09T20:11:23.210214+00:00""}","[""functional_not_provided_by_public_website""]",sha256:34e54b244fc6640a6b32b74f4fabd7a887f0b283fb9ec9ed6b59b3e994051e48
bi2se3-topology,alexandria,agm003144817,Bi2Se3,energy_above_hull_eV,energy_above_convex_hull_per_atom,0.16026425,eV/atom,"{""code"":null,""corrections"":null,""dimensionality"":null,""functional"":null,""geometry_state"":null,""hubbard_u_eV"":null,""hull_construction"":null,""magnetic_configuration"":null,""method_family"":null,""pressure_GPa"":null,""reference_state"":null,""spin"":null,""strain_state"":null,""temperature_K"":null,""thermodynamic_ensemble"":null,""workflow"":null}","{""citation"":null,""endpoint"":""https://alexandria.icams.rub.de"",""evidence_source"":""alexandria"",""evidence_source_id"":""agm003144817"",""link"":""https://alexandria.icams.rub.de"",""native_field"":""e_above_hull"",""origin"":""alexandria_public_website"",""raw_unit"":""eV/atom"",""raw_value"":0.16026425,""retrieved_at"":""2026-08-09T20:11:23.210214+00:00""}","[""functional_not_provided_by_public_website""]",sha256:34e54b244fc6640a6b32b74f4fabd7a887f0b283fb9ec9ed6b59b3e994051e48
bi2se3-topology,alexandria,agm003144816,Bi2Se3,band_gap_eV,electronic_band_gap,0.0,eV,"{""code"":null,""dimensionality"":null,""functional"":null,""gap_character"":null,""gap_observable_level"":null,""geometry_state"":null,""hubbard_u_eV"":null,""magnetic_configuration"":null,""method_family"":null,""modality"":null,""pressure_GPa"":null,""relativity_method"":null,""soc"":null,""spin"":null,""strain_state"":null,""temperature_K"":null,""workflow"":null}","{""citation"":null,""endpoint"":""https://alexandria.icams.rub.de"",""evidence_source"":""alexandria"",""evidence_source_id"":""agm003144816"",""link"":""https://alexandria.icams.rub.de"",""native_field"":""band_gap_ind"",""origin"":""alexandria_public_website"",""raw_unit"":""eV"",""raw_value"":0.0,""retrieved_at"":""2026-08-09T20:11:23.210321+00:00""}","[""functional_not_provided_by_public_website""]",sha256:39704ddfea9c26cc7d832db3de5831994c487a21e135d72bfe9a5940e2c69a9b
bi2se3-topology,alexandria,agm003144816,Bi2Se3,energy_above_hull_eV,energy_above_convex_hull_per_atom,0.27646914,eV/atom,"{""code"":null,""corrections"":null,""dimensionality"":null,""functional"":null,""geometry_state"":null,""hubbard_u_eV"":null,""hull_construction"":null,""magnetic_configuration"":null,""method_family"":null,""pressure_GPa"":null,""reference_state"":null,""spin"":null,""strain_state"":null,""temperature_K"":null,""thermodynamic_ensemble"":null,""workflow"":null}","{""citation"":null,""endpoint"":""https://alexandria.icams.rub.de"",""evidence_source"":""alexandria"",""evidence_source_id"":""agm003144816"",""link"":""https://alexandria.icams.rub.de"",""native_field"":""e_above_hull"",""origin"":""alexandria_public_website"",""raw_unit"":""eV/atom"",""raw_value"":0.27646914,""retrieved_at"":""2026-08-09T20:11:23.210321+00:00""}","[""functional_not_provided_by_public_website""]",sha256:39704ddfea9c26cc7d832db3de5831994c487a21e135d72bfe9a5940e2c69a9b
bi2se3-topology,alexandria,agm003144811,Bi2Se3,band_gap_eV,electronic_band_gap,0.0,eV,"{""code"":null,""dimensionality"":null,""functional"":null,""gap_character"":null,""gap_observable_level"":null,""geometry_state"":null,""hubbard_u_eV"":null,""magnetic_configuration"":null,""method_family"":null,""modality"":null,""pressure_GPa"":null,""relativity_method"":null,""soc"":null,""spin"":null,""strain_state"":null,""temperature_K"":null,""workflow"":null}","{""citation"":null,""endpoint"":""https://alexandria.icams.rub.de"",""evidence_source"":""alexandria"",""evidence_source_id"":""agm003144811"",""link"":""https://alexandria.icams.rub.de"",""native_field"":""band_gap_ind"",""origin"":""alexandria_public_website"",""raw_unit"":""eV"",""raw_value"":0.0,""retrieved_at"":""2026-08-09T20:11:23.210405+00:00""}","[""functional_not_provided_by_public_website""]",sha256:4037c74a63447078bbbdebd418034833288fcc358e3c5ee86dd9dbda55a86fb3
bi2se3-topology,alexandria,agm003144811,Bi2Se3,energy_above_hull_eV,energy_above_convex_hull_per_atom,0.2774101,eV/atom,"{""code"":null,""corrections"":null,""dimensionality"":null,""functional"":null,""geometry_state"":null,""hubbard_u_eV"":null,""hull_construction"":null,""magnetic_configuration"":null,""method_family"":null,""pressure_GPa"":null,""reference_state"":null,""spin"":null,""strain_state"":null,""temperature_K"":null,""thermodynamic_ensemble"":null,""workflow"":null}","{""citation"":null,""endpoint"":""https://alexandria.icams.rub.de"",""evidence_source"":""alexandria"",""evidence_source_id"":""agm003144811"",""link"":""https://alexandria.icams.rub.de"",""native_field"":""e_above_hull"",""origin"":""alexandria_public_website"",""raw_unit"":""eV/atom"",""raw_value"":0.2774101,""retrieved_at"":""2026-08-09T20:11:23.210405+00:00""}","[""functional_not_provided_by_public_website""]",sha256:4037c74a63447078bbbdebd418034833288fcc358e3c5ee86dd9dbda55a86fb3
bi2se3-topology,aflow,aflowlib.duke.edu:AFLOWDATA/ICSD_WEB/RHL/Bi2Se3_ICSD_617072,Bi2Se3,band_gap_eV,electronic_band_gap,0.3929,eV,"{""code"":null,""dimensionality"":null,""functional"":null,""gap_character"":null,""gap_observable_level"":null,""geometry_state"":null,""hubbard_u_eV"":{""source_type"":0,""species"":[""Bi"",""Se""]},""magnetic_configuration"":null,""method_family"":""DFT"",""modality"":null,""pressure_GPa"":null,""relativity_method"":null,""soc"":null,""spin"":null,""strain_state"":null,""temperature_K"":null,""workflow"":""AFLOW automated calculation""}","{""citation"":null,""endpoint"":""https://aflow.org/API/aflux"",""evidence_source"":""aflow"",""evidence_source_id"":""aflowlib.duke.edu:AFLOWDATA/ICSD_WEB/RHL/Bi2Se3_ICSD_617072"",""link"":""https://aflowlib.duke.edu/AFLOWDATA/ICSD_WEB/RHL/Bi2Se3_ICSD_617072"",""native_field"":""Egap"",""native_semantic"":""electronic_band_gap"",""origin"":""aflow_aflux"",""raw_unit"":""eV"",""raw_value"":0.3929,""retrieved_at"":""2026-08-09T20:11:25.067491+00:00"",""source_native_method_context"":{""dft_type"":[""PAW_PBE""],""ldau_type"":0}}","[""code_functional_and_soc_are_not_canonicalized_from_the_aflux_record""]",sha256:4359ae0811b24486901e58b8735bcfcb41ce39a7e5c98ccfba901b6bcfff3402
bi2se3-topology,aflow,aflowlib.duke.edu:AFLOWDATA/ICSD_WEB/RHL/Bi2Se3_ICSD_617072,Bi2Se3,formation_enthalpy_per_atom_eV,formation_enthalpy_per_atom,-0.392193,eV/atom,"{""code"":null,""corrections"":null,""dimensionality"":null,""functional"":null,""geometry_state"":null,""hubbard_u_eV"":{""source_type"":0,""species"":[""Bi"",""Se""]},""magnetic_configuration"":null,""method_family"":""DFT"",""pressure_GPa"":null,""reference_state"":null,""spin"":null,""strain_state"":null,""temperature_K"":null,""workflow"":""AFLOW automated calculation""}","{""citation"":null,""endpoint"":""https://aflow.org/API/aflux"",""evidence_source"":""aflow"",""evidence_source_id"":""aflowlib.duke.edu:AFLOWDATA/ICSD_WEB/RHL/Bi2Se3_ICSD_617072"",""link"":""https://aflowlib.duke.edu/AFLOWDATA/ICSD_WEB/RHL/Bi2Se3_ICSD_617072"",""native_field"":""enthalpy_formation_atom"",""native_semantic"":""formation_enthalpy_per_atom"",""origin"":""aflow_aflux"",""raw_unit"":""eV/atom"",""raw_value"":-0.392193,""retrieved_at"":""2026-08-09T20:11:25.067491+00:00"",""source_native_method_context"":{""dft_type"":[""PAW_PBE""],""ldau_type"":0}}","[""native_quantity_is_formation_enthalpy_per_atom"",""reference_state_and_corrections_not_reported_by_aflux_record"",""code_functional_and_soc_are_not_canonicalized_from_the_aflux_record""]",sha256:4359ae0811b24486901e58b8735bcfcb41ce39a7e5c98ccfba901b6bcfff3402
bi2se3-topology,nomad,0lwEM9e_q4_kECwm5ocnij14-syF#band_gap=0,Bi2Se3,band_gap_eV,electronic_band_gap,0.595,eV,"{""code"":""VASP"",""dimensionality"":""3D"",""functional"":[""GGA_C_PBE"",""GGA_X_PBE""],""gap_character"":null,""gap_observable_level"":""nomad_results_summary_normalizer_output"",""geometry_state"":null,""hubbard_u_eV"":null,""magnetic_configuration"":null,""method_family"":""DFT"",""modality"":null,""pressure_GPa"":null,""relativity_method"":null,""soc"":null,""spin"":{""source_channel_index"":0},""strain_state"":null,""temperature_K"":null,""workflow"":null}","{""calculation_binding"":""unresolved"",""citation"":null,""conversion"":{""divisor"":1.602176634e-19,""from_unit"":""J"",""to_unit"":""eV""},""endpoint"":""/entries/query"",""evidence_source"":""nomad"",""evidence_source_id"":""0lwEM9e_q4_kECwm5ocnij14-syF#band_gap=0"",""native_field"":""results.properties.electronic.band_gap[0].value"",""origin"":""nomad_summary_aggregate"",""raw_unit"":""J"",""raw_value"":9.532950972299996e-20,""retrieved_at"":""2026-08-09T20:11:23.549062+00:00"",""selection"":{""status"":""only_source_observation""},""source_native_context"":{""index"":0}}","[""summary_band_gap_not_bound_to_specific_calculation"",""nomad_results_band_gap_is_normalizer_derived_with_source_detection_tolerance"",""summary_method_context_not_bound_to_specific_calculation""]",sha256:43ed9e32019ece7fd7ce177bb354a2c1f4094f6adc41572c7087ff7231b105cc
bi2se3-topology,oqmd,3895,Bi2Se3,band_gap_eV,electronic_band_gap,0.415999999999999,eV,"{""code"":null,""dimensionality"":null,""functional"":null,""gap_character"":null,""gap_observable_level"":null,""geometry_state"":null,""hubbard_u_eV"":null,""magnetic_configuration"":null,""method_family"":null,""modality"":null,""pressure_GPa"":null,""relativity_method"":null,""soc"":null,""spin"":null,""strain_state"":null,""temperature_K"":null,""workflow"":null}","{""citation"":null,""native_field"":""band_gap"",""origin"":""oqmd_formationenergy_search"",""raw_unit"":""eV"",""raw_value"":0.415999999999999,""retrieved_at"":""2026-08-09T20:11:34.334847+00:00""}","[""scientific_context_not_reported_by_oqmd_endpoint""]",sha256:458f3342be061121e963ac86842b694cc201a24fd934ad8184ac7443fe8b15ad
bi2se3-topology,oqmd,3895,Bi2Se3,energy_above_hull_eV,energy_above_convex_hull_per_atom,0.008615104000000762,eV/atom,"{""code"":null,""corrections"":null,""dimensionality"":null,""functional"":null,""geometry_state"":null,""hubbard_u_eV"":null,""hull_construction"":null,""magnetic_configuration"":null,""method_family"":null,""pressure_GPa"":null,""reference_state"":null,""spin"":null,""strain_state"":null,""temperature_K"":null,""thermodynamic_ensemble"":null,""workflow"":null}","{""citation"":null,""native_field"":""stability"",""origin"":""oqmd_formationenergy_search"",""raw_unit"":""eV/atom"",""raw_value"":0.008615104000000762,""retrieved_at"":""2026-08-09T20:11:34.334847+00:00""}","[""scientific_context_not_reported_by_oqmd_endpoint""]",sha256:458f3342be061121e963ac86842b694cc201a24fd934ad8184ac7443fe8b15ad
bi2se3-topology,oqmd,3895,Bi2Se3,formation_energy_per_atom_eV,formation_energy_per_atom,-0.387503701999999,eV/atom,"{""code"":null,""corrections"":null,""dimensionality"":null,""functional"":null,""geometry_state"":null,""hubbard_u_eV"":null,""magnetic_configuration"":null,""method_family"":null,""pressure_GPa"":null,""reference_state"":null,""spin"":null,""strain_state"":null,""temperature_K"":null,""workflow"":null}","{""citation"":null,""native_field"":""delta_e"",""origin"":""oqmd_formationenergy_search"",""raw_unit"":""eV/atom"",""raw_value"":-0.387503701999999,""retrieved_at"":""2026-08-09T20:11:34.334847+00:00""}","[""scientific_context_not_reported_by_oqmd_endpoint""]",sha256:458f3342be061121e963ac86842b694cc201a24fd934ad8184ac7443fe8b15ad
bi2se3-topology,aflow,aflowlib.duke.edu:AFLOWDATA/ICSD_WEB/RHL/Bi2Se3_ICSD_20385,Bi2Se3,band_gap_eV,electronic_band_gap,0.4947,eV,"{""code"":null,""dimensionality"":null,""functional"":null,""gap_character"":null,""gap_observable_level"":null,""geometry_state"":null,""hubbard_u_eV"":{""source_type"":0,""species"":[""Bi"",""Se""]},""magnetic_configuration"":null,""method_family"":""DFT"",""modality"":null,""pressure_GPa"":null,""relativity_method"":null,""soc"":null,""spin"":null,""strain_state"":null,""temperature_K"":null,""workflow"":""AFLOW automated calculation""}","{""citation"":null,""endpoint"":""https://aflow.org/API/aflux"",""evidence_source"":""aflow"",""evidence_source_id"":""aflowlib.duke.edu:AFLOWDATA/ICSD_WEB/RHL/Bi2Se3_ICSD_20385"",""link"":""https://aflowlib.duke.edu/AFLOWDATA/ICSD_WEB/RHL/Bi2Se3_ICSD_20385"",""native_field"":""Egap"",""native_semantic"":""electronic_band_gap"",""origin"":""aflow_aflux"",""raw_unit"":""eV"",""raw_value"":0.4947,""retrieved_at"":""2026-08-09T20:11:27.260430+00:00"",""source_native_method_context"":{""dft_type"":[""PAW_PBE""],""ldau_type"":0}}","[""code_functional_and_soc_are_not_canonicalized_from_the_aflux_record""]",sha256:492f58d51accb18de0dc0b16b96f2dc045abaea4a22157cbf606bc0b1f38516c
bi2se3-topology,aflow,aflowlib.duke.edu:AFLOWDATA/ICSD_WEB/RHL/Bi2Se3_ICSD_20385,Bi2Se3,formation_enthalpy_per_atom_eV,formation_enthalpy_per_atom,-0.394167,eV/atom,"{""code"":null,""corrections"":null,""dimensionality"":null,""functional"":null,""geometry_state"":null,""hubbard_u_eV"":{""source_type"":0,""species"":[""Bi"",""Se""]},""magnetic_configuration"":null,""method_family"":""DFT"",""pressure_GPa"":null,""reference_state"":null,""spin"":null,""strain_state"":null,""temperature_K"":null,""workflow"":""AFLOW automated calculation""}","{""citation"":null,""endpoint"":""https://aflow.org/API/aflux"",""evidence_source"":""aflow"",""evidence_source_id"":""aflowlib.duke.edu:AFLOWDATA/ICSD_WEB/RHL/Bi2Se3_ICSD_20385"",""link"":""https://aflowlib.duke.edu/AFLOWDATA/ICSD_WEB/RHL/Bi2Se3_ICSD_20385"",""native_field"":""enthalpy_formation_atom"",""native_semantic"":""formation_enthalpy_per_atom"",""origin"":""aflow_aflux"",""raw_unit"":""eV/atom"",""raw_value"":-0.394167,""retrieved_at"":""2026-08-09T20:11:27.260430+00:00"",""source_native_method_context"":{""dft_type"":[""PAW_PBE""],""ldau_type"":0}}","[""native_quantity_is_formation_enthalpy_per_atom"",""reference_state_and_corrections_not_reported_by_aflux_record"",""code_functional_and_soc_are_not_canonicalized_from_the_aflux_record""]",sha256:492f58d51accb18de0dc0b16b96f2dc045abaea4a22157cbf606bc0b1f38516c
bi2se3-topology,nomad,6G37OIU4Tq5Z346dlh1dNkhNXqv3#band_gap=0,Bi2Se3,band_gap_eV,electronic_band_gap,0.0,eV,"{""code"":""VASP"",""dimensionality"":""3D"",""functional"":[""GGA_C_PBE_SOL"",""GGA_X_PBE_SOL""],""gap_character"":null,""gap_observable_level"":""nomad_results_summary_normalizer_output"",""geometry_state"":null,""hubbard_u_eV"":null,""magnetic_configuration"":null,""method_family"":""DFT"",""modality"":null,""pressure_GPa"":null,""relativity_method"":null,""soc"":null,""spin"":{""source_channel_index"":0},""strain_state"":null,""temperature_K"":null,""workflow"":null}","{""calculation_binding"":""unresolved"",""citation"":null,""conversion"":{""divisor"":1.602176634e-19,""from_unit"":""J"",""to_unit"":""eV""},""endpoint"":""/entries/query"",""evidence_source"":""nomad"",""evidence_source_id"":""6G37OIU4Tq5Z346dlh1dNkhNXqv3#band_gap=0"",""native_field"":""results.properties.electronic.band_gap[0].value"",""origin"":""nomad_summary_aggregate"",""raw_unit"":""J"",""raw_value"":0.0,""retrieved_at"":""2026-08-09T20:11:23.549628+00:00"",""selection"":{""reason"":""multiple_source_observations"",""status"":""unselected""},""source_native_context"":{""index"":0}}","[""summary_band_gap_not_bound_to_specific_calculation"",""nomad_results_band_gap_is_normalizer_derived_with_source_detection_tolerance"",""summary_method_context_not_bound_to_specific_calculation"",""multiple_summary_band_gaps_preserved_without_primary""]",sha256:52238720441ba9f73cb93a39a27f6943c555636d64b3c3ef63e61678692c0ee5
bi2se3-topology,nomad,6G37OIU4Tq5Z346dlh1dNkhNXqv3#band_gap=1,Bi2Se3,band_gap_eV,electronic_band_gap,0.0,eV,"{""code"":""VASP"",""dimensionality"":""3D"",""functional"":[""GGA_C_PBE_SOL"",""GGA_X_PBE_SOL""],""gap_character"":null,""gap_observable_level"":""nomad_results_summary_normalizer_output"",""geometry_state"":null,""hubbard_u_eV"":null,""magnetic_configuration"":null,""method_family"":""DFT"",""modality"":null,""pressure_GPa"":null,""relativity_method"":null,""soc"":null,""spin"":{""source_channel_index"":1},""strain_state"":null,""temperature_K"":null,""workflow"":null}","{""calculation_binding"":""unresolved"",""citation"":null,""conversion"":{""divisor"":1.602176634e-19,""from_unit"":""J"",""to_unit"":""eV""},""endpoint"":""/entries/query"",""evidence_source"":""nomad"",""evidence_source_id"":""6G37OIU4Tq5Z346dlh1dNkhNXqv3#band_gap=1"",""native_field"":""results.properties.electronic.band_gap[1].value"",""origin"":""nomad_summary_aggregate"",""raw_unit"":""J"",""raw_value"":0.0,""retrieved_at"":""2026-08-09T20:11:23.549628+00:00"",""selection"":{""reason"":""multiple_source_observations"",""status"":""unselected""},""source_native_context"":{""index"":1}}","[""summary_band_gap_not_bound_to_specific_calculation"",""nomad_results_band_gap_is_normalizer_derived_with_source_detection_tolerance"",""summary_method_context_not_bound_to_specific_calculation"",""multiple_summary_band_gaps_preserved_without_primary""]",sha256:52238720441ba9f73cb93a39a27f6943c555636d64b3c3ef63e61678692c0ee5
bi2se3-topology,optimade:optimade-misc.odbx.science,camd-oqmd_28770,Bi2Se3,energy_above_hull_eV,energy_above_convex_hull_per_atom,0.13514014624999987,eV/atom,"{""code"":null,""corrections"":null,""dimensionality"":null,""functional"":null,""geometry_state"":null,""hubbard_u_eV"":null,""hull_construction"":""global convex hull spanned by all other structures in the database"",""magnetic_configuration"":null,""method_family"":null,""pressure_GPa"":null,""reference_state"":null,""spin"":null,""strain_state"":null,""temperature_K"":null,""thermodynamic_ensemble"":null,""workflow"":null}","{""citation"":null,""contract"":""odbx_misc_optimade_extension_v1"",""endpoint"":""https://optimade-misc.odbx.science"",""evidence_source"":""optimade:optimade-misc.odbx.science"",""evidence_source_id"":""camd-oqmd_28770"",""link"":""https://optimade-misc.odbx.science"",""native_description"":""The distance that this structure lies from the global convex hull spanned by all other structures in the database."",""native_field"":""_odbx_hull_distance"",""origin"":""optimade_provider_extension"",""raw_unit"":""eV/atom"",""raw_value"":0.13514014624999987,""retrieved_at"":""2026-08-09T20:11:26.291504+00:00""}","[""provider_extension_not_optimade_core_property"",""calculation_model_not_declared_by_provider_info"",""provider_serves_miscellaneous_datasets""]",sha256:54639d588eee867a0fb12ac37e12fc553e1521b11196098301a23d4c1aaa9768
bi2se3-topology,optimade:optimade-misc.odbx.science,camd-oqmd_28770,Bi2Se3,formation_energy_per_atom_eV,formation_energy_per_atom,-0.252363555749999,eV/atom,"{""code"":null,""corrections"":null,""dimensionality"":null,""functional"":null,""geometry_state"":null,""hubbard_u_eV"":null,""magnetic_configuration"":null,""method_family"":null,""pressure_GPa"":null,""reference_state"":""elemental chemical potentials"",""spin"":null,""strain_state"":null,""temperature_K"":null,""workflow"":null}","{""citation"":null,""contract"":""odbx_misc_optimade_extension_v1"",""endpoint"":""https://optimade-misc.odbx.science"",""evidence_source"":""optimade:optimade-misc.odbx.science"",""evidence_source_id"":""camd-oqmd_28770"",""link"":""https://optimade-misc.odbx.science"",""native_description"":""The formation energy of the structure, computed versus the elemental chemical potentials."",""native_field"":""_odbx_formation_energy"",""origin"":""optimade_provider_extension"",""raw_unit"":""eV/atom"",""raw_value"":-0.252363555749999,""retrieved_at"":""2026-08-09T20:11:26.291504+00:00""}","[""provider_extension_not_optimade_core_property"",""calculation_model_not_declared_by_provider_info"",""provider_serves_miscellaneous_datasets""]",sha256:54639d588eee867a0fb12ac37e12fc553e1521b11196098301a23d4c1aaa9768
bi2se3-topology,aflow,aflowlib.duke.edu:AFLOWDATA/ICSD_WEB/RHL/Bi2Se3_ICSD_165226,Bi2Se3,band_gap_eV,electronic_band_gap,0.3006,eV,"{""code"":null,""dimensionality"":null,""functional"":null,""gap_character"":null,""gap_observable_level"":null,""geometry_state"":null,""hubbard_u_eV"":{""source_type"":0,""species"":[""Bi"",""Se""]},""magnetic_configuration"":null,""method_family"":""DFT"",""modality"":null,""pressure_GPa"":null,""relativity_method"":null,""soc"":null,""spin"":null,""strain_state"":null,""temperature_K"":null,""workflow"":""AFLOW automated calculation""}","{""citation"":null,""endpoint"":""https://aflow.org/API/aflux"",""evidence_source"":""aflow"",""evidence_source_id"":""aflowlib.duke.edu:AFLOWDATA/ICSD_WEB/RHL/Bi2Se3_ICSD_165226"",""link"":""https://aflowlib.duke.edu/AFLOWDATA/ICSD_WEB/RHL/Bi2Se3_ICSD_165226"",""native_field"":""Egap"",""native_semantic"":""electronic_band_gap"",""origin"":""aflow_aflux"",""raw_unit"":""eV"",""raw_value"":0.3006,""retrieved_at"":""2026-08-09T20:11:29.217125+00:00"",""source_native_method_context"":{""dft_type"":[""PAW_PBE""],""ldau_type"":0}}","[""code_functional_and_soc_are_not_canonicalized_from_the_aflux_record""]",sha256:5ae5ff5f733f798a495dd502064a0ca96ea908a5d34f11017c504b7a671d5e6f
bi2se3-topology,aflow,aflowlib.duke.edu:AFLOWDATA/ICSD_WEB/RHL/Bi2Se3_ICSD_165226,Bi2Se3,formation_enthalpy_per_atom_eV,formation_enthalpy_per_atom,-0.389834,eV/atom,"{""code"":null,""corrections"":null,""dimensionality"":null,""functional"":null,""geometry_state"":null,""hubbard_u_eV"":{""source_type"":0,""species"":[""Bi"",""Se""]},""magnetic_configuration"":null,""method_family"":""DFT"",""pressure_GPa"":null,""reference_state"":null,""spin"":null,""strain_state"":null,""temperature_K"":null,""workflow"":""AFLOW automated calculation""}","{""citation"":null,""endpoint"":""https://aflow.org/API/aflux"",""evidence_source"":""aflow"",""evidence_source_id"":""aflowlib.duke.edu:AFLOWDATA/ICSD_WEB/RHL/Bi2Se3_ICSD_165226"",""link"":""https://aflowlib.duke.edu/AFLOWDATA/ICSD_WEB/RHL/Bi2Se3_ICSD_165226"",""native_field"":""enthalpy_formation_atom"",""native_semantic"":""formation_enthalpy_per_atom"",""origin"":""aflow_aflux"",""raw_unit"":""eV/atom"",""raw_value"":-0.389834,""retrieved_at"":""2026-08-09T20:11:29.217125+00:00"",""source_native_method_context"":{""dft_type"":[""PAW_PBE""],""ldau_type"":0}}","[""native_quantity_is_formation_enthalpy_per_atom"",""reference_state_and_corrections_not_reported_by_aflux_record"",""code_functional_and_soc_are_not_canonicalized_from_the_aflux_record""]",sha256:5ae5ff5f733f798a495dd502064a0ca96ea908a5d34f11017c504b7a671d5e6f
bi2se3-topology,alexandria,agm060340542,Bi2Se3,band_gap_eV,electronic_band_gap,0.8638,eV,"{""code"":null,""dimensionality"":null,""functional"":null,""gap_character"":null,""gap_observable_level"":null,""geometry_state"":null,""hubbard_u_eV"":null,""magnetic_configuration"":null,""method_family"":null,""modality"":null,""pressure_GPa"":null,""relativity_method"":null,""soc"":null,""spin"":null,""strain_state"":null,""temperature_K"":null,""workflow"":null}","{""citation"":null,""endpoint"":""https://alexandria.icams.rub.de"",""evidence_source"":""alexandria"",""evidence_source_id"":""agm060340542"",""link"":""https://alexandria.icams.rub.de"",""native_field"":""band_gap_ind"",""origin"":""alexandria_public_website"",""raw_unit"":""eV"",""raw_value"":0.8638,""retrieved_at"":""2026-08-09T20:11:23.209904+00:00""}","[""functional_not_provided_by_public_website""]",sha256:5b0e4c081bdface0f77a636b833921e76caf867373dadd4acdfdf4d68f46bbfe
bi2se3-topology,alexandria,agm060340542,Bi2Se3,energy_above_hull_eV,energy_above_convex_hull_per_atom,0.003445982,eV/atom,"{""code"":null,""corrections"":null,""dimensionality"":null,""functional"":null,""geometry_state"":null,""hubbard_u_eV"":null,""hull_construction"":null,""magnetic_configuration"":null,""method_family"":null,""pressure_GPa"":null,""reference_state"":null,""spin"":null,""strain_state"":null,""temperature_K"":null,""thermodynamic_ensemble"":null,""workflow"":null}","{""citation"":null,""endpoint"":""https://alexandria.icams.rub.de"",""evidence_source"":""alexandria"",""evidence_source_id"":""agm060340542"",""link"":""https://alexandria.icams.rub.de"",""native_field"":""e_above_hull"",""origin"":""alexandria_public_website"",""raw_unit"":""eV/atom"",""raw_value"":0.003445982,""retrieved_at"":""2026-08-09T20:11:23.209904+00:00""}","[""functional_not_provided_by_public_website""]",sha256:5b0e4c081bdface0f77a636b833921e76caf867373dadd4acdfdf4d68f46bbfe
bi2se3-topology,optimade:optimade-misc.odbx.science,camd-oqmd_3895,Bi2Se3,energy_above_hull_eV,energy_above_convex_hull_per_atom,0.0,eV/atom,"{""code"":null,""corrections"":null,""dimensionality"":null,""functional"":null,""geometry_state"":null,""hubbard_u_eV"":null,""hull_construction"":""global convex hull spanned by all other structures in the database"",""magnetic_configuration"":null,""method_family"":null,""pressure_GPa"":null,""reference_state"":null,""spin"":null,""strain_state"":null,""temperature_K"":null,""thermodynamic_ensemble"":null,""workflow"":null}","{""citation"":null,""contract"":""odbx_misc_optimade_extension_v1"",""endpoint"":""https://optimade-misc.odbx.science"",""evidence_source"":""optimade:optimade-misc.odbx.science"",""evidence_source_id"":""camd-oqmd_3895"",""link"":""https://optimade-misc.odbx.science"",""native_description"":""The distance that this structure lies from the global convex hull spanned by all other structures in the database."",""native_field"":""_odbx_hull_distance"",""origin"":""optimade_provider_extension"",""raw_unit"":""eV/atom"",""raw_value"":0.0,""retrieved_at"":""2026-08-09T20:11:26.291181+00:00""}","[""provider_extension_not_optimade_core_property"",""calculation_model_not_declared_by_provider_info"",""provider_serves_miscellaneous_datasets""]",sha256:5cf4e73537020379506118e17557c5d96526730ebc38299c9a7da706d32e4c01
bi2se3-topology,optimade:optimade-misc.odbx.science,camd-oqmd_3895,Bi2Se3,formation_energy_per_atom_eV,formation_energy_per_atom,-0.387503701999999,eV/atom,"{""code"":null,""corrections"":null,""dimensionality"":null,""functional"":null,""geometry_state"":null,""hubbard_u_eV"":null,""magnetic_configuration"":null,""method_family"":null,""pressure_GPa"":null,""reference_state"":""elemental chemical potentials"",""spin"":null,""strain_state"":null,""temperature_K"":null,""workflow"":null}","{""citation"":null,""contract"":""odbx_misc_optimade_extension_v1"",""endpoint"":""https://optimade-misc.odbx.science"",""evidence_source"":""optimade:optimade-misc.odbx.science"",""evidence_source_id"":""camd-oqmd_3895"",""link"":""https://optimade-misc.odbx.science"",""native_description"":""The formation energy of the structure, computed versus the elemental chemical potentials."",""native_field"":""_odbx_formation_energy"",""origin"":""optimade_provider_extension"",""raw_unit"":""eV/atom"",""raw_value"":-0.387503701999999,""retrieved_at"":""2026-08-09T20:11:26.291181+00:00""}","[""provider_extension_not_optimade_core_property"",""calculation_model_not_declared_by_provider_info"",""provider_serves_miscellaneous_datasets""]",sha256:5cf4e73537020379506118e17557c5d96526730ebc38299c9a7da706d32e4c01
bi2se3-topology,nomad,6kNpGpJ4tzRJqmAPIn-4IsgL_bIm#band_gap=0,Bi2Se3,band_gap_eV,electronic_band_gap,0.0,eV,"{""code"":""VASP"",""dimensionality"":""3D"",""functional"":[""GGA_C_PBE_SOL"",""GGA_X_PBE_SOL""],""gap_character"":null,""gap_observable_level"":""nomad_results_summary_normalizer_output"",""geometry_state"":null,""hubbard_u_eV"":null,""magnetic_configuration"":null,""method_family"":""DFT"",""modality"":null,""pressure_GPa"":null,""relativity_method"":null,""soc"":null,""spin"":{""source_channel_index"":0},""strain_state"":null,""temperature_K"":null,""workflow"":null}","{""calculation_binding"":""unresolved"",""citation"":null,""conversion"":{""divisor"":1.602176634e-19,""from_unit"":""J"",""to_unit"":""eV""},""endpoint"":""/entries/query"",""evidence_source"":""nomad"",""evidence_source_id"":""6kNpGpJ4tzRJqmAPIn-4IsgL_bIm#band_gap=0"",""native_field"":""results.properties.electronic.band_gap[0].value"",""origin"":""nomad_summary_aggregate"",""raw_unit"":""J"",""raw_value"":0.0,""retrieved_at"":""2026-08-09T20:11:23.549718+00:00"",""selection"":{""reason"":""multiple_source_observations"",""status"":""unselected""},""source_native_context"":{""index"":0}}","[""summary_band_gap_not_bound_to_specific_calculation"",""nomad_results_band_gap_is_normalizer_derived_with_source_detection_tolerance"",""summary_method_context_not_bound_to_specific_calculation"",""multiple_summary_band_gaps_preserved_without_primary""]",sha256:61da72b079857a56137a6b0196d9a3528e01fa2e2562610de7c238235d3b2747
bi2se3-topology,nomad,6kNpGpJ4tzRJqmAPIn-4IsgL_bIm#band_gap=1,Bi2Se3,band_gap_eV,electronic_band_gap,0.0,eV,"{""code"":""VASP"",""dimensionality"":""3D"",""functional"":[""GGA_C_PBE_SOL"",""GGA_X_PBE_SOL""],""gap_character"":null,""gap_observable_level"":""nomad_results_summary_normalizer_output"",""geometry_state"":null,""hubbard_u_eV"":null,""magnetic_configuration"":null,""method_family"":""DFT"",""modality"":null,""pressure_GPa"":null,""relativity_method"":null,""soc"":null,""spin"":{""source_channel_index"":1},""strain_state"":null,""temperature_K"":null,""workflow"":null}","{""calculation_binding"":""unresolved"",""citation"":null,""conversion"":{""divisor"":1.602176634e-19,""from_unit"":""J"",""to_unit"":""eV""},""endpoint"":""/entries/query"",""evidence_source"":""nomad"",""evidence_source_id"":""6kNpGpJ4tzRJqmAPIn-4IsgL_bIm#band_gap=1"",""native_field"":""results.properties.electronic.band_gap[1].value"",""origin"":""nomad_summary_aggregate"",""raw_unit"":""J"",""raw_value"":0.0,""retrieved_at"":""2026-08-09T20:11:23.549718+00:00"",""selection"":{""reason"":""multiple_source_observations"",""status"":""unselected""},""source_native_context"":{""index"":1}}","[""summary_band_gap_not_bound_to_specific_calculation"",""nomad_results_band_gap_is_normalizer_derived_with_source_detection_tolerance"",""summary_method_context_not_bound_to_specific_calculation"",""multiple_summary_band_gaps_preserved_without_primary""]",sha256:61da72b079857a56137a6b0196d9a3528e01fa2e2562610de7c238235d3b2747
bi2se3-topology,optimade:optimade-misc.odbx.science,camd-oqmd_11296,Bi2Se3,energy_above_hull_eV,energy_above_convex_hull_per_atom,0.020265943499998884,eV/atom,"{""code"":null,""corrections"":null,""dimensionality"":null,""functional"":null,""geometry_state"":null,""hubbard_u_eV"":null,""hull_construction"":""global convex hull spanned by all other structures in the database"",""magnetic_configuration"":null,""method_family"":null,""pressure_GPa"":null,""reference_state"":null,""spin"":null,""strain_state"":null,""temperature_K"":null,""thermodynamic_ensemble"":null,""workflow"":null}","{""citation"":null,""contract"":""odbx_misc_optimade_extension_v1"",""endpoint"":""https://optimade-misc.odbx.science"",""evidence_source"":""optimade:optimade-misc.odbx.science"",""evidence_source_id"":""camd-oqmd_11296"",""link"":""https://optimade-misc.odbx.science"",""native_description"":""The distance that this structure lies from the global convex hull spanned by all other structures in the database."",""native_field"":""_odbx_hull_distance"",""origin"":""optimade_provider_extension"",""raw_unit"":""eV/atom"",""raw_value"":0.020265943499998884,""retrieved_at"":""2026-08-09T20:11:26.291384+00:00""}","[""provider_extension_not_optimade_core_property"",""calculation_model_not_declared_by_provider_info"",""provider_serves_miscellaneous_datasets""]",sha256:645b6487316ba297d5c52c8ba670671f40d433b740b450c42a514893383c2b40
bi2se3-topology,optimade:optimade-misc.odbx.science,camd-oqmd_11296,Bi2Se3,formation_energy_per_atom_eV,formation_energy_per_atom,-0.3672377585,eV/atom,"{""code"":null,""corrections"":null,""dimensionality"":null,""functional"":null,""geometry_state"":null,""hubbard_u_eV"":null,""magnetic_configuration"":null,""method_family"":null,""pressure_GPa"":null,""reference_state"":""elemental chemical potentials"",""spin"":null,""strain_state"":null,""temperature_K"":null,""workflow"":null}","{""citation"":null,""contract"":""odbx_misc_optimade_extension_v1"",""endpoint"":""https://optimade-misc.odbx.science"",""evidence_source"":""optimade:optimade-misc.odbx.science"",""evidence_source_id"":""camd-oqmd_11296"",""link"":""https://optimade-misc.odbx.science"",""native_description"":""The formation energy of the structure, computed versus the elemental chemical potentials."",""native_field"":""_odbx_formation_energy"",""origin"":""optimade_provider_extension"",""raw_unit"":""eV/atom"",""raw_value"":-0.3672377585,""retrieved_at"":""2026-08-09T20:11:26.291384+00:00""}","[""provider_extension_not_optimade_core_property"",""calculation_model_not_declared_by_provider_info"",""provider_serves_miscellaneous_datasets""]",sha256:645b6487316ba297d5c52c8ba670671f40d433b740b450c42a514893383c2b40
bi2se3-topology,materials_project,aaaczgya,Bi2Se3,band_gap_eV,electronic_band_gap,0.5469000000000004,eV,"{""code"":null,""dimensionality"":null,""functional"":null,""gap_character"":null,""gap_observable_level"":null,""geometry_state"":null,""hubbard_u_eV"":null,""magnetic_configuration"":null,""method_family"":null,""modality"":null,""pressure_GPa"":null,""relativity_method"":null,""soc"":null,""spin"":null,""strain_state"":null,""temperature_K"":null,""workflow"":null}","{""citation"":null,""endpoint"":""/materials/summary/"",""evidence_source"":""materials_project"",""evidence_source_id"":""aaaczgya"",""native_field"":""band_gap"",""origin"":""materials_project_summary"",""raw_unit"":""eV"",""raw_value"":0.5469000000000004,""retrieved_at"":""2026-08-09T20:11:32.593595+00:00"",""summary_property_origin"":{""last_updated"":""2020-04-30T19:30:36.380000Z"",""name"":""electronic_structure"",""task_id"":""aaaczgya""},""summary_property_origin_candidates"":[{""last_updated"":""2020-04-30T19:30:36.380000Z"",""name"":""electronic_structure"",""task_id"":""aaaczgya""}],""summary_property_origin_family"":""electronic_structure""}","[""scientific_context_not_reported_by_summary_endpoint""]",sha256:6f2200783007fb5af75a165d663f3f100657ce118db0857bf81f0dd004f884a2
bi2se3-topology,materials_project,mp-1198150,Bi2Se3,energy_above_hull_eV,energy_above_convex_hull_per_atom,0.14810547975000077,eV/atom,"{""code"":null,""corrections"":null,""dimensionality"":null,""functional"":null,""geometry_state"":null,""hubbard_u_eV"":null,""hull_construction"":null,""magnetic_configuration"":null,""method_family"":null,""pressure_GPa"":null,""reference_state"":null,""spin"":null,""strain_state"":null,""temperature_K"":null,""thermodynamic_ensemble"":null,""workflow"":null}","{""citation"":null,""endpoint"":""/materials/summary/"",""evidence_source"":null,""evidence_source_id"":null,""native_field"":""energy_above_hull"",""origin"":""materials_project_summary"",""raw_unit"":""eV/atom"",""raw_value"":0.14810547975000077,""retrieved_at"":""2026-08-09T20:11:32.593595+00:00"",""summary_property_origin"":null,""summary_property_origin_candidates"":[],""summary_property_origin_family"":""thermo""}","[""scientific_context_not_reported_by_summary_endpoint"",""summary_property_not_bound_to_calculation_task""]",sha256:6f2200783007fb5af75a165d663f3f100657ce118db0857bf81f0dd004f884a2
bi2se3-topology,materials_project,mp-1198150,Bi2Se3,formation_energy_per_atom_eV,formation_energy_per_atom,-0.28597145568750193,eV/atom,"{""code"":null,""corrections"":null,""dimensionality"":null,""functional"":null,""geometry_state"":null,""hubbard_u_eV"":null,""magnetic_configuration"":null,""method_family"":null,""pressure_GPa"":null,""reference_state"":null,""spin"":null,""strain_state"":null,""temperature_K"":null,""workflow"":null}","{""citation"":null,""endpoint"":""/materials/summary/"",""evidence_source"":null,""evidence_source_id"":null,""native_field"":""formation_energy_per_atom"",""origin"":""materials_project_summary"",""raw_unit"":""eV/atom"",""raw_value"":-0.28597145568750193,""retrieved_at"":""2026-08-09T20:11:32.593595+00:00"",""summary_property_origin"":null,""summary_property_origin_candidates"":[],""summary_property_origin_family"":""thermo""}","[""scientific_context_not_reported_by_summary_endpoint"",""summary_property_not_bound_to_calculation_task""]",sha256:6f2200783007fb5af75a165d663f3f100657ce118db0857bf81f0dd004f884a2
bi2se3-topology,materials_project,mp-1198150,Bi2Se3,is_stable,thermodynamic_stability_label,false,,"{""code"":null,""dimensionality"":null,""functional"":null,""geometry_state"":null,""hull_construction"":null,""magnetic_configuration"":null,""method_family"":null,""pressure_GPa"":null,""reference_state"":null,""spin"":null,""stability_definition"":""Materials Project SummaryDoc: true means the source-selected thermodynamic entry is a stable entry on the source phase-diagram convex hull"",""strain_state"":null,""temperature_K"":null,""thermodynamic_ensemble"":null,""workflow"":null}","{""citation"":null,""endpoint"":""/materials/summary/"",""evidence_source"":null,""evidence_source_id"":null,""native_field"":""is_stable"",""native_semantic"":""materials_project_summary_source_native_stability_label"",""origin"":""materials_project_summary"",""raw_unit"":null,""raw_value"":false,""retrieved_at"":""2026-08-09T20:11:32.593595+00:00"",""summary_property_origin"":null,""summary_property_origin_candidates"":[],""summary_property_origin_family"":""thermo""}","[""scientific_context_not_reported_by_summary_endpoint"",""summary_property_not_bound_to_calculation_task"",""source_definition_not_recomputed_by_matrouter"",""summary_stability_not_bound_to_exact_thermo_type_entry_set_or_energy_frame""]",sha256:6f2200783007fb5af75a165d663f3f100657ce118db0857bf81f0dd004f884a2
bi2se3-topology,alexandria,agm003144820,Bi2Se3,band_gap_eV,electronic_band_gap,0.0,eV,"{""code"":null,""dimensionality"":null,""functional"":null,""gap_character"":null,""gap_observable_level"":null,""geometry_state"":null,""hubbard_u_eV"":null,""magnetic_configuration"":null,""method_family"":null,""modality"":null,""pressure_GPa"":null,""relativity_method"":null,""soc"":null,""spin"":null,""strain_state"":null,""temperature_K"":null,""workflow"":null}","{""citation"":null,""endpoint"":""https://alexandria.icams.rub.de"",""evidence_source"":""alexandria"",""evidence_source_id"":""agm003144820"",""link"":""https://alexandria.icams.rub.de"",""native_field"":""band_gap_ind"",""origin"":""alexandria_public_website"",""raw_unit"":""eV"",""raw_value"":0.0,""retrieved_at"":""2026-08-09T20:11:23.210253+00:00""}","[""functional_not_provided_by_public_website""]",sha256:74f28d27d6bfd8a045220fc5c602dd228fa3c527a9af3d80d657681537cf0374
bi2se3-topology,alexandria,agm003144820,Bi2Se3,energy_above_hull_eV,energy_above_convex_hull_per_atom,0.23893999,eV/atom,"{""code"":null,""corrections"":null,""dimensionality"":null,""functional"":null,""geometry_state"":null,""hubbard_u_eV"":null,""hull_construction"":null,""magnetic_configuration"":null,""method_family"":null,""pressure_GPa"":null,""reference_state"":null,""spin"":null,""strain_state"":null,""temperature_K"":null,""thermodynamic_ensemble"":null,""workflow"":null}","{""citation"":null,""endpoint"":""https://alexandria.icams.rub.de"",""evidence_source"":""alexandria"",""evidence_source_id"":""agm003144820"",""link"":""https://alexandria.icams.rub.de"",""native_field"":""e_above_hull"",""origin"":""alexandria_public_website"",""raw_unit"":""eV/atom"",""raw_value"":0.23893999,""retrieved_at"":""2026-08-09T20:11:23.210253+00:00""}","[""functional_not_provided_by_public_website""]",sha256:74f28d27d6bfd8a045220fc5c602dd228fa3c527a9af3d80d657681537cf0374
bi2se3-topology,nomad,202avPTECA6eBAp2oA1cnNW7nu3I#band_gap=0,Bi2Se3,band_gap_eV,electronic_band_gap,0.4775,eV,"{""code"":""VASP"",""dimensionality"":""3D"",""functional"":[""GGA_C_PBE"",""GGA_X_PBE""],""gap_character"":null,""gap_observable_level"":""nomad_results_summary_normalizer_output"",""geometry_state"":null,""hubbard_u_eV"":null,""magnetic_configuration"":null,""method_family"":""DFT"",""modality"":null,""pressure_GPa"":null,""relativity_method"":null,""soc"":null,""spin"":{""source_channel_index"":0},""strain_state"":null,""temperature_K"":null,""workflow"":null}","{""calculation_binding"":""unresolved"",""citation"":null,""conversion"":{""divisor"":1.602176634e-19,""from_unit"":""J"",""to_unit"":""eV""},""endpoint"":""/entries/query"",""evidence_source"":""nomad"",""evidence_source_id"":""202avPTECA6eBAp2oA1cnNW7nu3I#band_gap=0"",""native_field"":""results.properties.electronic.band_gap[0].value"",""origin"":""nomad_summary_aggregate"",""raw_unit"":""J"",""raw_value"":7.65039342735e-20,""retrieved_at"":""2026-08-09T20:11:23.549205+00:00"",""selection"":{""reason"":""multiple_source_observations"",""status"":""unselected""},""source_native_context"":{""index"":0}}","[""summary_band_gap_not_bound_to_specific_calculation"",""nomad_results_band_gap_is_normalizer_derived_with_source_detection_tolerance"",""summary_method_context_not_bound_to_specific_calculation"",""multiple_summary_band_gaps_preserved_without_primary""]",sha256:76de68580e8c3b39bbe3e4f1da830f942fe77def2ae736c76ca8f610e26450dc
bi2se3-topology,nomad,202avPTECA6eBAp2oA1cnNW7nu3I#band_gap=1,Bi2Se3,band_gap_eV,electronic_band_gap,0.4775,eV,"{""code"":""VASP"",""dimensionality"":""3D"",""functional"":[""GGA_C_PBE"",""GGA_X_PBE""],""gap_character"":null,""gap_observable_level"":""nomad_results_summary_normalizer_output"",""geometry_state"":null,""hubbard_u_eV"":null,""magnetic_configuration"":null,""method_family"":""DFT"",""modality"":null,""pressure_GPa"":null,""relativity_method"":null,""soc"":null,""spin"":{""source_channel_index"":1},""strain_state"":null,""temperature_K"":null,""workflow"":null}","{""calculation_binding"":""unresolved"",""citation"":null,""conversion"":{""divisor"":1.602176634e-19,""from_unit"":""J"",""to_unit"":""eV""},""endpoint"":""/entries/query"",""evidence_source"":""nomad"",""evidence_source_id"":""202avPTECA6eBAp2oA1cnNW7nu3I#band_gap=1"",""native_field"":""results.properties.electronic.band_gap[1].value"",""origin"":""nomad_summary_aggregate"",""raw_unit"":""J"",""raw_value"":7.65039342735e-20,""retrieved_at"":""2026-08-09T20:11:23.549205+00:00"",""selection"":{""reason"":""multiple_source_observations"",""status"":""unselected""},""source_native_context"":{""index"":1}}","[""summary_band_gap_not_bound_to_specific_calculation"",""nomad_results_band_gap_is_normalizer_derived_with_source_detection_tolerance"",""summary_method_context_not_bound_to_specific_calculation"",""multiple_summary_band_gaps_preserved_without_primary""]",sha256:76de68580e8c3b39bbe3e4f1da830f942fe77def2ae736c76ca8f610e26450dc
bi2se3-topology,aflow,aflowlib.duke.edu:AFLOWDATA/ICSD_WEB/RHL/Bi2Se3_ICSD_617101,Bi2Se3,band_gap_eV,electronic_band_gap,0.3901,eV,"{""code"":null,""dimensionality"":null,""functional"":null,""gap_character"":null,""gap_observable_level"":null,""geometry_state"":null,""hubbard_u_eV"":{""source_type"":0,""species"":[""Bi"",""Se""]},""magnetic_configuration"":null,""method_family"":""DFT"",""modality"":null,""pressure_GPa"":null,""relativity_method"":null,""soc"":null,""spin"":null,""strain_state"":null,""temperature_K"":null,""workflow"":""AFLOW automated calculation""}","{""citation"":null,""endpoint"":""https://aflow.org/API/aflux"",""evidence_source"":""aflow"",""evidence_source_id"":""aflowlib.duke.edu:AFLOWDATA/ICSD_WEB/RHL/Bi2Se3_ICSD_617101"",""link"":""https://aflowlib.duke.edu/AFLOWDATA/ICSD_WEB/RHL/Bi2Se3_ICSD_617101"",""native_field"":""Egap"",""native_semantic"":""electronic_band_gap"",""origin"":""aflow_aflux"",""raw_unit"":""eV"",""raw_value"":0.3901,""retrieved_at"":""2026-08-09T20:11:25.067768+00:00"",""source_native_method_context"":{""dft_type"":[""PAW_PBE""],""ldau_type"":0}}","[""code_functional_and_soc_are_not_canonicalized_from_the_aflux_record""]",sha256:78f61a446e0d81dfdb6c3f26fa0626322827f2c9be4ca2375d2072a34e2598c7
bi2se3-topology,aflow,aflowlib.duke.edu:AFLOWDATA/ICSD_WEB/RHL/Bi2Se3_ICSD_617101,Bi2Se3,formation_enthalpy_per_atom_eV,formation_enthalpy_per_atom,-0.392747,eV/atom,"{""code"":null,""corrections"":null,""dimensionality"":null,""functional"":null,""geometry_state"":null,""hubbard_u_eV"":{""source_type"":0,""species"":[""Bi"",""Se""]},""magnetic_configuration"":null,""method_family"":""DFT"",""pressure_GPa"":null,""reference_state"":null,""spin"":null,""strain_state"":null,""temperature_K"":null,""workflow"":""AFLOW automated calculation""}","{""citation"":null,""endpoint"":""https://aflow.org/API/aflux"",""evidence_source"":""aflow"",""evidence_source_id"":""aflowlib.duke.edu:AFLOWDATA/ICSD_WEB/RHL/Bi2Se3_ICSD_617101"",""link"":""https://aflowlib.duke.edu/AFLOWDATA/ICSD_WEB/RHL/Bi2Se3_ICSD_617101"",""native_field"":""enthalpy_formation_atom"",""native_semantic"":""formation_enthalpy_per_atom"",""origin"":""aflow_aflux"",""raw_unit"":""eV/atom"",""raw_value"":-0.392747,""retrieved_at"":""2026-08-09T20:11:25.067768+00:00"",""source_native_method_context"":{""dft_type"":[""PAW_PBE""],""ldau_type"":0}}","[""native_quantity_is_formation_enthalpy_per_atom"",""reference_state_and_corrections_not_reported_by_aflux_record"",""code_functional_and_soc_are_not_canonicalized_from_the_aflux_record""]",sha256:78f61a446e0d81dfdb6c3f26fa0626322827f2c9be4ca2375d2072a34e2598c7
bi2se3-topology,alexandria,agm003144822,Bi2Se3,band_gap_eV,electronic_band_gap,0.3921,eV,"{""code"":null,""dimensionality"":null,""functional"":null,""gap_character"":null,""gap_observable_level"":null,""geometry_state"":null,""hubbard_u_eV"":null,""magnetic_configuration"":null,""method_family"":null,""modality"":null,""pressure_GPa"":null,""relativity_method"":null,""soc"":null,""spin"":null,""strain_state"":null,""temperature_K"":null,""workflow"":null}","{""citation"":null,""endpoint"":""https://alexandria.icams.rub.de"",""evidence_source"":""alexandria"",""evidence_source_id"":""agm003144822"",""link"":""https://alexandria.icams.rub.de"",""native_field"":""band_gap_ind"",""origin"":""alexandria_public_website"",""raw_unit"":""eV"",""raw_value"":0.3921,""retrieved_at"":""2026-08-09T20:11:23.210067+00:00""}","[""functional_not_provided_by_public_website""]",sha256:7b18dc9b2eaaf14413300b727ff1b220bff27189096189a30a0c5f116e62c063
bi2se3-topology,alexandria,agm003144822,Bi2Se3,energy_above_hull_eV,energy_above_convex_hull_per_atom,0.091914974,eV/atom,"{""code"":null,""corrections"":null,""dimensionality"":null,""functional"":null,""geometry_state"":null,""hubbard_u_eV"":null,""hull_construction"":null,""magnetic_configuration"":null,""method_family"":null,""pressure_GPa"":null,""reference_state"":null,""spin"":null,""strain_state"":null,""temperature_K"":null,""thermodynamic_ensemble"":null,""workflow"":null}","{""citation"":null,""endpoint"":""https://alexandria.icams.rub.de"",""evidence_source"":""alexandria"",""evidence_source_id"":""agm003144822"",""link"":""https://alexandria.icams.rub.de"",""native_field"":""e_above_hull"",""origin"":""alexandria_public_website"",""raw_unit"":""eV/atom"",""raw_value"":0.091914974,""retrieved_at"":""2026-08-09T20:11:23.210067+00:00""}","[""functional_not_provided_by_public_website""]",sha256:7b18dc9b2eaaf14413300b727ff1b220bff27189096189a30a0c5f116e62c063
bi2se3-topology,alexandria,agm003144799,Bi2Se3,band_gap_eV,electronic_band_gap,1.0498,eV,"{""code"":null,""dimensionality"":null,""functional"":null,""gap_character"":null,""gap_observable_level"":null,""geometry_state"":null,""hubbard_u_eV"":null,""magnetic_configuration"":null,""method_family"":null,""modality"":null,""pressure_GPa"":null,""relativity_method"":null,""soc"":null,""spin"":null,""strain_state"":null,""temperature_K"":null,""workflow"":null}","{""citation"":null,""endpoint"":""https://alexandria.icams.rub.de"",""evidence_source"":""alexandria"",""evidence_source_id"":""agm003144799"",""link"":""https://alexandria.icams.rub.de"",""native_field"":""band_gap_ind"",""origin"":""alexandria_public_website"",""raw_unit"":""eV"",""raw_value"":1.0498,""retrieved_at"":""2026-08-09T20:11:23.209673+00:00""}","[""functional_not_provided_by_public_website""]",sha256:7b5bbccafa719e9a97d8f6cb2b5c5b8aff7f36d8d17767748094451b640bafc3
bi2se3-topology,alexandria,agm003144799,Bi2Se3,energy_above_hull_eV,energy_above_convex_hull_per_atom,0.0,eV/atom,"{""code"":null,""corrections"":null,""dimensionality"":null,""functional"":null,""geometry_state"":null,""hubbard_u_eV"":null,""hull_construction"":null,""magnetic_configuration"":null,""method_family"":null,""pressure_GPa"":null,""reference_state"":null,""spin"":null,""strain_state"":null,""temperature_K"":null,""thermodynamic_ensemble"":null,""workflow"":null}","{""citation"":null,""endpoint"":""https://alexandria.icams.rub.de"",""evidence_source"":""alexandria"",""evidence_source_id"":""agm003144799"",""link"":""https://alexandria.icams.rub.de"",""native_field"":""e_above_hull"",""origin"":""alexandria_public_website"",""raw_unit"":""eV/atom"",""raw_value"":0.0,""retrieved_at"":""2026-08-09T20:11:23.209673+00:00""}","[""functional_not_provided_by_public_website""]",sha256:7b5bbccafa719e9a97d8f6cb2b5c5b8aff7f36d8d17767748094451b640bafc3
bi2se3-topology,oqmd,1441998,Bi2Se3,band_gap_eV,electronic_band_gap,0.837,eV,"{""code"":null,""dimensionality"":null,""functional"":null,""gap_character"":null,""gap_observable_level"":null,""geometry_state"":null,""hubbard_u_eV"":null,""magnetic_configuration"":null,""method_family"":null,""modality"":null,""pressure_GPa"":null,""relativity_method"":null,""soc"":null,""spin"":null,""strain_state"":null,""temperature_K"":null,""workflow"":null}","{""citation"":null,""native_field"":""band_gap"",""origin"":""oqmd_formationenergy_search"",""raw_unit"":""eV"",""raw_value"":0.837,""retrieved_at"":""2026-08-09T20:11:34.337683+00:00""}","[""scientific_context_not_reported_by_oqmd_endpoint""]",sha256:7bff6771079cb7fef3386b47e76d4bd090d5793880fd7efcef14e5bd8664a046
bi2se3-topology,oqmd,1441998,Bi2Se3,energy_above_hull_eV,energy_above_convex_hull_per_atom,0.022073843999999787,eV/atom,"{""code"":null,""corrections"":null,""dimensionality"":null,""functional"":null,""geometry_state"":null,""hubbard_u_eV"":null,""hull_construction"":null,""magnetic_configuration"":null,""method_family"":null,""pressure_GPa"":null,""reference_state"":null,""spin"":null,""strain_state"":null,""temperature_K"":null,""thermodynamic_ensemble"":null,""workflow"":null}","{""citation"":null,""native_field"":""stability"",""origin"":""oqmd_formationenergy_search"",""raw_unit"":""eV/atom"",""raw_value"":0.022073843999999787,""retrieved_at"":""2026-08-09T20:11:34.337683+00:00""}","[""scientific_context_not_reported_by_oqmd_endpoint""]",sha256:7bff6771079cb7fef3386b47e76d4bd090d5793880fd7efcef14e5bd8664a046
bi2se3-topology,oqmd,1441998,Bi2Se3,formation_energy_per_atom_eV,formation_energy_per_atom,-0.374044962,eV/atom,"{""code"":null,""corrections"":null,""dimensionality"":null,""functional"":null,""geometry_state"":null,""hubbard_u_eV"":null,""magnetic_configuration"":null,""method_family"":null,""pressure_GPa"":null,""reference_state"":null,""spin"":null,""strain_state"":null,""temperature_K"":null,""workflow"":null}","{""citation"":null,""native_field"":""delta_e"",""origin"":""oqmd_formationenergy_search"",""raw_unit"":""eV/atom"",""raw_value"":-0.374044962,""retrieved_at"":""2026-08-09T20:11:34.337683+00:00""}","[""scientific_context_not_reported_by_oqmd_endpoint""]",sha256:7bff6771079cb7fef3386b47e76d4bd090d5793880fd7efcef14e5bd8664a046
bi2se3-topology,alexandria,agm003144793,Bi2Se3,band_gap_eV,electronic_band_gap,0.7616,eV,"{""code"":null,""dimensionality"":null,""functional"":null,""gap_character"":null,""gap_observable_level"":null,""geometry_state"":null,""hubbard_u_eV"":null,""magnetic_configuration"":null,""method_family"":null,""modality"":null,""pressure_GPa"":null,""relativity_method"":null,""soc"":null,""spin"":null,""strain_state"":null,""temperature_K"":null,""workflow"":null}","{""citation"":null,""endpoint"":""https://alexandria.icams.rub.de"",""evidence_source"":""alexandria"",""evidence_source_id"":""agm003144793"",""link"":""https://alexandria.icams.rub.de"",""native_field"":""band_gap_ind"",""origin"":""alexandria_public_website"",""raw_unit"":""eV"",""raw_value"":0.7616,""retrieved_at"":""2026-08-09T20:11:23.209808+00:00""}","[""functional_not_provided_by_public_website""]",sha256:82927bd0de03f3ae93cc5eb04ac4d373128eddaff9c0ef33081c687be0538663
bi2se3-topology,alexandria,agm003144793,Bi2Se3,energy_above_hull_eV,energy_above_convex_hull_per_atom,0.00082136,eV/atom,"{""code"":null,""corrections"":null,""dimensionality"":null,""functional"":null,""geometry_state"":null,""hubbard_u_eV"":null,""hull_construction"":null,""magnetic_configuration"":null,""method_family"":null,""pressure_GPa"":null,""reference_state"":null,""spin"":null,""strain_state"":null,""temperature_K"":null,""thermodynamic_ensemble"":null,""workflow"":null}","{""citation"":null,""endpoint"":""https://alexandria.icams.rub.de"",""evidence_source"":""alexandria"",""evidence_source_id"":""agm003144793"",""link"":""https://alexandria.icams.rub.de"",""native_field"":""e_above_hull"",""origin"":""alexandria_public_website"",""raw_unit"":""eV/atom"",""raw_value"":0.00082136,""retrieved_at"":""2026-08-09T20:11:23.209808+00:00""}","[""functional_not_provided_by_public_website""]",sha256:82927bd0de03f3ae93cc5eb04ac4d373128eddaff9c0ef33081c687be0538663
bi2se3-topology,materialsgalaxy:topo_crystals,mg-2145449,Bi2Se3,band_gap_eV,electronic_band_gap,1.019857142857143,eV,"{""code"":null,""dimensionality"":3,""functional"":null,""gap_character"":null,""gap_observable_level"":null,""geometry_state"":null,""hubbard_u_eV"":null,""magnetic_configuration"":null,""method_family"":null,""modality"":null,""pressure_GPa"":null,""relativity_method"":null,""soc"":null,""spin"":null,""strain_state"":null,""temperature_K"":null,""workflow"":null}","{""citation"":null,""contract"":""materialsgalaxy_api_v1_summary_band_gap_eV"",""endpoint"":""https://materialsgalaxy.iphy.ac.cn/api/v1/materials/summary"",""evidence_source"":""materialsgalaxy:topo_crystals"",""evidence_source_id"":""mg-2145449"",""link"":""https://materialsgalaxy.iphy.ac.cn/api/v1/materials/summary/mg-2145449"",""native_field"":""properties.band_gap"",""origin"":""materialsgalaxy_summary"",""raw_unit"":""eV"",""raw_value"":1.019857142857143,""retrieved_at"":""2026-08-09T20:11:21.478029+00:00""}","[""summary_does_not_bind_band_gap_to_method_or_soc_setting"",""mp_id_is_cross_reference_not_property_evidence_identity""]",sha256:864060f1f8fa6077dc3dcb2ba2cd886a0b464eaa8c7eb776bce11f49e0779e90
bi2se3-topology,materialsgalaxy:topo_crystals,mg-2145449,Bi2Se3,topology_class_no_soc,source_native_topology_classification,"""Triv_Ins""",,"{""soc"":false,""source_definition"":""not_reported_by_source_record""}","{""citation"":null,""contract"":""materialsgalaxy_api_v1_summary_source_native_topology_classification"",""endpoint"":""https://materialsgalaxy.iphy.ac.cn/api/v1/materials/summary"",""evidence_source"":""materialsgalaxy:topo_crystals"",""evidence_source_id"":""mg-2145449"",""link"":""https://materialsgalaxy.iphy.ac.cn/api/v1/materials/summary/mg-2145449"",""native_field"":""properties.nsoc_topo_class"",""origin"":""materialsgalaxy_summary"",""raw_unit"":null,""raw_value"":""Triv_Ins"",""retrieved_at"":""2026-08-09T20:11:21.478029+00:00""}","[""source_native_label_not_independent_topology_validation"",""summary_label_does_not_validate_invariants_or_surface_states"",""classification_definition_not_reported_by_source_record"",""mp_id_is_cross_reference_not_property_evidence_identity""]",sha256:864060f1f8fa6077dc3dcb2ba2cd886a0b464eaa8c7eb776bce11f49e0779e90
bi2se3-topology,materialsgalaxy:topo_crystals,mg-2145449,Bi2Se3,topology_class_soc,source_native_topology_classification,"""Triv_Ins""",,"{""soc"":true,""source_definition"":""not_reported_by_source_record""}","{""citation"":null,""contract"":""materialsgalaxy_api_v1_summary_source_native_topology_classification"",""endpoint"":""https://materialsgalaxy.iphy.ac.cn/api/v1/materials/summary"",""evidence_source"":""materialsgalaxy:topo_crystals"",""evidence_source_id"":""mg-2145449"",""link"":""https://materialsgalaxy.iphy.ac.cn/api/v1/materials/summary/mg-2145449"",""native_field"":""properties.soc_topo_class"",""origin"":""materialsgalaxy_summary"",""raw_unit"":null,""raw_value"":""Triv_Ins"",""retrieved_at"":""2026-08-09T20:11:21.478029+00:00""}","[""source_native_label_not_independent_topology_validation"",""summary_label_does_not_validate_invariants_or_surface_states"",""classification_definition_not_reported_by_source_record"",""mp_id_is_cross_reference_not_property_evidence_identity""]",sha256:864060f1f8fa6077dc3dcb2ba2cd886a0b464eaa8c7eb776bce11f49e0779e90
bi2se3-topology,alexandria,agm003144804,Bi2Se3,band_gap_eV,electronic_band_gap,0.7327,eV,"{""code"":null,""dimensionality"":null,""functional"":null,""gap_character"":null,""gap_observable_level"":null,""geometry_state"":null,""hubbard_u_eV"":null,""magnetic_configuration"":null,""method_family"":null,""modality"":null,""pressure_GPa"":null,""relativity_method"":null,""soc"":null,""spin"":null,""strain_state"":null,""temperature_K"":null,""workflow"":null}","{""citation"":null,""endpoint"":""https://alexandria.icams.rub.de"",""evidence_source"":""alexandria"",""evidence_source_id"":""agm003144804"",""link"":""https://alexandria.icams.rub.de"",""native_field"":""band_gap_ind"",""origin"":""alexandria_public_website"",""raw_unit"":""eV"",""raw_value"":0.7327,""retrieved_at"":""2026-08-09T20:11:23.210103+00:00""}","[""functional_not_provided_by_public_website""]",sha256:89cb6d7591127588377e592a545f4368e11d538fe39cf13b7179a026460c4fa1
bi2se3-topology,alexandria,agm003144804,Bi2Se3,energy_above_hull_eV,energy_above_convex_hull_per_atom,0.12212281,eV/atom,"{""code"":null,""corrections"":null,""dimensionality"":null,""functional"":null,""geometry_state"":null,""hubbard_u_eV"":null,""hull_construction"":null,""magnetic_configuration"":null,""method_family"":null,""pressure_GPa"":null,""reference_state"":null,""spin"":null,""strain_state"":null,""temperature_K"":null,""thermodynamic_ensemble"":null,""workflow"":null}","{""citation"":null,""endpoint"":""https://alexandria.icams.rub.de"",""evidence_source"":""alexandria"",""evidence_source_id"":""agm003144804"",""link"":""https://alexandria.icams.rub.de"",""native_field"":""e_above_hull"",""origin"":""alexandria_public_website"",""raw_unit"":""eV/atom"",""raw_value"":0.12212281,""retrieved_at"":""2026-08-09T20:11:23.210103+00:00""}","[""functional_not_provided_by_public_website""]",sha256:89cb6d7591127588377e592a545f4368e11d538fe39cf13b7179a026460c4fa1
bi2se3-topology,alexandria,agm003226135,Bi2Se3,band_gap_eV,electronic_band_gap,0.9692,eV,"{""code"":null,""dimensionality"":null,""functional"":null,""gap_character"":null,""gap_observable_level"":null,""geometry_state"":null,""hubbard_u_eV"":null,""magnetic_configuration"":null,""method_family"":null,""modality"":null,""pressure_GPa"":null,""relativity_method"":null,""soc"":null,""spin"":null,""strain_state"":null,""temperature_K"":null,""workflow"":null}","{""citation"":null,""endpoint"":""https://alexandria.icams.rub.de"",""evidence_source"":""alexandria"",""evidence_source_id"":""agm003226135"",""link"":""https://alexandria.icams.rub.de"",""native_field"":""band_gap_ind"",""origin"":""alexandria_public_website"",""raw_unit"":""eV"",""raw_value"":0.9692,""retrieved_at"":""2026-08-09T20:11:23.209990+00:00""}","[""functional_not_provided_by_public_website""]",sha256:89d4249d6f6e6f647c9c4278913623211e0c93dd3d7476c3638dfac5444b5b42
bi2se3-topology,alexandria,agm003226135,Bi2Se3,energy_above_hull_eV,energy_above_convex_hull_per_atom,0.028570125,eV/atom,"{""code"":null,""corrections"":null,""dimensionality"":null,""functional"":null,""geometry_state"":null,""hubbard_u_eV"":null,""hull_construction"":null,""magnetic_configuration"":null,""method_family"":null,""pressure_GPa"":null,""reference_state"":null,""spin"":null,""strain_state"":null,""temperature_K"":null,""thermodynamic_ensemble"":null,""workflow"":null}","{""citation"":null,""endpoint"":""https://alexandria.icams.rub.de"",""evidence_source"":""alexandria"",""evidence_source_id"":""agm003226135"",""link"":""https://alexandria.icams.rub.de"",""native_field"":""e_above_hull"",""origin"":""alexandria_public_website"",""raw_unit"":""eV/atom"",""raw_value"":0.028570125,""retrieved_at"":""2026-08-09T20:11:23.209990+00:00""}","[""functional_not_provided_by_public_website""]",sha256:89d4249d6f6e6f647c9c4278913623211e0c93dd3d7476c3638dfac5444b5b42
bi2se3-topology,materialsgalaxy:topo_crystals,mg-35598,Bi2Se3,band_gap_eV,electronic_band_gap,0.37930000000000064,eV,"{""code"":null,""dimensionality"":2,""functional"":null,""gap_character"":null,""gap_observable_level"":null,""geometry_state"":null,""hubbard_u_eV"":null,""magnetic_configuration"":null,""method_family"":null,""modality"":null,""pressure_GPa"":null,""relativity_method"":null,""soc"":null,""spin"":null,""strain_state"":null,""temperature_K"":null,""workflow"":null}","{""citation"":null,""contract"":""materialsgalaxy_api_v1_summary_band_gap_eV"",""endpoint"":""https://materialsgalaxy.iphy.ac.cn/api/v1/materials/summary"",""evidence_source"":""materialsgalaxy:topo_crystals"",""evidence_source_id"":""mg-35598"",""link"":""https://materialsgalaxy.iphy.ac.cn/api/v1/materials/summary/mg-35598"",""native_field"":""properties.band_gap"",""origin"":""materialsgalaxy_summary"",""raw_unit"":""eV"",""raw_value"":0.37930000000000064,""retrieved_at"":""2026-08-09T20:11:21.478259+00:00""}","[""summary_does_not_bind_band_gap_to_method_or_soc_setting"",""mp_id_is_cross_reference_not_property_evidence_identity""]",sha256:8a167efa6f6aa5932684e4c4e2ca1bb61ae760218c161e356838998abd7a8f5c
bi2se3-topology,materialsgalaxy:topo_crystals,mg-35598,Bi2Se3,topology_class_no_soc,source_native_topology_classification,"""Triv_Ins""",,"{""soc"":false,""source_definition"":""not_reported_by_source_record""}","{""citation"":null,""contract"":""materialsgalaxy_api_v1_summary_source_native_topology_classification"",""endpoint"":""https://materialsgalaxy.iphy.ac.cn/api/v1/materials/summary"",""evidence_source"":""materialsgalaxy:topo_crystals"",""evidence_source_id"":""mg-35598"",""link"":""https://materialsgalaxy.iphy.ac.cn/api/v1/materials/summary/mg-35598"",""native_field"":""properties.nsoc_topo_class"",""origin"":""materialsgalaxy_summary"",""raw_unit"":null,""raw_value"":""Triv_Ins"",""retrieved_at"":""2026-08-09T20:11:21.478259+00:00""}","[""source_native_label_not_independent_topology_validation"",""summary_label_does_not_validate_invariants_or_surface_states"",""classification_definition_not_reported_by_source_record"",""mp_id_is_cross_reference_not_property_evidence_identity""]",sha256:8a167efa6f6aa5932684e4c4e2ca1bb61ae760218c161e356838998abd7a8f5c
bi2se3-topology,materialsgalaxy:topo_crystals,mg-35598,Bi2Se3,topology_class_soc,source_native_topology_classification,"""TI""",,"{""soc"":true,""source_definition"":""not_reported_by_source_record""}","{""citation"":null,""contract"":""materialsgalaxy_api_v1_summary_source_native_topology_classification"",""endpoint"":""https://materialsgalaxy.iphy.ac.cn/api/v1/materials/summary"",""evidence_source"":""materialsgalaxy:topo_crystals"",""evidence_source_id"":""mg-35598"",""link"":""https://materialsgalaxy.iphy.ac.cn/api/v1/materials/summary/mg-35598"",""native_field"":""properties.soc_topo_class"",""origin"":""materialsgalaxy_summary"",""raw_unit"":null,""raw_value"":""TI"",""retrieved_at"":""2026-08-09T20:11:21.478259+00:00""}","[""source_native_label_not_independent_topology_validation"",""summary_label_does_not_validate_invariants_or_surface_states"",""classification_definition_not_reported_by_source_record"",""mp_id_is_cross_reference_not_property_evidence_identity""]",sha256:8a167efa6f6aa5932684e4c4e2ca1bb61ae760218c161e356838998abd7a8f5c
bi2se3-topology,oqmd,1882385,Bi2Se3,band_gap_eV,electronic_band_gap,0.6229999999999998,eV,"{""code"":null,""dimensionality"":null,""functional"":null,""gap_character"":null,""gap_observable_level"":null,""geometry_state"":null,""hubbard_u_eV"":null,""magnetic_configuration"":null,""method_family"":null,""modality"":null,""pressure_GPa"":null,""relativity_method"":null,""soc"":null,""spin"":null,""strain_state"":null,""temperature_K"":null,""workflow"":null}","{""citation"":null,""native_field"":""band_gap"",""origin"":""oqmd_formationenergy_search"",""raw_unit"":""eV"",""raw_value"":0.6229999999999998,""retrieved_at"":""2026-08-09T20:11:34.337867+00:00""}","[""scientific_context_not_reported_by_oqmd_endpoint""]",sha256:8c25dd4cdf90478c1f0a0d8ccae400ae907e746ef5df5fba25e3d11b067b00f2
bi2se3-topology,oqmd,1882385,Bi2Se3,energy_above_hull_eV,energy_above_convex_hull_per_atom,0.0,eV/atom,"{""code"":null,""corrections"":null,""dimensionality"":null,""functional"":null,""geometry_state"":null,""hubbard_u_eV"":null,""hull_construction"":null,""magnetic_configuration"":null,""method_family"":null,""pressure_GPa"":null,""reference_state"":null,""spin"":null,""strain_state"":null,""temperature_K"":null,""thermodynamic_ensemble"":null,""workflow"":null}","{""citation"":null,""native_field"":""stability"",""origin"":""oqmd_formationenergy_search"",""raw_unit"":""eV/atom"",""raw_value"":0.0,""retrieved_at"":""2026-08-09T20:11:34.337867+00:00""}","[""scientific_context_not_reported_by_oqmd_endpoint""]",sha256:8c25dd4cdf90478c1f0a0d8ccae400ae907e746ef5df5fba25e3d11b067b00f2
bi2se3-topology,oqmd,1882385,Bi2Se3,formation_energy_per_atom_eV,formation_energy_per_atom,-0.39611880599999977,eV/atom,"{""code"":null,""corrections"":null,""dimensionality"":null,""functional"":null,""geometry_state"":null,""hubbard_u_eV"":null,""magnetic_configuration"":null,""method_family"":null,""pressure_GPa"":null,""reference_state"":null,""spin"":null,""strain_state"":null,""temperature_K"":null,""workflow"":null}","{""citation"":null,""native_field"":""delta_e"",""origin"":""oqmd_formationenergy_search"",""raw_unit"":""eV/atom"",""raw_value"":-0.39611880599999977,""retrieved_at"":""2026-08-09T20:11:34.337867+00:00""}","[""scientific_context_not_reported_by_oqmd_endpoint""]",sha256:8c25dd4cdf90478c1f0a0d8ccae400ae907e746ef5df5fba25e3d11b067b00f2
bi2se3-topology,c2db,1Bi2Se3-1,Bi2Se3,band_gap_eV,electronic_band_gap,0.243,eV,"{""code"":null,""dimensionality"":""2D"",""functional"":""PBE"",""gap_character"":null,""gap_observable_level"":null,""geometry_state"":null,""hubbard_u_eV"":null,""magnetic_configuration"":null,""method_family"":""DFT"",""modality"":null,""pressure_GPa"":null,""relativity_method"":null,""soc"":true,""spin"":null,""strain_state"":null,""temperature_K"":null,""workflow"":null}","{""citation"":null,""endpoint"":""https://c2db.fysik.dtu.dk"",""evidence_source"":""c2db"",""evidence_source_id"":""1Bi2Se3-1"",""link"":""https://c2db.fysik.dtu.dk/material/1Bi2Se3-1"",""native_field"":""band_gap_pbe"",""native_semantic"":""c2db_ground_state_gap_with_soc"",""origin"":""c2db_summary"",""raw_unit"":""eV"",""raw_value"":""0.243"",""retrieved_at"":""2026-08-09T20:11:23.482157+00:00""}","[""workflow_and_code_not_reported_by_summary_record"",""source_contract_declares_soc_included"",""alternate_hse_gw_values_preserved_in_source_metadata""]",sha256:a016083c109346258bd54e2c4b83431d33bf754e66988cfc89ae1e7fb0f1a26c
bi2se3-topology,c2db,1Bi2Se3-1,Bi2Se3,energy_above_hull_eV,energy_above_convex_hull_per_atom,0.0,eV/atom,"{""code"":null,""corrections"":null,""dimensionality"":""2D"",""functional"":null,""geometry_state"":null,""hubbard_u_eV"":null,""hull_construction"":null,""magnetic_configuration"":null,""method_family"":""DFT"",""pressure_GPa"":null,""reference_state"":null,""spin"":null,""strain_state"":null,""temperature_K"":null,""thermodynamic_ensemble"":null,""workflow"":null}","{""citation"":null,""endpoint"":""https://c2db.fysik.dtu.dk"",""evidence_source"":""c2db"",""evidence_source_id"":""1Bi2Se3-1"",""link"":""https://c2db.fysik.dtu.dk/material/1Bi2Se3-1"",""native_field"":""energy_above_hull"",""native_semantic"":""source_reported_energy_above_hull_per_atom"",""origin"":""c2db_summary"",""raw_unit"":""eV/atom"",""raw_value"":""0.000"",""retrieved_at"":""2026-08-09T20:11:23.482157+00:00""}","[""hull_construction_and_reference_state_not_reported_by_summary_record""]",sha256:a016083c109346258bd54e2c4b83431d33bf754e66988cfc89ae1e7fb0f1a26c
bi2se3-topology,c2db,1Bi2Se3-1,Bi2Se3,heat_of_formation_per_atom_eV,heat_of_formation_per_atom,-0.389,eV/atom,"{""code"":null,""corrections"":null,""dimensionality"":""2D"",""functional"":null,""geometry_state"":null,""hubbard_u_eV"":null,""magnetic_configuration"":null,""method_family"":""DFT"",""pressure_GPa"":null,""reference_state"":null,""spin"":null,""strain_state"":null,""temperature_K"":null,""workflow"":null}","{""citation"":null,""endpoint"":""https://c2db.fysik.dtu.dk"",""evidence_source"":""c2db"",""evidence_source_id"":""1Bi2Se3-1"",""link"":""https://c2db.fysik.dtu.dk/material/1Bi2Se3-1"",""native_field"":""heat_of_formation"",""native_semantic"":""heat_of_formation_per_atom"",""origin"":""c2db_summary"",""raw_unit"":""eV/atom"",""raw_value"":""-0.389"",""retrieved_at"":""2026-08-09T20:11:23.482157+00:00""}","[""native_quantity_is_heat_of_formation_per_atom"",""reference_state_and_corrections_not_reported_by_summary_record""]",sha256:a016083c109346258bd54e2c4b83431d33bf754e66988cfc89ae1e7fb0f1a26c
bi2se3-topology,alexandria,agm068292080,Bi2Se3,band_gap_eV,electronic_band_gap,0.9272,eV,"{""code"":null,""dimensionality"":null,""functional"":null,""gap_character"":null,""gap_observable_level"":null,""geometry_state"":null,""hubbard_u_eV"":null,""magnetic_configuration"":null,""method_family"":null,""modality"":null,""pressure_GPa"":null,""relativity_method"":null,""soc"":null,""spin"":null,""strain_state"":null,""temperature_K"":null,""workflow"":null}","{""citation"":null,""endpoint"":""https://alexandria.icams.rub.de"",""evidence_source"":""alexandria"",""evidence_source_id"":""agm068292080"",""link"":""https://alexandria.icams.rub.de"",""native_field"":""band_gap_ind"",""origin"":""alexandria_public_website"",""raw_unit"":""eV"",""raw_value"":0.9272,""retrieved_at"":""2026-08-09T20:11:23.209950+00:00""}","[""functional_not_provided_by_public_website""]",sha256:aa5730d0ae16a38622dda35a2b0653b596bee07bb8a379f98c44c445d0440ab4
bi2se3-topology,alexandria,agm068292080,Bi2Se3,energy_above_hull_eV,energy_above_convex_hull_per_atom,0.0073837037,eV/atom,"{""code"":null,""corrections"":null,""dimensionality"":null,""functional"":null,""geometry_state"":null,""hubbard_u_eV"":null,""hull_construction"":null,""magnetic_configuration"":null,""method_family"":null,""pressure_GPa"":null,""reference_state"":null,""spin"":null,""strain_state"":null,""temperature_K"":null,""thermodynamic_ensemble"":null,""workflow"":null}","{""citation"":null,""endpoint"":""https://alexandria.icams.rub.de"",""evidence_source"":""alexandria"",""evidence_source_id"":""agm068292080"",""link"":""https://alexandria.icams.rub.de"",""native_field"":""e_above_hull"",""origin"":""alexandria_public_website"",""raw_unit"":""eV/atom"",""raw_value"":0.0073837037,""retrieved_at"":""2026-08-09T20:11:23.209950+00:00""}","[""functional_not_provided_by_public_website""]",sha256:aa5730d0ae16a38622dda35a2b0653b596bee07bb8a379f98c44c445d0440ab4
bi2se3-topology,nomad,2iyYoG0MvKAkPEuJ4eQK0_ym7ywt#band_gap=0,Bi2Se3,band_gap_eV,electronic_band_gap,0.1835,eV,"{""code"":""VASP"",""dimensionality"":""3D"",""functional"":[""HYB_GGA_XC_HSE06""],""gap_character"":null,""gap_observable_level"":""nomad_results_summary_normalizer_output"",""geometry_state"":null,""hubbard_u_eV"":null,""magnetic_configuration"":null,""method_family"":""DFT"",""modality"":null,""pressure_GPa"":null,""relativity_method"":null,""soc"":null,""spin"":{""source_channel_index"":0},""strain_state"":null,""temperature_K"":null,""workflow"":null}","{""calculation_binding"":""unresolved"",""citation"":null,""conversion"":{""divisor"":1.602176634e-19,""from_unit"":""J"",""to_unit"":""eV""},""endpoint"":""/entries/query"",""evidence_source"":""nomad"",""evidence_source_id"":""2iyYoG0MvKAkPEuJ4eQK0_ym7ywt#band_gap=0"",""native_field"":""results.properties.electronic.band_gap[0].value"",""origin"":""nomad_summary_aggregate"",""raw_unit"":""J"",""raw_value"":2.93999412338999e-20,""retrieved_at"":""2026-08-09T20:11:23.549417+00:00"",""selection"":{""status"":""only_source_observation""},""source_native_context"":{""index"":0}}","[""summary_band_gap_not_bound_to_specific_calculation"",""nomad_results_band_gap_is_normalizer_derived_with_source_detection_tolerance"",""summary_method_context_not_bound_to_specific_calculation""]",sha256:ba2e71fec35d664d80a333fc46254f13e13ed4bed2383fddaf0b9224a0e2239f
bi2se3-topology,aflow,aflowlib.duke.edu:AFLOWDATA/ICSD_WEB/ORC/Bi2Se3_ICSD_617093,Bi8Se12,band_gap_eV,electronic_band_gap,0.9733,eV,"{""code"":null,""dimensionality"":null,""functional"":null,""gap_character"":null,""gap_observable_level"":null,""geometry_state"":null,""hubbard_u_eV"":{""source_type"":0,""species"":[""Bi"",""Se""]},""magnetic_configuration"":null,""method_family"":""DFT"",""modality"":null,""pressure_GPa"":null,""relativity_method"":null,""soc"":null,""spin"":null,""strain_state"":null,""temperature_K"":null,""workflow"":""AFLOW automated calculation""}","{""citation"":null,""endpoint"":""https://aflow.org/API/aflux"",""evidence_source"":""aflow"",""evidence_source_id"":""aflowlib.duke.edu:AFLOWDATA/ICSD_WEB/ORC/Bi2Se3_ICSD_617093"",""link"":""https://aflowlib.duke.edu/AFLOWDATA/ICSD_WEB/ORC/Bi2Se3_ICSD_617093"",""native_field"":""Egap"",""native_semantic"":""electronic_band_gap"",""origin"":""aflow_aflux"",""raw_unit"":""eV"",""raw_value"":0.9733,""retrieved_at"":""2026-08-09T20:11:27.260249+00:00"",""source_native_method_context"":{""dft_type"":[""PAW_PBE""],""ldau_type"":0}}","[""code_functional_and_soc_are_not_canonicalized_from_the_aflux_record""]",sha256:baa057aab4bd85fe9b85c99fdd006279a7fa171c75c66731a792dbf5e98076b3
bi2se3-topology,aflow,aflowlib.duke.edu:AFLOWDATA/ICSD_WEB/ORC/Bi2Se3_ICSD_617093,Bi8Se12,formation_enthalpy_per_atom_eV,formation_enthalpy_per_atom,-0.369021,eV/atom,"{""code"":null,""corrections"":null,""dimensionality"":null,""functional"":null,""geometry_state"":null,""hubbard_u_eV"":{""source_type"":0,""species"":[""Bi"",""Se""]},""magnetic_configuration"":null,""method_family"":""DFT"",""pressure_GPa"":null,""reference_state"":null,""spin"":null,""strain_state"":null,""temperature_K"":null,""workflow"":""AFLOW automated calculation""}","{""citation"":null,""endpoint"":""https://aflow.org/API/aflux"",""evidence_source"":""aflow"",""evidence_source_id"":""aflowlib.duke.edu:AFLOWDATA/ICSD_WEB/ORC/Bi2Se3_ICSD_617093"",""link"":""https://aflowlib.duke.edu/AFLOWDATA/ICSD_WEB/ORC/Bi2Se3_ICSD_617093"",""native_field"":""enthalpy_formation_atom"",""native_semantic"":""formation_enthalpy_per_atom"",""origin"":""aflow_aflux"",""raw_unit"":""eV/atom"",""raw_value"":-0.369021,""retrieved_at"":""2026-08-09T20:11:27.260249+00:00"",""source_native_method_context"":{""dft_type"":[""PAW_PBE""],""ldau_type"":0}}","[""native_quantity_is_formation_enthalpy_per_atom"",""reference_state_and_corrections_not_reported_by_aflux_record"",""code_functional_and_soc_are_not_canonicalized_from_the_aflux_record""]",sha256:baa057aab4bd85fe9b85c99fdd006279a7fa171c75c66731a792dbf5e98076b3
bi2se3-topology,alexandria,agm003144792,Bi2Se3,band_gap_eV,electronic_band_gap,0.6038,eV,"{""code"":null,""dimensionality"":null,""functional"":null,""gap_character"":null,""gap_observable_level"":null,""geometry_state"":null,""hubbard_u_eV"":null,""magnetic_configuration"":null,""method_family"":null,""modality"":null,""pressure_GPa"":null,""relativity_method"":null,""soc"":null,""spin"":null,""strain_state"":null,""temperature_K"":null,""workflow"":null}","{""citation"":null,""endpoint"":""https://alexandria.icams.rub.de"",""evidence_source"":""alexandria"",""evidence_source_id"":""agm003144792"",""link"":""https://alexandria.icams.rub.de"",""native_field"":""band_gap_ind"",""origin"":""alexandria_public_website"",""raw_unit"":""eV"",""raw_value"":0.6038,""retrieved_at"":""2026-08-09T20:11:23.209860+00:00""}","[""functional_not_provided_by_public_website""]",sha256:babc4783c5be10a746205fa015c7fe187b2b2f17df60eeca332a3b76b1e203b4
bi2se3-topology,alexandria,agm003144792,Bi2Se3,energy_above_hull_eV,energy_above_convex_hull_per_atom,0.001046416,eV/atom,"{""code"":null,""corrections"":null,""dimensionality"":null,""functional"":null,""geometry_state"":null,""hubbard_u_eV"":null,""hull_construction"":null,""magnetic_configuration"":null,""method_family"":null,""pressure_GPa"":null,""reference_state"":null,""spin"":null,""strain_state"":null,""temperature_K"":null,""thermodynamic_ensemble"":null,""workflow"":null}","{""citation"":null,""endpoint"":""https://alexandria.icams.rub.de"",""evidence_source"":""alexandria"",""evidence_source_id"":""agm003144792"",""link"":""https://alexandria.icams.rub.de"",""native_field"":""e_above_hull"",""origin"":""alexandria_public_website"",""raw_unit"":""eV/atom"",""raw_value"":0.001046416,""retrieved_at"":""2026-08-09T20:11:23.209860+00:00""}","[""functional_not_provided_by_public_website""]",sha256:babc4783c5be10a746205fa015c7fe187b2b2f17df60eeca332a3b76b1e203b4
bi2se3-topology,materials_project,aaafbvsx,Bi2Se3,band_gap_eV,electronic_band_gap,0.5531999999999999,eV,"{""code"":null,""dimensionality"":null,""functional"":null,""gap_character"":null,""gap_observable_level"":null,""geometry_state"":null,""hubbard_u_eV"":null,""magnetic_configuration"":null,""method_family"":null,""modality"":null,""pressure_GPa"":null,""relativity_method"":null,""soc"":null,""spin"":null,""strain_state"":null,""temperature_K"":null,""workflow"":null}","{""citation"":null,""endpoint"":""/materials/summary/"",""evidence_source"":""materials_project"",""evidence_source_id"":""aaafbvsx"",""native_field"":""band_gap"",""origin"":""materials_project_summary"",""raw_unit"":""eV"",""raw_value"":0.5531999999999999,""retrieved_at"":""2026-08-09T20:11:32.594738+00:00"",""summary_property_origin"":{""last_updated"":""2022-06-09T19:16:21.802000Z"",""name"":""electronic_structure"",""task_id"":""aaafbvsx""},""summary_property_origin_candidates"":[{""last_updated"":""2022-06-09T19:16:21.802000Z"",""name"":""electronic_structure"",""task_id"":""aaafbvsx""}],""summary_property_origin_family"":""electronic_structure""}","[""scientific_context_not_reported_by_summary_endpoint""]",sha256:bae3189456d48cd212587ccf228d1a53fbaa6a4c3edd2b4b16e6ea0c6bb79a31
bi2se3-topology,materials_project,mp-541837,Bi2Se3,energy_above_hull_eV,energy_above_convex_hull_per_atom,0.0,eV/atom,"{""code"":null,""corrections"":null,""dimensionality"":null,""functional"":null,""geometry_state"":null,""hubbard_u_eV"":null,""hull_construction"":null,""magnetic_configuration"":null,""method_family"":null,""pressure_GPa"":null,""reference_state"":null,""spin"":null,""strain_state"":null,""temperature_K"":null,""thermodynamic_ensemble"":null,""workflow"":null}","{""citation"":null,""endpoint"":""/materials/summary/"",""evidence_source"":null,""evidence_source_id"":null,""native_field"":""energy_above_hull"",""origin"":""materials_project_summary"",""raw_unit"":""eV/atom"",""raw_value"":0.0,""retrieved_at"":""2026-08-09T20:11:32.594738+00:00"",""summary_property_origin"":null,""summary_property_origin_candidates"":[],""summary_property_origin_family"":""thermo""}","[""scientific_context_not_reported_by_summary_endpoint"",""summary_property_not_bound_to_calculation_task""]",sha256:bae3189456d48cd212587ccf228d1a53fbaa6a4c3edd2b4b16e6ea0c6bb79a31
bi2se3-topology,materials_project,mp-541837,Bi2Se3,formation_energy_per_atom_eV,formation_energy_per_atom,-0.4340769354375027,eV/atom,"{""code"":null,""corrections"":null,""dimensionality"":null,""functional"":null,""geometry_state"":null,""hubbard_u_eV"":null,""magnetic_configuration"":null,""method_family"":null,""pressure_GPa"":null,""reference_state"":null,""spin"":null,""strain_state"":null,""temperature_K"":null,""workflow"":null}","{""citation"":null,""endpoint"":""/materials/summary/"",""evidence_source"":null,""evidence_source_id"":null,""native_field"":""formation_energy_per_atom"",""origin"":""materials_project_summary"",""raw_unit"":""eV/atom"",""raw_value"":-0.4340769354375027,""retrieved_at"":""2026-08-09T20:11:32.594738+00:00"",""summary_property_origin"":null,""summary_property_origin_candidates"":[],""summary_property_origin_family"":""thermo""}","[""scientific_context_not_reported_by_summary_endpoint"",""summary_property_not_bound_to_calculation_task""]",sha256:bae3189456d48cd212587ccf228d1a53fbaa6a4c3edd2b4b16e6ea0c6bb79a31
bi2se3-topology,materials_project,mp-541837,Bi2Se3,is_stable,thermodynamic_stability_label,true,,"{""code"":null,""dimensionality"":null,""functional"":null,""geometry_state"":null,""hull_construction"":null,""magnetic_configuration"":null,""method_family"":null,""pressure_GPa"":null,""reference_state"":null,""spin"":null,""stability_definition"":""Materials Project SummaryDoc: true means the source-selected thermodynamic entry is a stable entry on the source phase-diagram convex hull"",""strain_state"":null,""temperature_K"":null,""thermodynamic_ensemble"":null,""workflow"":null}","{""citation"":null,""endpoint"":""/materials/summary/"",""evidence_source"":null,""evidence_source_id"":null,""native_field"":""is_stable"",""native_semantic"":""materials_project_summary_source_native_stability_label"",""origin"":""materials_project_summary"",""raw_unit"":null,""raw_value"":true,""retrieved_at"":""2026-08-09T20:11:32.594738+00:00"",""summary_property_origin"":null,""summary_property_origin_candidates"":[],""summary_property_origin_family"":""thermo""}","[""scientific_context_not_reported_by_summary_endpoint"",""summary_property_not_bound_to_calculation_task"",""source_definition_not_recomputed_by_matrouter"",""summary_stability_not_bound_to_exact_thermo_type_entry_set_or_energy_frame""]",sha256:bae3189456d48cd212587ccf228d1a53fbaa6a4c3edd2b4b16e6ea0c6bb79a31
bi2se3-topology,optimade:optimade.materialscloud.org/main/mc2d,8cafb985-d4ef-43fe-a6f7-c9050075b465,Bi2Se3,band_gap_eV,electronic_band_gap,0.945500566600397,eV,"{""code"":null,""dimensionality"":null,""functional"":null,""gap_character"":null,""gap_observable_level"":null,""geometry_state"":null,""hubbard_u_eV"":null,""magnetic_configuration"":null,""method_family"":null,""modality"":null,""pressure_GPa"":null,""relativity_method"":null,""soc"":null,""spin"":null,""strain_state"":null,""temperature_K"":null,""workflow"":null}","{""citation"":null,""contract"":""materials_cloud_mc2d_optimade_extension_v1"",""endpoint"":""https://optimade.materialscloud.org/main/mc2d"",""evidence_source"":""optimade:optimade.materialscloud.org/main/mc2d"",""evidence_source_id"":""8cafb985-d4ef-43fe-a6f7-c9050075b465"",""link"":""https://optimade.materialscloud.org/main/mc2d"",""native_description"":""Band gap of the material."",""native_field"":""_mcloud_band_gap"",""origin"":""optimade_provider_extension"",""raw_unit"":""eV"",""raw_value"":0.945500566600397,""retrieved_at"":""2026-08-09T20:11:27.742410+00:00""}","[""provider_extension_not_optimade_core_property"",""calculation_model_not_declared_by_provider_info"",""contract_limited_to_materials_cloud_mc2d""]",sha256:bdcaf06394fc75da3cedd4a02a1933e6e4ff053358c83fe2248511018a2ecbb7
bi2se3-topology,alexandria,agm002239450,Bi2Se3,band_gap_eV,electronic_band_gap,0.7939,eV,"{""code"":null,""dimensionality"":null,""functional"":null,""gap_character"":null,""gap_observable_level"":null,""geometry_state"":null,""hubbard_u_eV"":null,""magnetic_configuration"":null,""method_family"":null,""modality"":null,""pressure_GPa"":null,""relativity_method"":null,""soc"":null,""spin"":null,""strain_state"":null,""temperature_K"":null,""workflow"":null}","{""citation"":null,""endpoint"":""https://alexandria.icams.rub.de"",""evidence_source"":""alexandria"",""evidence_source_id"":""agm002239450"",""link"":""https://alexandria.icams.rub.de"",""native_field"":""band_gap_ind"",""origin"":""alexandria_public_website"",""raw_unit"":""eV"",""raw_value"":0.7939,""retrieved_at"":""2026-08-09T20:11:23.210029+00:00""}","[""functional_not_provided_by_public_website""]",sha256:c9304e082590f0e7e6baa489a835cb9926901f51595a37cca194428235bd1a0f
bi2se3-topology,alexandria,agm002239450,Bi2Se3,energy_above_hull_eV,energy_above_convex_hull_per_atom,0.059757326,eV/atom,"{""code"":null,""corrections"":null,""dimensionality"":null,""functional"":null,""geometry_state"":null,""hubbard_u_eV"":null,""hull_construction"":null,""magnetic_configuration"":null,""method_family"":null,""pressure_GPa"":null,""reference_state"":null,""spin"":null,""strain_state"":null,""temperature_K"":null,""thermodynamic_ensemble"":null,""workflow"":null}","{""citation"":null,""endpoint"":""https://alexandria.icams.rub.de"",""evidence_source"":""alexandria"",""evidence_source_id"":""agm002239450"",""link"":""https://alexandria.icams.rub.de"",""native_field"":""e_above_hull"",""origin"":""alexandria_public_website"",""raw_unit"":""eV/atom"",""raw_value"":0.059757326,""retrieved_at"":""2026-08-09T20:11:23.210029+00:00""}","[""functional_not_provided_by_public_website""]",sha256:c9304e082590f0e7e6baa489a835cb9926901f51595a37cca194428235bd1a0f
bi2se3-topology,alexandria,agm071491232,Bi2Se3,band_gap_eV,electronic_band_gap,1.1808,eV,"{""code"":null,""dimensionality"":null,""functional"":null,""gap_character"":null,""gap_observable_level"":null,""geometry_state"":null,""hubbard_u_eV"":null,""magnetic_configuration"":null,""method_family"":null,""modality"":null,""pressure_GPa"":null,""relativity_method"":null,""soc"":null,""spin"":null,""strain_state"":null,""temperature_K"":null,""workflow"":null}","{""citation"":null,""endpoint"":""https://alexandria.icams.rub.de"",""evidence_source"":""alexandria"",""evidence_source_id"":""agm071491232"",""link"":""https://alexandria.icams.rub.de"",""native_field"":""band_gap_ind"",""origin"":""alexandria_public_website"",""raw_unit"":""eV"",""raw_value"":1.1808,""retrieved_at"":""2026-08-09T20:11:23.210140+00:00""}","[""functional_not_provided_by_public_website""]",sha256:cfcee124cb212a984c2448e1a919c60a3b1876c798e71f0d3b1e1cfb58cd757e
bi2se3-topology,alexandria,agm071491232,Bi2Se3,energy_above_hull_eV,energy_above_convex_hull_per_atom,0.1301561,eV/atom,"{""code"":null,""corrections"":null,""dimensionality"":null,""functional"":null,""geometry_state"":null,""hubbard_u_eV"":null,""hull_construction"":null,""magnetic_configuration"":null,""method_family"":null,""pressure_GPa"":null,""reference_state"":null,""spin"":null,""strain_state"":null,""temperature_K"":null,""thermodynamic_ensemble"":null,""workflow"":null}","{""citation"":null,""endpoint"":""https://alexandria.icams.rub.de"",""evidence_source"":""alexandria"",""evidence_source_id"":""agm071491232"",""link"":""https://alexandria.icams.rub.de"",""native_field"":""e_above_hull"",""origin"":""alexandria_public_website"",""raw_unit"":""eV/atom"",""raw_value"":0.1301561,""retrieved_at"":""2026-08-09T20:11:23.210140+00:00""}","[""functional_not_provided_by_public_website""]",sha256:cfcee124cb212a984c2448e1a919c60a3b1876c798e71f0d3b1e1cfb58cd757e
bi2se3-topology,optimade:optimade.materialscloud.org/main/mc2d,fa97b494-eeab-4f0d-905c-4d55072dfa1f,Bi2Se3,band_gap_eV,electronic_band_gap,0.836180438006094,eV,"{""code"":null,""dimensionality"":null,""functional"":null,""gap_character"":null,""gap_observable_level"":null,""geometry_state"":null,""hubbard_u_eV"":null,""magnetic_configuration"":null,""method_family"":null,""modality"":null,""pressure_GPa"":null,""relativity_method"":null,""soc"":null,""spin"":null,""strain_state"":null,""temperature_K"":null,""workflow"":null}","{""citation"":null,""contract"":""materials_cloud_mc2d_optimade_extension_v1"",""endpoint"":""https://optimade.materialscloud.org/main/mc2d"",""evidence_source"":""optimade:optimade.materialscloud.org/main/mc2d"",""evidence_source_id"":""fa97b494-eeab-4f0d-905c-4d55072dfa1f"",""link"":""https://optimade.materialscloud.org/main/mc2d"",""native_description"":""Band gap of the material."",""native_field"":""_mcloud_band_gap"",""origin"":""optimade_provider_extension"",""raw_unit"":""eV"",""raw_value"":0.836180438006094,""retrieved_at"":""2026-08-09T20:11:27.742617+00:00""}","[""provider_extension_not_optimade_core_property"",""calculation_model_not_declared_by_provider_info"",""contract_limited_to_materials_cloud_mc2d""]",sha256:d543992ffed166a2c010698e5469b405b2f79d9fc12d2daa3be50ba1c9c2cb4a
bi2se3-topology,nomad,24N2oT_QN2imUg-1JptvPcZ2N29A#band_gap=0,Bi2Se3,band_gap_eV,electronic_band_gap,0.0,eV,"{""code"":""VASP"",""dimensionality"":""3D"",""functional"":[""GGA_C_PBE_SOL"",""GGA_X_PBE_SOL""],""gap_character"":null,""gap_observable_level"":""nomad_results_summary_normalizer_output"",""geometry_state"":null,""hubbard_u_eV"":null,""magnetic_configuration"":null,""method_family"":""DFT"",""modality"":null,""pressure_GPa"":null,""relativity_method"":null,""soc"":null,""spin"":{""source_channel_index"":0},""strain_state"":null,""temperature_K"":null,""workflow"":null}","{""calculation_binding"":""unresolved"",""citation"":null,""conversion"":{""divisor"":1.602176634e-19,""from_unit"":""J"",""to_unit"":""eV""},""endpoint"":""/entries/query"",""evidence_source"":""nomad"",""evidence_source_id"":""24N2oT_QN2imUg-1JptvPcZ2N29A#band_gap=0"",""native_field"":""results.properties.electronic.band_gap[0].value"",""origin"":""nomad_summary_aggregate"",""raw_unit"":""J"",""raw_value"":0.0,""retrieved_at"":""2026-08-09T20:11:23.549323+00:00"",""selection"":{""reason"":""multiple_source_observations"",""status"":""unselected""},""source_native_context"":{""index"":0}}","[""summary_band_gap_not_bound_to_specific_calculation"",""nomad_results_band_gap_is_normalizer_derived_with_source_detection_tolerance"",""summary_method_context_not_bound_to_specific_calculation"",""multiple_summary_band_gaps_preserved_without_primary""]",sha256:d9ba0faf830bb86755b1cbb98e3aeecd0e9f8383047ff38ee3f80f76ee7936b1
bi2se3-topology,nomad,24N2oT_QN2imUg-1JptvPcZ2N29A#band_gap=1,Bi2Se3,band_gap_eV,electronic_band_gap,0.0,eV,"{""code"":""VASP"",""dimensionality"":""3D"",""functional"":[""GGA_C_PBE_SOL"",""GGA_X_PBE_SOL""],""gap_character"":null,""gap_observable_level"":""nomad_results_summary_normalizer_output"",""geometry_state"":null,""hubbard_u_eV"":null,""magnetic_configuration"":null,""method_family"":""DFT"",""modality"":null,""pressure_GPa"":null,""relativity_method"":null,""soc"":null,""spin"":{""source_channel_index"":1},""strain_state"":null,""temperature_K"":null,""workflow"":null}","{""calculation_binding"":""unresolved"",""citation"":null,""conversion"":{""divisor"":1.602176634e-19,""from_unit"":""J"",""to_unit"":""eV""},""endpoint"":""/entries/query"",""evidence_source"":""nomad"",""evidence_source_id"":""24N2oT_QN2imUg-1JptvPcZ2N29A#band_gap=1"",""native_field"":""results.properties.electronic.band_gap[1].value"",""origin"":""nomad_summary_aggregate"",""raw_unit"":""J"",""raw_value"":0.0,""retrieved_at"":""2026-08-09T20:11:23.549323+00:00"",""selection"":{""reason"":""multiple_source_observations"",""status"":""unselected""},""source_native_context"":{""index"":1}}","[""summary_band_gap_not_bound_to_specific_calculation"",""nomad_results_band_gap_is_normalizer_derived_with_source_detection_tolerance"",""summary_method_context_not_bound_to_specific_calculation"",""multiple_summary_band_gaps_preserved_without_primary""]",sha256:d9ba0faf830bb86755b1cbb98e3aeecd0e9f8383047ff38ee3f80f76ee7936b1
bi2se3-topology,aflow,aflowlib.duke.edu:AFLOWDATA/ICSD_WEB/RHL/Bi2Se3_ICSD_617079,Bi2Se3,band_gap_eV,electronic_band_gap,0.3512,eV,"{""code"":null,""dimensionality"":null,""functional"":null,""gap_character"":null,""gap_observable_level"":null,""geometry_state"":null,""hubbard_u_eV"":{""source_type"":0,""species"":[""Bi"",""Se""]},""magnetic_configuration"":null,""method_family"":""DFT"",""modality"":null,""pressure_GPa"":null,""relativity_method"":null,""soc"":null,""spin"":null,""strain_state"":null,""temperature_K"":null,""workflow"":""AFLOW automated calculation""}","{""citation"":null,""endpoint"":""https://aflow.org/API/aflux"",""evidence_source"":""aflow"",""evidence_source_id"":""aflowlib.duke.edu:AFLOWDATA/ICSD_WEB/RHL/Bi2Se3_ICSD_617079"",""link"":""https://aflowlib.duke.edu/AFLOWDATA/ICSD_WEB/RHL/Bi2Se3_ICSD_617079"",""native_field"":""Egap"",""native_semantic"":""electronic_band_gap"",""origin"":""aflow_aflux"",""raw_unit"":""eV"",""raw_value"":0.3512,""retrieved_at"":""2026-08-09T20:11:29.217199+00:00"",""source_native_method_context"":{""dft_type"":[""PAW_PBE""],""ldau_type"":0}}","[""code_functional_and_soc_are_not_canonicalized_from_the_aflux_record""]",sha256:e32fde4ae36cbe820ab78819354ed1fe98110e8c160819ccf5abc7ae865fb931
bi2se3-topology,aflow,aflowlib.duke.edu:AFLOWDATA/ICSD_WEB/RHL/Bi2Se3_ICSD_617079,Bi2Se3,formation_enthalpy_per_atom_eV,formation_enthalpy_per_atom,-0.391925,eV/atom,"{""code"":null,""corrections"":null,""dimensionality"":null,""functional"":null,""geometry_state"":null,""hubbard_u_eV"":{""source_type"":0,""species"":[""Bi"",""Se""]},""magnetic_configuration"":null,""method_family"":""DFT"",""pressure_GPa"":null,""reference_state"":null,""spin"":null,""strain_state"":null,""temperature_K"":null,""workflow"":""AFLOW automated calculation""}","{""citation"":null,""endpoint"":""https://aflow.org/API/aflux"",""evidence_source"":""aflow"",""evidence_source_id"":""aflowlib.duke.edu:AFLOWDATA/ICSD_WEB/RHL/Bi2Se3_ICSD_617079"",""link"":""https://aflowlib.duke.edu/AFLOWDATA/ICSD_WEB/RHL/Bi2Se3_ICSD_617079"",""native_field"":""enthalpy_formation_atom"",""native_semantic"":""formation_enthalpy_per_atom"",""origin"":""aflow_aflux"",""raw_unit"":""eV/atom"",""raw_value"":-0.391925,""retrieved_at"":""2026-08-09T20:11:29.217199+00:00"",""source_native_method_context"":{""dft_type"":[""PAW_PBE""],""ldau_type"":0}}","[""native_quantity_is_formation_enthalpy_per_atom"",""reference_state_and_corrections_not_reported_by_aflux_record"",""code_functional_and_soc_are_not_canonicalized_from_the_aflux_record""]",sha256:e32fde4ae36cbe820ab78819354ed1fe98110e8c160819ccf5abc7ae865fb931
bi2se3-topology,nomad,5nzvAfvB7VRTxUqGuJGWTCLzthqL#band_gap=0,Bi2Se3,band_gap_eV,electronic_band_gap,0.0,eV,"{""code"":""VASP"",""dimensionality"":""3D"",""functional"":[""GGA_C_PBE_SOL"",""GGA_X_PBE_SOL""],""gap_character"":null,""gap_observable_level"":""nomad_results_summary_normalizer_output"",""geometry_state"":null,""hubbard_u_eV"":null,""magnetic_configuration"":null,""method_family"":""DFT"",""modality"":null,""pressure_GPa"":null,""relativity_method"":null,""soc"":null,""spin"":{""source_channel_index"":0},""strain_state"":null,""temperature_K"":null,""workflow"":null}","{""calculation_binding"":""unresolved"",""citation"":null,""conversion"":{""divisor"":1.602176634e-19,""from_unit"":""J"",""to_unit"":""eV""},""endpoint"":""/entries/query"",""evidence_source"":""nomad"",""evidence_source_id"":""5nzvAfvB7VRTxUqGuJGWTCLzthqL#band_gap=0"",""native_field"":""results.properties.electronic.band_gap[0].value"",""origin"":""nomad_summary_aggregate"",""raw_unit"":""J"",""raw_value"":0.0,""retrieved_at"":""2026-08-09T20:11:23.549541+00:00"",""selection"":{""reason"":""multiple_source_observations"",""status"":""unselected""},""source_native_context"":{""index"":0}}","[""summary_band_gap_not_bound_to_specific_calculation"",""nomad_results_band_gap_is_normalizer_derived_with_source_detection_tolerance"",""summary_method_context_not_bound_to_specific_calculation"",""multiple_summary_band_gaps_preserved_without_primary""]",sha256:e74299ce3d5e539af94a5075fea5260f831d1d9787fc830b723a41228f1528d3
bi2se3-topology,nomad,5nzvAfvB7VRTxUqGuJGWTCLzthqL#band_gap=1,Bi2Se3,band_gap_eV,electronic_band_gap,0.0,eV,"{""code"":""VASP"",""dimensionality"":""3D"",""functional"":[""GGA_C_PBE_SOL"",""GGA_X_PBE_SOL""],""gap_character"":null,""gap_observable_level"":""nomad_results_summary_normalizer_output"",""geometry_state"":null,""hubbard_u_eV"":null,""magnetic_configuration"":null,""method_family"":""DFT"",""modality"":null,""pressure_GPa"":null,""relativity_method"":null,""soc"":null,""spin"":{""source_channel_index"":1},""strain_state"":null,""temperature_K"":null,""workflow"":null}","{""calculation_binding"":""unresolved"",""citation"":null,""conversion"":{""divisor"":1.602176634e-19,""from_unit"":""J"",""to_unit"":""eV""},""endpoint"":""/entries/query"",""evidence_source"":""nomad"",""evidence_source_id"":""5nzvAfvB7VRTxUqGuJGWTCLzthqL#band_gap=1"",""native_field"":""results.properties.electronic.band_gap[1].value"",""origin"":""nomad_summary_aggregate"",""raw_unit"":""J"",""raw_value"":0.0,""retrieved_at"":""2026-08-09T20:11:23.549541+00:00"",""selection"":{""reason"":""multiple_source_observations"",""status"":""unselected""},""source_native_context"":{""index"":1}}","[""summary_band_gap_not_bound_to_specific_calculation"",""nomad_results_band_gap_is_normalizer_derived_with_source_detection_tolerance"",""summary_method_context_not_bound_to_specific_calculation"",""multiple_summary_band_gaps_preserved_without_primary""]",sha256:e74299ce3d5e539af94a5075fea5260f831d1d9787fc830b723a41228f1528d3
bi2se3-topology,aflow,aflowlib.duke.edu:AFLOWDATA/ICSD_WEB/TET/Bi2Se3_ICSD_617096,Bi16Se24,band_gap_eV,electronic_band_gap,0.555,eV,"{""code"":null,""dimensionality"":null,""functional"":null,""gap_character"":null,""gap_observable_level"":null,""geometry_state"":null,""hubbard_u_eV"":{""source_type"":0,""species"":[""Bi"",""Se""]},""magnetic_configuration"":null,""method_family"":""DFT"",""modality"":null,""pressure_GPa"":null,""relativity_method"":null,""soc"":null,""spin"":null,""strain_state"":null,""temperature_K"":null,""workflow"":""AFLOW automated calculation""}","{""citation"":null,""endpoint"":""https://aflow.org/API/aflux"",""evidence_source"":""aflow"",""evidence_source_id"":""aflowlib.duke.edu:AFLOWDATA/ICSD_WEB/TET/Bi2Se3_ICSD_617096"",""link"":""https://aflowlib.duke.edu/AFLOWDATA/ICSD_WEB/TET/Bi2Se3_ICSD_617096"",""native_field"":""Egap"",""native_semantic"":""electronic_band_gap"",""origin"":""aflow_aflux"",""raw_unit"":""eV"",""raw_value"":0.555,""retrieved_at"":""2026-08-09T20:11:25.067711+00:00"",""source_native_method_context"":{""dft_type"":[""PAW_PBE""],""ldau_type"":0}}","[""code_functional_and_soc_are_not_canonicalized_from_the_aflux_record""]",sha256:e9c9bef26f7963ff03f36d98a7ed389980fc31fadd20a938e0618b68ec48cc5a
bi2se3-topology,aflow,aflowlib.duke.edu:AFLOWDATA/ICSD_WEB/TET/Bi2Se3_ICSD_617096,Bi16Se24,formation_enthalpy_per_atom_eV,formation_enthalpy_per_atom,-0.253121,eV/atom,"{""code"":null,""corrections"":null,""dimensionality"":null,""functional"":null,""geometry_state"":null,""hubbard_u_eV"":{""source_type"":0,""species"":[""Bi"",""Se""]},""magnetic_configuration"":null,""method_family"":""DFT"",""pressure_GPa"":null,""reference_state"":null,""spin"":null,""strain_state"":null,""temperature_K"":null,""workflow"":""AFLOW automated calculation""}","{""citation"":null,""endpoint"":""https://aflow.org/API/aflux"",""evidence_source"":""aflow"",""evidence_source_id"":""aflowlib.duke.edu:AFLOWDATA/ICSD_WEB/TET/Bi2Se3_ICSD_617096"",""link"":""https://aflowlib.duke.edu/AFLOWDATA/ICSD_WEB/TET/Bi2Se3_ICSD_617096"",""native_field"":""enthalpy_formation_atom"",""native_semantic"":""formation_enthalpy_per_atom"",""origin"":""aflow_aflux"",""raw_unit"":""eV/atom"",""raw_value"":-0.253121,""retrieved_at"":""2026-08-09T20:11:25.067711+00:00"",""source_native_method_context"":{""dft_type"":[""PAW_PBE""],""ldau_type"":0}}","[""native_quantity_is_formation_enthalpy_per_atom"",""reference_state_and_corrections_not_reported_by_aflux_record"",""code_functional_and_soc_are_not_canonicalized_from_the_aflux_record""]",sha256:e9c9bef26f7963ff03f36d98a7ed389980fc31fadd20a938e0618b68ec48cc5a
bi2se3-topology,optimade:optimade.materialscloud.org/main/mc2d,ba619d2c-21a8-4a19-bbfa-3944ff086017,Bi2Se3,band_gap_eV,electronic_band_gap,1.187089109188,eV,"{""code"":null,""dimensionality"":null,""functional"":null,""gap_character"":null,""gap_observable_level"":null,""geometry_state"":null,""hubbard_u_eV"":null,""magnetic_configuration"":null,""method_family"":null,""modality"":null,""pressure_GPa"":null,""relativity_method"":null,""soc"":null,""spin"":null,""strain_state"":null,""temperature_K"":null,""workflow"":null}","{""citation"":null,""contract"":""materials_cloud_mc2d_optimade_extension_v1"",""endpoint"":""https://optimade.materialscloud.org/main/mc2d"",""evidence_source"":""optimade:optimade.materialscloud.org/main/mc2d"",""evidence_source_id"":""ba619d2c-21a8-4a19-bbfa-3944ff086017"",""link"":""https://optimade.materialscloud.org/main/mc2d"",""native_description"":""Band gap of the material."",""native_field"":""_mcloud_band_gap"",""origin"":""optimade_provider_extension"",""raw_unit"":""eV"",""raw_value"":1.187089109188,""retrieved_at"":""2026-08-09T20:11:27.742550+00:00""}","[""provider_extension_not_optimade_core_property"",""calculation_model_not_declared_by_provider_info"",""contract_limited_to_materials_cloud_mc2d""]",sha256:f8b6a07354957e9c6ee12de30c28ed041b3a7429523e9d5055d496820971372a
